{
"type": "FeatureCollection",
"name": "merged",
"xy_coordinate_resolution": 1e-05,
"features": [
{ "type": "Feature", "properties": { "lake": "Amherst", "depth": 75 }, "geometry": { "type": "LineString", "coordinates": [ [ -72.70413, 43.48516 ], [ -72.70437, 43.48513 ], [ -72.705, 43.48598 ], [ -72.7042, 43.48762 ], [ -72.70388, 43.488 ], [ -72.70352, 43.48807 ], [ -72.70326, 43.48726 ], [ -72.70325, 43.48621 ], [ -72.70354, 43.48591 ], [ -72.70382, 43.48522 ], [ -72.70413, 43.48516 ] ] } },
{ "type": "Feature", "properties": { "lake": "Amherst", "depth": 50 }, "geometry": { "type": "LineString", "coordinates": [ [ -72.70381, 43.48361 ], [ -72.70412, 43.48379 ], [ -72.70433, 43.48426 ], [ -72.70495, 43.48488 ], [ -72.70525, 43.48495 ], [ -72.7052, 43.48521 ], [ -72.70552, 43.48575 ], [ -72.7055, 43.48608 ], [ -72.70507, 43.48695 ], [ -72.70526, 43.48746 ], [ -72.70518, 43.48789 ], [ -72.70442, 43.4887 ], [ -72.70393, 43.48874 ], [ -72.70312, 43.48847 ], [ -72.70267, 43.48769 ], [ -72.70281, 43.48762 ], [ -72.70268, 43.48707 ], [ -72.70284, 43.48686 ], [ -72.70294, 43.48616 ], [ -72.70398, 43.48414 ], [ -72.7037, 43.4838 ], [ -72.70381, 43.48361 ] ] } },
{ "type": "Feature", "properties": { "lake": "Amherst", "depth": 50 }, "geometry": { "type": "LineString", "coordinates": [ [ -72.7023, 43.48092 ], [ -72.70259, 43.48091 ], [ -72.70324, 43.48132 ], [ -72.70354, 43.48182 ], [ -72.70337, 43.48228 ], [ -72.70291, 43.4821 ], [ -72.70257, 43.48219 ], [ -72.70192, 43.48194 ], [ -72.70173, 43.48171 ], [ -72.70187, 43.48124 ], [ -72.7023, 43.48092 ] ] } },
{ "type": "Feature", "properties": { "lake": "Amherst", "depth": 30 }, "geometry": { "type": "LineString", "coordinates": [ [ -72.70205, 43.48069 ], [ -72.70273, 43.4807 ], [ -72.70361, 43.48133 ], [ -72.70393, 43.48203 ], [ -72.70389, 43.48273 ], [ -72.70423, 43.48313 ], [ -72.70444, 43.4839 ], [ -72.7055, 43.48486 ], [ -72.70594, 43.48566 ], [ -72.70576, 43.48638 ], [ -72.70545, 43.48649 ], [ -72.70558, 43.4866 ], [ -72.7056, 43.48715 ], [ -72.7062, 43.48778 ], [ -72.70638, 43.48826 ], [ -72.70632, 43.48882 ], [ -72.70601, 43.48925 ], [ -72.70571, 43.48923 ], [ -72.705, 43.48882 ], [ -72.7043, 43.48909 ], [ -72.70352, 43.48905 ], [ -72.70305, 43.48874 ], [ -72.70275, 43.48829 ], [ -72.70256, 43.48715 ], [ -72.70268, 43.48616 ], [ -72.70329, 43.48501 ], [ -72.70336, 43.48392 ], [ -72.70312, 43.48341 ], [ -72.70336, 43.48271 ], [ -72.70317, 43.48234 ], [ -72.70217, 43.48219 ], [ -72.70155, 43.48178 ], [ -72.70166, 43.48098 ], [ -72.70205, 43.48069 ] ] } },
{ "type": "Feature", "properties": { "lake": "Amherst", "depth": 20 }, "geometry": { "type": "LineString", "coordinates": [ [ -72.70304, 43.48042 ], [ -72.70349, 43.48047 ], [ -72.70356, 43.48102 ], [ -72.70412, 43.48193 ], [ -72.70407, 43.48229 ], [ -72.70488, 43.48357 ], [ -72.70493, 43.48382 ], [ -72.70476, 43.48405 ], [ -72.70525, 43.4844 ], [ -72.70564, 43.48511 ], [ -72.70601, 43.48543 ], [ -72.70601, 43.48659 ], [ -72.70583, 43.48691 ], [ -72.7059, 43.48715 ], [ -72.70664, 43.48777 ], [ -72.70684, 43.48851 ], [ -72.70627, 43.48948 ], [ -72.70564, 43.48952 ], [ -72.70537, 43.48911 ], [ -72.70507, 43.48906 ], [ -72.70476, 43.48906 ], [ -72.70456, 43.48924 ], [ -72.70356, 43.48925 ], [ -72.7026, 43.48851 ], [ -72.70254, 43.48781 ], [ -72.70231, 43.4875 ], [ -72.70255, 43.48699 ], [ -72.70257, 43.48617 ], [ -72.70286, 43.48536 ], [ -72.70318, 43.48505 ], [ -72.70311, 43.48458 ], [ -72.70329, 43.48404 ], [ -72.70312, 43.48392 ], [ -72.70317, 43.48361 ], [ -72.703, 43.48326 ], [ -72.70318, 43.48248 ], [ -72.70217, 43.48228 ], [ -72.70166, 43.48202 ], [ -72.70148, 43.48182 ], [ -72.70146, 43.48135 ], [ -72.70166, 43.48081 ], [ -72.70206, 43.48053 ], [ -72.7028, 43.48062 ], [ -72.70304, 43.48042 ] ] } },
{ "type": "Feature", "properties": { "lake": "Amherst", "depth": 10 }, "geometry": { "type": "LineString", "coordinates": [ [ -72.70299, 43.48014 ], [ -72.70368, 43.48029 ], [ -72.70387, 43.48119 ], [ -72.705, 43.48359 ], [ -72.7049, 43.48407 ], [ -72.70518, 43.48415 ], [ -72.70613, 43.48548 ], [ -72.7064, 43.48719 ], [ -72.70696, 43.48772 ], [ -72.70733, 43.48857 ], [ -72.70726, 43.4889 ], [ -72.70699, 43.48893 ], [ -72.70696, 43.48919 ], [ -72.70678, 43.48928 ], [ -72.70671, 43.4899 ], [ -72.70588, 43.48995 ], [ -72.70553, 43.48976 ], [ -72.70544, 43.48934 ], [ -72.70518, 43.48922 ], [ -72.70412, 43.48957 ], [ -72.70331, 43.48945 ], [ -72.7025, 43.48858 ], [ -72.70235, 43.48769 ], [ -72.70217, 43.4875 ], [ -72.70242, 43.48695 ], [ -72.70236, 43.48635 ], [ -72.70318, 43.48407 ], [ -72.70293, 43.48361 ], [ -72.70304, 43.48252 ], [ -72.70166, 43.48219 ], [ -72.70136, 43.48191 ], [ -72.70129, 43.48147 ], [ -72.70148, 43.48081 ], [ -72.70166, 43.48066 ], [ -72.70199, 43.48043 ], [ -72.70273, 43.48043 ], [ -72.70299, 43.48014 ] ] } },
{ "type": "Feature", "properties": { "lake": "Amherst", "depth": 5 }, "geometry": { "type": "LineString", "coordinates": [ [ -72.7033, 43.47999 ], [ -72.70349, 43.47998 ], [ -72.70372, 43.48023 ], [ -72.70394, 43.48119 ], [ -72.705, 43.48341 ], [ -72.70508, 43.48384 ], [ -72.70495, 43.48402 ], [ -72.70525, 43.48416 ], [ -72.7062, 43.48549 ], [ -72.70648, 43.48716 ], [ -72.70715, 43.48783 ], [ -72.7076, 43.48874 ], [ -72.70682, 43.49 ], [ -72.7059, 43.49014 ], [ -72.70571, 43.49038 ], [ -72.70571, 43.49011 ], [ -72.70533, 43.48972 ], [ -72.70532, 43.48938 ], [ -72.70495, 43.48933 ], [ -72.70481, 43.48951 ], [ -72.70372, 43.48974 ], [ -72.70319, 43.48948 ], [ -72.70243, 43.48857 ], [ -72.7023, 43.48769 ], [ -72.70213, 43.48754 ], [ -72.7024, 43.48684 ], [ -72.70236, 43.48616 ], [ -72.70299, 43.48423 ], [ -72.70286, 43.48322 ], [ -72.70298, 43.48258 ], [ -72.70155, 43.48217 ], [ -72.70129, 43.48191 ], [ -72.70123, 43.48143 ], [ -72.70162, 43.48056 ], [ -72.70199, 43.48038 ], [ -72.70273, 43.4804 ], [ -72.70301, 43.48004 ], [ -72.7033, 43.47999 ] ] } },
{ "type": "Feature", "properties": { "lake": "Bald Hill", "depth": 30 }, "geometry": { "type": "LineString", "coordinates": [ [ -71.97573, 44.73748 ], [ -71.97708, 44.73759 ], [ -71.97724, 44.73787 ], [ -71.97772, 44.73801 ], [ -71.97794, 44.73849 ], [ -71.97884, 44.7393 ], [ -71.97904, 44.73971 ], [ -71.97894, 44.7402 ], [ -71.97906, 44.74054 ], [ -71.97878, 44.74107 ], [ -71.97811, 44.74145 ], [ -71.97744, 44.74105 ], [ -71.97716, 44.7406 ], [ -71.9766, 44.74028 ], [ -71.9757, 44.7392 ], [ -71.97522, 44.7389 ], [ -71.97506, 44.73851 ], [ -71.9747, 44.73838 ], [ -71.97498, 44.73778 ], [ -71.97526, 44.73779 ], [ -71.97573, 44.73748 ] ] } },
{ "type": "Feature", "properties": { "lake": "Bald Hill", "depth": 20 }, "geometry": { "type": "LineString", "coordinates": [ [ -71.97578, 44.73649 ], [ -71.97682, 44.73648 ], [ -71.97741, 44.73683 ], [ -71.97769, 44.73727 ], [ -71.97833, 44.73762 ], [ -71.97875, 44.73818 ], [ -71.97905, 44.73831 ], [ -71.97937, 44.73898 ], [ -71.97981, 44.73937 ], [ -71.97973, 44.74026 ], [ -71.97962, 44.74029 ], [ -71.97979, 44.74054 ], [ -71.9795, 44.74131 ], [ -71.97968, 44.74193 ], [ -71.97948, 44.74225 ], [ -71.97878, 44.74252 ], [ -71.97809, 44.74243 ], [ -71.97744, 44.74187 ], [ -71.97699, 44.74091 ], [ -71.97615, 44.74029 ], [ -71.97601, 44.74 ], [ -71.97464, 44.73934 ], [ -71.97403, 44.73869 ], [ -71.97386, 44.73794 ], [ -71.97403, 44.73755 ], [ -71.97495, 44.73707 ], [ -71.97509, 44.73673 ], [ -71.97578, 44.73649 ] ] } },
{ "type": "Feature", "properties": { "lake": "Bald Hill", "depth": 10 }, "geometry": { "type": "LineString", "coordinates": [ [ -71.97624, 44.73584 ], [ -71.97708, 44.73592 ], [ -71.97747, 44.73612 ], [ -71.97912, 44.73788 ], [ -71.97968, 44.73801 ], [ -71.9797, 44.73826 ], [ -71.9803, 44.73878 ], [ -71.98056, 44.73977 ], [ -71.98049, 44.73989 ], [ -71.98044, 44.73983 ], [ -71.98031, 44.73983 ], [ -71.9805, 44.73998 ], [ -71.9803, 44.74054 ], [ -71.98055, 44.7411 ], [ -71.9805, 44.74165 ], [ -71.98069, 44.74178 ], [ -71.9807, 44.74209 ], [ -71.98018, 44.74284 ], [ -71.97948, 44.74308 ], [ -71.9785, 44.7431 ], [ -71.97735, 44.74274 ], [ -71.97708, 44.74211 ], [ -71.97649, 44.74198 ], [ -71.97626, 44.7416 ], [ -71.97565, 44.74135 ], [ -71.97526, 44.74094 ], [ -71.97531, 44.74068 ], [ -71.97508, 44.74032 ], [ -71.97403, 44.7398 ], [ -71.97369, 44.7394 ], [ -71.97376, 44.73893 ], [ -71.97318, 44.73801 ], [ -71.9738, 44.73741 ], [ -71.97389, 44.73682 ], [ -71.97414, 44.73643 ], [ -71.97587, 44.73606 ], [ -71.97624, 44.73584 ] ] } },
{ "type": "Feature", "properties": { "lake": "Bald Hill", "depth": 5 }, "geometry": { "type": "LineString", "coordinates": [ [ -71.97634, 44.7355 ], [ -71.97727, 44.73559 ], [ -71.978, 44.73641 ], [ -71.97828, 44.73649 ], [ -71.97887, 44.73717 ], [ -71.97917, 44.73732 ], [ -71.97945, 44.73779 ], [ -71.98025, 44.73831 ], [ -71.98074, 44.73899 ], [ -71.9808, 44.74014 ], [ -71.98046, 44.74057 ], [ -71.981, 44.74277 ], [ -71.98038, 44.74331 ], [ -71.97867, 44.74378 ], [ -71.97794, 44.74373 ], [ -71.97761, 44.74337 ], [ -71.97767, 44.74311 ], [ -71.9773, 44.74296 ], [ -71.97678, 44.74212 ], [ -71.9764, 44.74207 ], [ -71.97472, 44.74082 ], [ -71.97405, 44.74106 ], [ -71.97389, 44.74094 ], [ -71.97377, 44.7406 ], [ -71.97389, 44.74047 ], [ -71.97402, 44.74057 ], [ -71.974, 44.74042 ], [ -71.97352, 44.73989 ], [ -71.97367, 44.73893 ], [ -71.97307, 44.73804 ], [ -71.9738, 44.7373 ], [ -71.97376, 44.73652 ], [ -71.97394, 44.73618 ], [ -71.97459, 44.73581 ], [ -71.97481, 44.7359 ], [ -71.97634, 44.7355 ] ] } },
{ "type": "Feature", "properties": { "lake": "Brownington", "depth": 30 }, "geometry": { "type": "LineString", "coordinates": [ [ -72.14738, 44.87802 ], [ -72.14841, 44.87847 ], [ -72.14857, 44.8788 ], [ -72.14849, 44.87904 ], [ -72.14753, 44.87904 ], [ -72.14679, 44.87878 ], [ -72.14661, 44.87842 ], [ -72.14738, 44.87802 ] ] } },
{ "type": "Feature", "properties": { "lake": "Brownington", "depth": 20 }, "geometry": { "type": "LineString", "coordinates": [ [ -72.14663, 44.87681 ], [ -72.1481, 44.87681 ], [ -72.14884, 44.877 ], [ -72.14992, 44.87752 ], [ -72.1502, 44.87814 ], [ -72.14993, 44.87842 ], [ -72.14992, 44.87866 ], [ -72.14949, 44.8789 ], [ -72.14932, 44.87923 ], [ -72.14813, 44.87963 ], [ -72.14786, 44.88005 ], [ -72.14721, 44.87989 ], [ -72.14643, 44.87994 ], [ -72.14553, 44.87969 ], [ -72.14462, 44.87866 ], [ -72.14454, 44.87842 ], [ -72.14471, 44.8779 ], [ -72.14508, 44.87745 ], [ -72.14558, 44.87731 ], [ -72.14553, 44.87714 ], [ -72.14663, 44.87681 ] ] } },
{ "type": "Feature", "properties": { "lake": "Brownington", "depth": 10 }, "geometry": { "type": "LineString", "coordinates": [ [ -72.14489, 44.87573 ], [ -72.14712, 44.87586 ], [ -72.1491, 44.8766 ], [ -72.14993, 44.87663 ], [ -72.15066, 44.87689 ], [ -72.15126, 44.87733 ], [ -72.15094, 44.87762 ], [ -72.15105, 44.87781 ], [ -72.15138, 44.87783 ], [ -72.15138, 44.87859 ], [ -72.15068, 44.87909 ], [ -72.15064, 44.87931 ], [ -72.15021, 44.87967 ], [ -72.14937, 44.88014 ], [ -72.14855, 44.88043 ], [ -72.14798, 44.88045 ], [ -72.14729, 44.88077 ], [ -72.14639, 44.88058 ], [ -72.14492, 44.88058 ], [ -72.14423, 44.88031 ], [ -72.14344, 44.87949 ], [ -72.14317, 44.87892 ], [ -72.14291, 44.87878 ], [ -72.14291, 44.87816 ], [ -72.14341, 44.87743 ], [ -72.14363, 44.87674 ], [ -72.14408, 44.87629 ], [ -72.1441, 44.87606 ], [ -72.14489, 44.87573 ] ] } },
{ "type": "Feature", "properties": { "lake": "Brownington", "depth": 5 }, "geometry": { "type": "LineString", "coordinates": [ [ -72.14461, 44.87535 ], [ -72.14512, 44.87535 ], [ -72.14528, 44.87559 ], [ -72.14557, 44.87541 ], [ -72.14749, 44.87564 ], [ -72.14758, 44.87589 ], [ -72.14802, 44.87579 ], [ -72.14886, 44.87615 ], [ -72.14957, 44.87611 ], [ -72.14986, 44.87636 ], [ -72.15011, 44.8763 ], [ -72.15015, 44.87649 ], [ -72.15036, 44.87618 ], [ -72.1508, 44.87617 ], [ -72.15184, 44.87674 ], [ -72.15227, 44.87788 ], [ -72.15209, 44.8779 ], [ -72.15194, 44.87816 ], [ -72.15208, 44.87833 ], [ -72.15191, 44.87835 ], [ -72.15202, 44.87852 ], [ -72.15184, 44.87854 ], [ -72.15154, 44.87905 ], [ -72.1514, 44.87899 ], [ -72.15146, 44.87915 ], [ -72.15103, 44.87925 ], [ -72.15072, 44.87969 ], [ -72.15031, 44.87962 ], [ -72.15044, 44.87975 ], [ -72.15035, 44.87994 ], [ -72.14993, 44.87989 ], [ -72.1499, 44.88063 ], [ -72.14778, 44.88077 ], [ -72.14757, 44.88095 ], [ -72.14725, 44.88096 ], [ -72.14663, 44.88089 ], [ -72.14639, 44.8807 ], [ -72.14447, 44.88057 ], [ -72.14365, 44.88007 ], [ -72.14308, 44.87911 ], [ -72.14246, 44.87871 ], [ -72.14264, 44.87868 ], [ -72.14245, 44.87835 ], [ -72.14281, 44.8775 ], [ -72.14275, 44.87632 ], [ -72.14308, 44.87617 ], [ -72.14318, 44.87592 ], [ -72.14461, 44.87535 ] ] } },
{ "type": "Feature", "properties": { "lake": "Burr (Sudbry)", "depth": 10 }, "geometry": { "type": "LineString", "coordinates": [ [ -73.18441, 43.76363 ], [ -73.1852, 43.76414 ], [ -73.1857, 43.76425 ], [ -73.18597, 43.76458 ], [ -73.18608, 43.76495 ], [ -73.18599, 43.76574 ], [ -73.18622, 43.76617 ], [ -73.18618, 43.76648 ], [ -73.18648, 43.76668 ], [ -73.18647, 43.76707 ], [ -73.18623, 43.76711 ], [ -73.18607, 43.76738 ], [ -73.18514, 43.76766 ], [ -73.18404, 43.76767 ], [ -73.18332, 43.76821 ], [ -73.18303, 43.76815 ], [ -73.18293, 43.76786 ], [ -73.18249, 43.76763 ], [ -73.1808, 43.7677 ], [ -73.18037, 43.76743 ], [ -73.18009, 43.76692 ], [ -73.18017, 43.76585 ], [ -73.18078, 43.76503 ], [ -73.18081, 43.76444 ], [ -73.18124, 43.76438 ], [ -73.18264, 43.76367 ], [ -73.18407, 43.76374 ], [ -73.18441, 43.76363 ] ] } },
{ "type": "Feature", "properties": { "lake": "Burr (Sudbry)", "depth": 5 }, "geometry": { "type": "LineString", "coordinates": [ [ -73.18294, 43.76275 ], [ -73.18312, 43.76291 ], [ -73.18393, 43.76296 ], [ -73.18409, 43.76314 ], [ -73.18551, 43.76315 ], [ -73.18604, 43.76387 ], [ -73.18671, 43.76434 ], [ -73.18673, 43.7646 ], [ -73.18655, 43.76464 ], [ -73.18686, 43.76481 ], [ -73.18686, 43.76509 ], [ -73.18704, 43.76517 ], [ -73.18687, 43.7654 ], [ -73.18705, 43.76564 ], [ -73.18686, 43.76601 ], [ -73.18736, 43.76654 ], [ -73.18709, 43.76668 ], [ -73.18691, 43.76715 ], [ -73.18596, 43.76766 ], [ -73.18433, 43.76804 ], [ -73.18343, 43.76843 ], [ -73.1827, 43.76815 ], [ -73.18274, 43.7679 ], [ -73.18241, 43.76771 ], [ -73.18086, 43.76788 ], [ -73.18011, 43.76751 ], [ -73.17978, 43.76688 ], [ -73.17987, 43.76631 ], [ -73.17974, 43.76599 ], [ -73.18004, 43.76556 ], [ -73.17993, 43.76544 ], [ -73.18056, 43.76493 ], [ -73.18054, 43.76471 ], [ -73.18006, 43.76424 ], [ -73.18028, 43.76397 ], [ -73.18025, 43.76375 ], [ -73.18067, 43.76348 ], [ -73.18092, 43.76355 ], [ -73.1818, 43.76328 ], [ -73.18196, 43.76293 ], [ -73.18286, 43.76296 ], [ -73.18294, 43.76275 ] ] } },
{ "type": "Feature", "properties": { "lake": "Carmi", "depth": 10 }, "geometry": { "type": "LineString", "coordinates": [ [ -72.88714, 44.96667 ], [ -72.8867, 44.96696 ], [ -72.88644, 44.9676 ], [ -72.88686, 44.96753 ], [ -72.88738, 44.96708 ], [ -72.88736, 44.96671 ], [ -72.88714, 44.96667 ] ] } },
{ "type": "Feature", "properties": { "lake": "Carmi", "depth": 30 }, "geometry": { "type": "LineString", "coordinates": [ [ -72.88026, 44.96671 ], [ -72.88092, 44.96671 ], [ -72.88118, 44.96721 ], [ -72.88107, 44.96856 ], [ -72.88051, 44.96992 ], [ -72.88056, 44.97066 ], [ -72.87878, 44.97486 ], [ -72.87839, 44.97548 ], [ -72.87794, 44.97573 ], [ -72.87766, 44.97642 ], [ -72.8771, 44.97704 ], [ -72.87427, 44.97893 ], [ -72.87229, 44.97938 ], [ -72.87182, 44.97968 ], [ -72.87175, 44.97993 ], [ -72.87115, 44.98013 ], [ -72.87101, 44.98002 ], [ -72.87101, 44.9802 ], [ -72.86974, 44.98056 ], [ -72.86804, 44.98067 ], [ -72.86762, 44.98098 ], [ -72.86719, 44.98094 ], [ -72.86677, 44.98132 ], [ -72.86502, 44.98128 ], [ -72.86557, 44.98091 ], [ -72.86528, 44.98067 ], [ -72.86545, 44.9803 ], [ -72.86563, 44.98032 ], [ -72.86584, 44.98005 ], [ -72.86629, 44.97993 ], [ -72.86634, 44.97974 ], [ -72.86804, 44.97885 ], [ -72.86832, 44.97872 ], [ -72.86846, 44.97887 ], [ -72.86861, 44.97861 ], [ -72.86974, 44.97801 ], [ -72.86988, 44.97767 ], [ -72.87045, 44.97766 ], [ -72.87086, 44.97721 ], [ -72.87071, 44.97709 ], [ -72.87101, 44.97716 ], [ -72.87144, 44.97689 ], [ -72.87158, 44.97659 ], [ -72.87186, 44.97663 ], [ -72.87194, 44.97585 ], [ -72.87225, 44.97536 ], [ -72.87177, 44.97499 ], [ -72.8719, 44.97412 ], [ -72.87271, 44.97388 ], [ -72.87254, 44.97363 ], [ -72.87267, 44.9735 ], [ -72.87259, 44.97338 ], [ -72.87285, 44.9733 ], [ -72.87351, 44.97363 ], [ -72.87383, 44.97412 ], [ -72.87413, 44.97401 ], [ -72.87524, 44.97239 ], [ -72.8755, 44.97227 ], [ -72.87556, 44.9719 ], [ -72.87605, 44.9714 ], [ -72.87625, 44.97085 ], [ -72.87699, 44.9698 ], [ -72.87738, 44.96954 ], [ -72.87785, 44.96869 ], [ -72.87837, 44.96834 ], [ -72.87851, 44.968 ], [ -72.87938, 44.96733 ], [ -72.8795, 44.96704 ], [ -72.88026, 44.96671 ] ] } },
{ "type": "Feature", "properties": { "lake": "Carmi", "depth": 20 }, "geometry": { "type": "LineString", "coordinates": [ [ -72.88517, 44.95844 ], [ -72.887, 44.95887 ], [ -72.88955, 44.95913 ], [ -72.89026, 44.95936 ], [ -72.89055, 44.96103 ], [ -72.88955, 44.96293 ], [ -72.88914, 44.96325 ], [ -72.88856, 44.96434 ], [ -72.88789, 44.96511 ], [ -72.88755, 44.96585 ], [ -72.88689, 44.96634 ], [ -72.88631, 44.96721 ], [ -72.88629, 44.96746 ], [ -72.88601, 44.96758 ], [ -72.88601, 44.96788 ], [ -72.88509, 44.96856 ], [ -72.8849, 44.96918 ], [ -72.88494, 44.96968 ], [ -72.88504, 44.97029 ], [ -72.88532, 44.97042 ], [ -72.88509, 44.97066 ], [ -72.88512, 44.97116 ], [ -72.8846, 44.97233 ], [ -72.88437, 44.97252 ], [ -72.88431, 44.97315 ], [ -72.88402, 44.97326 ], [ -72.88341, 44.97424 ], [ -72.88281, 44.97462 ], [ -72.8831, 44.97474 ], [ -72.88312, 44.97499 ], [ -72.88276, 44.97502 ], [ -72.88247, 44.97484 ], [ -72.88233, 44.97493 ], [ -72.88204, 44.97573 ], [ -72.88163, 44.97623 ], [ -72.88092, 44.97664 ], [ -72.88064, 44.97733 ], [ -72.88021, 44.97758 ], [ -72.88024, 44.9777 ], [ -72.87979, 44.97765 ], [ -72.87914, 44.97832 ], [ -72.87837, 44.98008 ], [ -72.87752, 44.98067 ], [ -72.87738, 44.98107 ], [ -72.87696, 44.98123 ], [ -72.87643, 44.98178 ], [ -72.87593, 44.98202 ], [ -72.87549, 44.98264 ], [ -72.87557, 44.98277 ], [ -72.87497, 44.9829 ], [ -72.87413, 44.98373 ], [ -72.8737, 44.98404 ], [ -72.87356, 44.98399 ], [ -72.87327, 44.98425 ], [ -72.87312, 44.98474 ], [ -72.87016, 44.98563 ], [ -72.87002, 44.98579 ], [ -72.86818, 44.9861 ], [ -72.86663, 44.98582 ], [ -72.86561, 44.98499 ], [ -72.86561, 44.98474 ], [ -72.86535, 44.98448 ], [ -72.86464, 44.9844 ], [ -72.86351, 44.98384 ], [ -72.8621, 44.9839 ], [ -72.86166, 44.98363 ], [ -72.85912, 44.98284 ], [ -72.85842, 44.98241 ], [ -72.85802, 44.98165 ], [ -72.85852, 44.98042 ], [ -72.85983, 44.97928 ], [ -72.86096, 44.97898 ], [ -72.8628, 44.97776 ], [ -72.86422, 44.97723 ], [ -72.86479, 44.97676 ], [ -72.86547, 44.97671 ], [ -72.86663, 44.97614 ], [ -72.86719, 44.97611 ], [ -72.86748, 44.97597 ], [ -72.86734, 44.97585 ], [ -72.86818, 44.97545 ], [ -72.86832, 44.97498 ], [ -72.86905, 44.97437 ], [ -72.86931, 44.9736 ], [ -72.86988, 44.97346 ], [ -72.87003, 44.97326 ], [ -72.86984, 44.97301 ], [ -72.87049, 44.97276 ], [ -72.87059, 44.97232 ], [ -72.87083, 44.97215 ], [ -72.87087, 44.97169 ], [ -72.87128, 44.9714 ], [ -72.8712, 44.97079 ], [ -72.87175, 44.97054 ], [ -72.87174, 44.96992 ], [ -72.87155, 44.96968 ], [ -72.87238, 44.96881 ], [ -72.8754, 44.96665 ], [ -72.87625, 44.96577 ], [ -72.87684, 44.96548 ], [ -72.87766, 44.96454 ], [ -72.87794, 44.96375 ], [ -72.87816, 44.96362 ], [ -72.8781, 44.96338 ], [ -72.87832, 44.96301 ], [ -72.87823, 44.96288 ], [ -72.87846, 44.96264 ], [ -72.87831, 44.96251 ], [ -72.87857, 44.96227 ], [ -72.8785, 44.96153 ], [ -72.87885, 44.96103 ], [ -72.87964, 44.96045 ], [ -72.87974, 44.96017 ], [ -72.88021, 44.95986 ], [ -72.88488, 44.95871 ], [ -72.88517, 44.95844 ] ] } },
{ "type": "Feature", "properties": { "lake": "Carmi", "depth": 10 }, "geometry": { "type": "LineString", "coordinates": [ [ -72.88686, 44.95597 ], [ -72.88969, 44.95641 ], [ -72.88997, 44.95662 ], [ -72.8928, 44.95733 ], [ -72.89323, 44.95768 ], [ -72.89353, 44.95844 ], [ -72.8935, 44.95881 ], [ -72.89313, 44.9593 ], [ -72.89321, 44.95967 ], [ -72.89252, 44.96051 ], [ -72.8921, 44.9607 ], [ -72.89111, 44.9619 ], [ -72.89089, 44.96251 ], [ -72.89068, 44.96264 ], [ -72.89063, 44.96313 ], [ -72.89007, 44.96399 ], [ -72.88956, 44.96572 ], [ -72.88886, 44.96696 ], [ -72.88813, 44.96782 ], [ -72.88771, 44.96806 ], [ -72.88709, 44.96893 ], [ -72.88707, 44.96931 ], [ -72.88661, 44.9698 ], [ -72.88625, 44.97066 ], [ -72.886, 44.97215 ], [ -72.88568, 44.97276 ], [ -72.88584, 44.97301 ], [ -72.88554, 44.97387 ], [ -72.88559, 44.97423 ], [ -72.8846, 44.97533 ], [ -72.88329, 44.97585 ], [ -72.88262, 44.97674 ], [ -72.88177, 44.97704 ], [ -72.8816, 44.97733 ], [ -72.8812, 44.97742 ], [ -72.88064, 44.97795 ], [ -72.87993, 44.97828 ], [ -72.87938, 44.97894 ], [ -72.87943, 44.97918 ], [ -72.87908, 44.98014 ], [ -72.87857, 44.98067 ], [ -72.87859, 44.98116 ], [ -72.87783, 44.98165 ], [ -72.8771, 44.98244 ], [ -72.87667, 44.98235 ], [ -72.87596, 44.98273 ], [ -72.87564, 44.98301 ], [ -72.8754, 44.98358 ], [ -72.87484, 44.98388 ], [ -72.87473, 44.98449 ], [ -72.87414, 44.98511 ], [ -72.87377, 44.98622 ], [ -72.87299, 44.98691 ], [ -72.87243, 44.98826 ], [ -72.87115, 44.98894 ], [ -72.86988, 44.98902 ], [ -72.86861, 44.98881 ], [ -72.86705, 44.98777 ], [ -72.86688, 44.98733 ], [ -72.86634, 44.98698 ], [ -72.86606, 44.98656 ], [ -72.86507, 44.98591 ], [ -72.86473, 44.98548 ], [ -72.86465, 44.98511 ], [ -72.86422, 44.98487 ], [ -72.86111, 44.98471 ], [ -72.86054, 44.98474 ], [ -72.86, 44.98511 ], [ -72.85927, 44.98527 ], [ -72.8577, 44.98511 ], [ -72.85729, 44.98445 ], [ -72.85644, 44.98379 ], [ -72.85587, 44.98301 ], [ -72.85575, 44.98264 ], [ -72.85585, 44.98141 ], [ -72.85649, 44.98104 ], [ -72.85733, 44.9798 ], [ -72.85771, 44.97964 ], [ -72.85785, 44.97935 ], [ -72.85898, 44.97908 ], [ -72.85912, 44.97876 ], [ -72.86017, 44.97844 ], [ -72.86111, 44.97768 ], [ -72.86252, 44.97734 ], [ -72.8628, 44.97702 ], [ -72.86323, 44.97702 ], [ -72.86379, 44.9764 ], [ -72.86433, 44.9761 ], [ -72.86549, 44.97602 ], [ -72.86555, 44.97573 ], [ -72.86578, 44.97555 ], [ -72.86755, 44.97511 ], [ -72.86753, 44.97486 ], [ -72.86812, 44.97375 ], [ -72.86892, 44.97326 ], [ -72.86927, 44.97252 ], [ -72.86977, 44.97202 ], [ -72.87008, 44.97116 ], [ -72.86989, 44.97091 ], [ -72.86999, 44.97042 ], [ -72.87026, 44.97017 ], [ -72.87059, 44.9694 ], [ -72.87165, 44.96807 ], [ -72.87214, 44.96793 ], [ -72.87299, 44.96696 ], [ -72.87441, 44.96631 ], [ -72.8771, 44.96429 ], [ -72.87744, 44.96288 ], [ -72.87738, 44.96245 ], [ -72.87698, 44.96177 ], [ -72.87708, 44.96153 ], [ -72.87693, 44.96103 ], [ -72.87781, 44.9598 ], [ -72.87776, 44.95906 ], [ -72.8781, 44.95831 ], [ -72.87879, 44.95795 ], [ -72.87979, 44.95792 ], [ -72.88049, 44.95729 ], [ -72.88163, 44.95697 ], [ -72.88332, 44.95691 ], [ -72.88502, 44.95719 ], [ -72.88545, 44.95671 ], [ -72.88686, 44.95597 ] ] } },
{ "type": "Feature", "properties": { "lake": "Carmi", "depth": 5 }, "geometry": { "type": "LineString", "coordinates": [ [ -72.88741, 44.95473 ], [ -72.88828, 44.95473 ], [ -72.88842, 44.95493 ], [ -72.88927, 44.95523 ], [ -72.88941, 44.95542 ], [ -72.88983, 44.95531 ], [ -72.89012, 44.95548 ], [ -72.89196, 44.95568 ], [ -72.89351, 44.95632 ], [ -72.89354, 44.95646 ], [ -72.89321, 44.95659 ], [ -72.89359, 44.95671 ], [ -72.89365, 44.957 ], [ -72.89396, 44.9572 ], [ -72.8941, 44.95757 ], [ -72.89394, 44.95747 ], [ -72.89385, 44.95757 ], [ -72.89423, 44.95844 ], [ -72.89364, 44.95918 ], [ -72.89351, 44.95972 ], [ -72.8929, 44.96029 ], [ -72.8927, 44.96078 ], [ -72.89277, 44.96103 ], [ -72.89139, 44.9618 ], [ -72.8909, 44.96325 ], [ -72.89047, 44.9635 ], [ -72.8906, 44.96375 ], [ -72.89034, 44.96412 ], [ -72.89029, 44.96474 ], [ -72.88955, 44.96675 ], [ -72.88913, 44.96722 ], [ -72.88884, 44.9679 ], [ -72.88842, 44.96804 ], [ -72.88813, 44.96844 ], [ -72.88755, 44.96881 ], [ -72.8873, 44.96943 ], [ -72.88703, 44.96968 ], [ -72.88592, 44.97276 ], [ -72.88579, 44.97437 ], [ -72.88545, 44.97471 ], [ -72.88556, 44.97486 ], [ -72.8853, 44.97568 ], [ -72.88502, 44.97606 ], [ -72.8846, 44.97626 ], [ -72.88346, 44.97637 ], [ -72.88262, 44.97719 ], [ -72.88131, 44.9777 ], [ -72.88123, 44.97807 ], [ -72.88049, 44.97819 ], [ -72.88035, 44.9785 ], [ -72.87988, 44.97881 ], [ -72.87949, 44.97943 ], [ -72.87939, 44.98005 ], [ -72.87887, 44.98067 ], [ -72.87884, 44.98116 ], [ -72.8784, 44.98178 ], [ -72.87766, 44.98238 ], [ -72.87653, 44.98264 ], [ -72.87586, 44.98314 ], [ -72.87548, 44.98388 ], [ -72.87516, 44.984 ], [ -72.87374, 44.98696 ], [ -72.87297, 44.98721 ], [ -72.87277, 44.98857 ], [ -72.87252, 44.98869 ], [ -72.87244, 44.98894 ], [ -72.872, 44.98901 ], [ -72.87172, 44.98939 ], [ -72.87087, 44.98974 ], [ -72.87016, 44.98959 ], [ -72.8696, 44.98967 ], [ -72.86804, 44.98924 ], [ -72.86747, 44.98873 ], [ -72.86705, 44.98878 ], [ -72.867, 44.98857 ], [ -72.86663, 44.98839 ], [ -72.86602, 44.98758 ], [ -72.86592, 44.98719 ], [ -72.86535, 44.98684 ], [ -72.86482, 44.9861 ], [ -72.86436, 44.98592 ], [ -72.86394, 44.98544 ], [ -72.86295, 44.98518 ], [ -72.86054, 44.9851 ], [ -72.86023, 44.98548 ], [ -72.85927, 44.98575 ], [ -72.85799, 44.98562 ], [ -72.85729, 44.98596 ], [ -72.85629, 44.98604 ], [ -72.85573, 44.98587 ], [ -72.85488, 44.98504 ], [ -72.85467, 44.98437 ], [ -72.85421, 44.984 ], [ -72.85431, 44.98379 ], [ -72.85372, 44.98301 ], [ -72.8542, 44.98165 ], [ -72.85488, 44.98118 ], [ -72.85559, 44.98093 ], [ -72.85644, 44.97959 ], [ -72.85813, 44.97855 ], [ -72.85955, 44.97812 ], [ -72.85987, 44.9777 ], [ -72.85983, 44.97752 ], [ -72.86068, 44.97719 ], [ -72.86139, 44.97651 ], [ -72.8621, 44.97619 ], [ -72.86238, 44.97625 ], [ -72.86266, 44.97595 ], [ -72.86295, 44.97609 ], [ -72.86311, 44.97597 ], [ -72.86309, 44.97577 ], [ -72.86379, 44.97575 ], [ -72.86436, 44.97546 ], [ -72.86507, 44.97541 ], [ -72.86701, 44.97462 ], [ -72.86755, 44.974 ], [ -72.86764, 44.9735 ], [ -72.8679, 44.9732 ], [ -72.86832, 44.97275 ], [ -72.86876, 44.97264 ], [ -72.86896, 44.9714 ], [ -72.86927, 44.97066 ], [ -72.86967, 44.97029 ], [ -72.86975, 44.96968 ], [ -72.87002, 44.96917 ], [ -72.87066, 44.96856 ], [ -72.87121, 44.96721 ], [ -72.872, 44.9665 ], [ -72.87243, 44.96636 ], [ -72.87257, 44.96611 ], [ -72.87315, 44.96622 ], [ -72.87455, 44.96542 ], [ -72.8754, 44.96517 ], [ -72.8768, 44.96424 ], [ -72.87696, 44.96325 ], [ -72.87715, 44.96301 ], [ -72.87699, 44.96264 ], [ -72.8771, 44.96251 ], [ -72.87624, 44.96153 ], [ -72.87593, 44.96078 ], [ -72.87639, 44.96029 ], [ -72.87643, 44.9598 ], [ -72.87667, 44.95963 ], [ -72.87681, 44.95914 ], [ -72.87725, 44.95868 ], [ -72.87757, 44.95782 ], [ -72.87752, 44.95755 ], [ -72.87778, 44.95696 ], [ -72.87831, 44.95634 ], [ -72.87823, 44.95621 ], [ -72.8795, 44.9558 ], [ -72.88021, 44.95592 ], [ -72.88106, 44.95576 ], [ -72.88219, 44.95602 ], [ -72.88304, 44.95646 ], [ -72.88361, 44.95626 ], [ -72.88417, 44.9563 ], [ -72.8846, 44.95648 ], [ -72.88488, 44.95683 ], [ -72.88523, 44.95634 ], [ -72.88587, 44.95602 ], [ -72.88741, 44.95473 ] ] } },
{ "type": "Feature", "properties": { "lake": "Caspian", "depth": 100 }, "geometry": { "type": "LineString", "coordinates": [ [ -72.30804, 44.59135 ], [ -72.30928, 44.59285 ], [ -72.31011, 44.59347 ], [ -72.31022, 44.59426 ], [ -72.3097, 44.59477 ], [ -72.30754, 44.59487 ], [ -72.30669, 44.59418 ], [ -72.30669, 44.59363 ], [ -72.30622, 44.59285 ], [ -72.30734, 44.5919 ], [ -72.30766, 44.59182 ], [ -72.30804, 44.59135 ] ] } },
{ "type": "Feature", "properties": { "lake": "Caspian", "depth": 50 }, "geometry": { "type": "LineString", "coordinates": [ [ -72.31195, 44.59094 ], [ -72.31168, 44.59102 ], [ -72.31164, 44.59119 ], [ -72.31186, 44.59167 ], [ -72.31238, 44.5919 ], [ -72.31193, 44.59198 ], [ -72.31195, 44.59237 ], [ -72.31222, 44.59255 ], [ -72.31268, 44.59229 ], [ -72.31271, 44.59206 ], [ -72.3125, 44.5919 ], [ -72.31283, 44.59127 ], [ -72.31249, 44.59091 ], [ -72.31195, 44.59094 ] ] } },
{ "type": "Feature", "properties": { "lake": "Caspian", "depth": 50 }, "geometry": { "type": "LineString", "coordinates": [ [ -72.31015, 44.59078 ], [ -72.30988, 44.59098 ], [ -72.30907, 44.59116 ], [ -72.30917, 44.59143 ], [ -72.30934, 44.59156 ], [ -72.30966, 44.59143 ], [ -72.3097, 44.59125 ], [ -72.31006, 44.59126 ], [ -72.3106, 44.59165 ], [ -72.31125, 44.59143 ], [ -72.31087, 44.59086 ], [ -72.31015, 44.59078 ] ] } },
{ "type": "Feature", "properties": { "lake": "Caspian", "depth": 100 }, "geometry": { "type": "LineString", "coordinates": [ [ -72.3075, 44.59025 ], [ -72.30772, 44.59025 ], [ -72.30807, 44.59057 ], [ -72.30799, 44.59093 ], [ -72.3075, 44.5908 ], [ -72.30735, 44.59041 ], [ -72.3075, 44.59025 ] ] } },
{ "type": "Feature", "properties": { "lake": "Caspian", "depth": 100 }, "geometry": { "type": "LineString", "coordinates": [ [ -72.30771, 44.58648 ], [ -72.30835, 44.587 ], [ -72.30889, 44.58718 ], [ -72.30916, 44.58768 ], [ -72.30997, 44.58814 ], [ -72.31198, 44.58868 ], [ -72.31215, 44.58907 ], [ -72.31081, 44.58915 ], [ -72.31063, 44.58939 ], [ -72.30973, 44.58978 ], [ -72.30898, 44.58994 ], [ -72.30842, 44.58978 ], [ -72.30817, 44.58954 ], [ -72.30809, 44.58844 ], [ -72.30752, 44.58789 ], [ -72.30711, 44.58711 ], [ -72.30718, 44.58679 ], [ -72.30771, 44.58648 ] ] } },
{ "type": "Feature", "properties": { "lake": "Caspian", "depth": 10 }, "geometry": { "type": "LineString", "coordinates": [ [ -72.31087, 44.58512 ], [ -72.31039, 44.58553 ], [ -72.31053, 44.58561 ], [ -72.31033, 44.58569 ], [ -72.31033, 44.58589 ], [ -72.31124, 44.58585 ], [ -72.31127, 44.58538 ], [ -72.31114, 44.58517 ], [ -72.31087, 44.58512 ] ] } },
{ "type": "Feature", "properties": { "lake": "Caspian", "depth": 20 }, "geometry": { "type": "LineString", "coordinates": [ [ -72.31105, 44.58465 ], [ -72.30998, 44.58514 ], [ -72.31015, 44.5861 ], [ -72.31114, 44.58606 ], [ -72.31206, 44.58569 ], [ -72.31207, 44.58498 ], [ -72.31195, 44.58479 ], [ -72.31177, 44.58464 ], [ -72.31105, 44.58465 ] ] } },
{ "type": "Feature", "properties": { "lake": "Caspian", "depth": 10 }, "geometry": { "type": "LineString", "coordinates": [ [ -72.3097, 44.58292 ], [ -72.3093, 44.58341 ], [ -72.30937, 44.58357 ], [ -72.30989, 44.58349 ], [ -72.30999, 44.5831 ], [ -72.30988, 44.58291 ], [ -72.3097, 44.58292 ] ] } },
{ "type": "Feature", "properties": { "lake": "Caspian", "depth": 20 }, "geometry": { "type": "LineString", "coordinates": [ [ -72.30988, 44.58247 ], [ -72.30952, 44.58261 ], [ -72.30898, 44.58325 ], [ -72.30877, 44.58396 ], [ -72.30898, 44.58416 ], [ -72.3099, 44.5842 ], [ -72.31034, 44.58294 ], [ -72.31072, 44.5827 ], [ -72.31051, 44.58245 ], [ -72.30988, 44.58247 ] ] } },
{ "type": "Feature", "properties": { "lake": "Caspian", "depth": 100 }, "geometry": { "type": "LineString", "coordinates": [ [ -72.30493, 44.57814 ], [ -72.30601, 44.57835 ], [ -72.30682, 44.5787 ], [ -72.30853, 44.57897 ], [ -72.30979, 44.57894 ], [ -72.31012, 44.57948 ], [ -72.3097, 44.5806 ], [ -72.30722, 44.5827 ], [ -72.30689, 44.58365 ], [ -72.30693, 44.5842 ], [ -72.30719, 44.58475 ], [ -72.30709, 44.5857 ], [ -72.30628, 44.5856 ], [ -72.30592, 44.58527 ], [ -72.30493, 44.58482 ], [ -72.30332, 44.58461 ], [ -72.30214, 44.58365 ], [ -72.30237, 44.58294 ], [ -72.30242, 44.58097 ], [ -72.30308, 44.57909 ], [ -72.30368, 44.57845 ], [ -72.30493, 44.57814 ] ] } },
{ "type": "Feature", "properties": { "lake": "Caspian", "depth": 75 }, "geometry": { "type": "LineString", "coordinates": [ [ -72.30446, 44.57728 ], [ -72.3052, 44.57724 ], [ -72.30781, 44.57773 ], [ -72.30997, 44.5776 ], [ -72.31078, 44.57802 ], [ -72.31092, 44.5783 ], [ -72.31123, 44.57972 ], [ -72.31156, 44.58019 ], [ -72.31152, 44.58074 ], [ -72.31123, 44.58098 ], [ -72.31033, 44.58106 ], [ -72.30952, 44.5814 ], [ -72.30853, 44.58224 ], [ -72.30801, 44.5838 ], [ -72.30798, 44.58467 ], [ -72.30781, 44.58498 ], [ -72.30799, 44.58597 ], [ -72.30994, 44.58726 ], [ -72.31063, 44.58734 ], [ -72.31285, 44.58833 ], [ -72.31374, 44.58834 ], [ -72.315, 44.58776 ], [ -72.3159, 44.5879 ], [ -72.31829, 44.58962 ], [ -72.31824, 44.59038 ], [ -72.31689, 44.59065 ], [ -72.31604, 44.59127 ], [ -72.31579, 44.59167 ], [ -72.31567, 44.59229 ], [ -72.31491, 44.59256 ], [ -72.3141, 44.5924 ], [ -72.31379, 44.59206 ], [ -72.31383, 44.59152 ], [ -72.31428, 44.59134 ], [ -72.31491, 44.59138 ], [ -72.31525, 44.59112 ], [ -72.31518, 44.59078 ], [ -72.31455, 44.59016 ], [ -72.31267, 44.59027 ], [ -72.31168, 44.58981 ], [ -72.31123, 44.58976 ], [ -72.3106, 44.59008 ], [ -72.30943, 44.59024 ], [ -72.30884, 44.59072 ], [ -72.30886, 44.59127 ], [ -72.30917, 44.59167 ], [ -72.30905, 44.59182 ], [ -72.30934, 44.59202 ], [ -72.31077, 44.59237 ], [ -72.31085, 44.593 ], [ -72.31135, 44.59355 ], [ -72.31051, 44.59499 ], [ -72.31006, 44.59528 ], [ -72.30907, 44.59532 ], [ -72.3088, 44.59517 ], [ -72.30772, 44.59536 ], [ -72.30655, 44.59494 ], [ -72.3061, 44.59459 ], [ -72.30593, 44.59402 ], [ -72.30564, 44.59371 ], [ -72.30575, 44.59363 ], [ -72.30559, 44.59324 ], [ -72.30512, 44.59285 ], [ -72.30508, 44.59261 ], [ -72.30547, 44.59236 ], [ -72.30592, 44.59236 ], [ -72.30687, 44.59182 ], [ -72.30691, 44.59127 ], [ -72.30665, 44.59064 ], [ -72.30671, 44.59033 ], [ -72.30773, 44.58939 ], [ -72.30781, 44.58907 ], [ -72.30686, 44.58781 ], [ -72.30675, 44.58671 ], [ -72.30511, 44.58567 ], [ -72.30206, 44.58481 ], [ -72.30173, 44.58459 ], [ -72.3016, 44.58428 ], [ -72.30196, 44.58286 ], [ -72.30176, 44.58168 ], [ -72.30198, 44.58121 ], [ -72.30194, 44.58003 ], [ -72.30208, 44.57964 ], [ -72.30198, 44.5794 ], [ -72.30223, 44.57862 ], [ -72.30259, 44.57807 ], [ -72.30288, 44.57799 ], [ -72.30332, 44.57754 ], [ -72.30446, 44.57728 ] ] } },
{ "type": "Feature", "properties": { "lake": "Caspian", "depth": 50 }, "geometry": { "type": "LineString", "coordinates": [ [ -72.3051, 44.57602 ], [ -72.30592, 44.57609 ], [ -72.307, 44.57648 ], [ -72.30934, 44.57662 ], [ -72.31051, 44.57699 ], [ -72.31108, 44.57736 ], [ -72.31167, 44.57807 ], [ -72.31229, 44.57987 ], [ -72.31268, 44.58035 ], [ -72.31289, 44.58137 ], [ -72.31249, 44.58217 ], [ -72.31213, 44.58229 ], [ -72.3115, 44.58173 ], [ -72.31078, 44.58152 ], [ -72.31015, 44.58154 ], [ -72.30898, 44.58232 ], [ -72.30833, 44.58388 ], [ -72.30841, 44.5849 ], [ -72.30815, 44.58522 ], [ -72.30825, 44.58561 ], [ -72.3089, 44.58569 ], [ -72.30979, 44.58658 ], [ -72.31185, 44.58711 ], [ -72.3124, 44.58754 ], [ -72.31338, 44.58758 ], [ -72.31455, 44.58711 ], [ -72.31554, 44.58695 ], [ -72.31635, 44.58711 ], [ -72.31773, 44.58836 ], [ -72.31815, 44.58857 ], [ -72.32085, 44.58858 ], [ -72.32137, 44.58884 ], [ -72.3213, 44.58933 ], [ -72.32085, 44.58976 ], [ -72.31986, 44.59017 ], [ -72.31932, 44.59084 ], [ -72.31842, 44.59128 ], [ -72.31787, 44.59127 ], [ -72.31701, 44.5919 ], [ -72.31673, 44.59277 ], [ -72.31563, 44.59363 ], [ -72.31491, 44.59402 ], [ -72.31365, 44.59389 ], [ -72.31329, 44.59408 ], [ -72.31249, 44.59504 ], [ -72.31033, 44.59559 ], [ -72.3088, 44.59533 ], [ -72.3079, 44.59571 ], [ -72.30727, 44.59563 ], [ -72.30618, 44.59513 ], [ -72.30538, 44.59409 ], [ -72.30476, 44.59358 ], [ -72.30262, 44.59277 ], [ -72.30237, 44.59253 ], [ -72.30247, 44.59229 ], [ -72.30431, 44.5915 ], [ -72.30529, 44.59151 ], [ -72.30592, 44.5917 ], [ -72.30619, 44.59161 ], [ -72.30602, 44.59064 ], [ -72.30687, 44.58954 ], [ -72.307, 44.58907 ], [ -72.30691, 44.58844 ], [ -72.30641, 44.58797 ], [ -72.30631, 44.58695 ], [ -72.30493, 44.58633 ], [ -72.30323, 44.58604 ], [ -72.30269, 44.58577 ], [ -72.30188, 44.58626 ], [ -72.30158, 44.58624 ], [ -72.30131, 44.58585 ], [ -72.30123, 44.58553 ], [ -72.30134, 44.58538 ], [ -72.30107, 44.58483 ], [ -72.30142, 44.58263 ], [ -72.30125, 44.58223 ], [ -72.30131, 44.58137 ], [ -72.30111, 44.58097 ], [ -72.30112, 44.57964 ], [ -72.3014, 44.5783 ], [ -72.30177, 44.57744 ], [ -72.30354, 44.57626 ], [ -72.30422, 44.57604 ], [ -72.3051, 44.57602 ] ] } },
{ "type": "Feature", "properties": { "lake": "Caspian", "depth": 30 }, "geometry": { "type": "LineString", "coordinates": [ [ -72.30486, 44.57492 ], [ -72.30664, 44.57514 ], [ -72.30754, 44.5755 ], [ -72.30907, 44.57564 ], [ -72.31109, 44.57665 ], [ -72.31141, 44.57712 ], [ -72.31204, 44.5775 ], [ -72.31222, 44.57789 ], [ -72.31249, 44.57791 ], [ -72.31225, 44.57838 ], [ -72.31233, 44.57869 ], [ -72.31258, 44.57877 ], [ -72.31265, 44.57924 ], [ -72.31367, 44.58082 ], [ -72.31375, 44.5816 ], [ -72.31413, 44.58255 ], [ -72.31378, 44.58325 ], [ -72.31383, 44.58373 ], [ -72.31276, 44.58393 ], [ -72.31249, 44.58414 ], [ -72.31078, 44.58415 ], [ -72.31057, 44.58396 ], [ -72.31059, 44.58341 ], [ -72.3109, 44.5827 ], [ -72.31087, 44.58229 ], [ -72.31051, 44.58211 ], [ -72.30948, 44.58223 ], [ -72.30889, 44.5831 ], [ -72.30866, 44.58373 ], [ -72.30869, 44.58428 ], [ -72.30851, 44.58435 ], [ -72.30889, 44.58439 ], [ -72.30932, 44.58475 ], [ -72.30929, 44.5849 ], [ -72.30969, 44.58538 ], [ -72.30951, 44.58561 ], [ -72.31015, 44.58636 ], [ -72.31159, 44.58611 ], [ -72.31253, 44.5864 ], [ -72.31276, 44.58701 ], [ -72.31356, 44.58708 ], [ -72.3141, 44.58674 ], [ -72.31608, 44.58649 ], [ -72.31734, 44.58696 ], [ -72.31788, 44.58758 ], [ -72.31842, 44.58769 ], [ -72.31923, 44.58762 ], [ -72.31932, 44.58749 ], [ -72.32139, 44.58755 ], [ -72.3221, 44.58773 ], [ -72.32277, 44.58805 ], [ -72.32327, 44.58884 ], [ -72.32318, 44.58917 ], [ -72.32253, 44.58978 ], [ -72.32262, 44.59001 ], [ -72.32237, 44.59042 ], [ -72.32112, 44.5912 ], [ -72.31851, 44.5917 ], [ -72.31779, 44.59211 ], [ -72.31725, 44.59298 ], [ -72.31662, 44.59352 ], [ -72.31459, 44.59442 ], [ -72.31356, 44.59452 ], [ -72.31258, 44.59535 ], [ -72.31132, 44.59585 ], [ -72.31078, 44.59592 ], [ -72.30952, 44.59588 ], [ -72.30871, 44.59562 ], [ -72.30718, 44.59613 ], [ -72.30649, 44.59575 ], [ -72.30502, 44.59421 ], [ -72.30466, 44.5941 ], [ -72.30476, 44.59402 ], [ -72.3017, 44.59285 ], [ -72.30127, 44.59253 ], [ -72.30105, 44.59222 ], [ -72.30125, 44.59182 ], [ -72.30269, 44.5917 ], [ -72.30325, 44.59127 ], [ -72.3044, 44.59097 ], [ -72.30458, 44.59096 ], [ -72.30493, 44.59139 ], [ -72.30547, 44.59127 ], [ -72.30547, 44.59064 ], [ -72.30603, 44.59049 ], [ -72.30614, 44.59001 ], [ -72.3067, 44.58915 ], [ -72.30664, 44.58861 ], [ -72.30603, 44.58829 ], [ -72.30593, 44.58774 ], [ -72.30613, 44.58766 ], [ -72.30618, 44.58734 ], [ -72.30546, 44.58718 ], [ -72.30493, 44.58684 ], [ -72.30404, 44.58658 ], [ -72.30359, 44.58663 ], [ -72.30143, 44.58773 ], [ -72.30071, 44.58768 ], [ -72.30061, 44.58734 ], [ -72.30061, 44.58412 ], [ -72.301, 44.58278 ], [ -72.30042, 44.58121 ], [ -72.30021, 44.57987 ], [ -72.30039, 44.57932 ], [ -72.30031, 44.57893 ], [ -72.30077, 44.57751 ], [ -72.30139, 44.57657 ], [ -72.30197, 44.57627 ], [ -72.30251, 44.57571 ], [ -72.3035, 44.57514 ], [ -72.30486, 44.57492 ] ] } },
{ "type": "Feature", "properties": { "lake": "Caspian", "depth": 20 }, "geometry": { "type": "LineString", "coordinates": [ [ -72.30384, 44.57453 ], [ -72.30476, 44.57445 ], [ -72.30664, 44.57461 ], [ -72.30933, 44.57531 ], [ -72.31159, 44.57659 ], [ -72.31182, 44.57681 ], [ -72.31186, 44.57708 ], [ -72.31257, 44.57744 ], [ -72.31265, 44.57807 ], [ -72.3124, 44.57845 ], [ -72.31447, 44.58152 ], [ -72.31447, 44.58207 ], [ -72.31424, 44.58223 ], [ -72.31455, 44.58238 ], [ -72.31465, 44.58263 ], [ -72.31441, 44.58388 ], [ -72.31448, 44.58428 ], [ -72.31383, 44.58488 ], [ -72.31384, 44.5853 ], [ -72.31355, 44.58561 ], [ -72.31361, 44.58624 ], [ -72.31348, 44.5864 ], [ -72.31364, 44.58663 ], [ -72.31617, 44.58633 ], [ -72.31706, 44.58656 ], [ -72.3177, 44.58707 ], [ -72.31833, 44.58707 ], [ -72.31896, 44.58736 ], [ -72.31995, 44.58705 ], [ -72.32219, 44.58718 ], [ -72.32354, 44.5878 ], [ -72.32405, 44.58876 ], [ -72.32409, 44.58907 ], [ -72.32348, 44.58994 ], [ -72.32346, 44.59025 ], [ -72.32246, 44.59063 ], [ -72.32186, 44.59119 ], [ -72.32112, 44.59152 ], [ -72.31905, 44.59189 ], [ -72.31815, 44.59221 ], [ -72.31725, 44.59329 ], [ -72.31703, 44.59332 ], [ -72.3164, 44.59387 ], [ -72.315, 44.5945 ], [ -72.31329, 44.5948 ], [ -72.31302, 44.59505 ], [ -72.31313, 44.5952 ], [ -72.31267, 44.59552 ], [ -72.31087, 44.59602 ], [ -72.30952, 44.596 ], [ -72.30889, 44.59568 ], [ -72.30709, 44.59623 ], [ -72.30654, 44.59599 ], [ -72.3063, 44.59552 ], [ -72.30599, 44.59544 ], [ -72.30484, 44.59422 ], [ -72.30179, 44.59296 ], [ -72.30111, 44.59253 ], [ -72.30076, 44.59198 ], [ -72.30112, 44.59159 ], [ -72.30251, 44.59155 ], [ -72.30323, 44.59111 ], [ -72.3039, 44.59104 ], [ -72.30467, 44.59053 ], [ -72.30556, 44.59026 ], [ -72.30601, 44.59034 ], [ -72.30608, 44.5897 ], [ -72.30641, 44.58923 ], [ -72.30641, 44.58891 ], [ -72.30615, 44.58852 ], [ -72.30578, 44.58829 ], [ -72.30574, 44.58785 ], [ -72.30519, 44.58758 ], [ -72.30495, 44.58711 ], [ -72.30413, 44.58683 ], [ -72.30356, 44.58687 ], [ -72.30125, 44.58813 ], [ -72.30053, 44.58817 ], [ -72.30018, 44.58789 ], [ -72.30024, 44.58553 ], [ -72.30045, 44.58412 ], [ -72.30027, 44.58388 ], [ -72.30065, 44.58294 ], [ -72.30031, 44.58137 ], [ -72.2997, 44.58011 ], [ -72.30017, 44.57759 ], [ -72.30112, 44.5761 ], [ -72.30162, 44.57586 ], [ -72.3017, 44.57565 ], [ -72.30197, 44.57558 ], [ -72.3026, 44.575 ], [ -72.30384, 44.57453 ] ] } },
{ "type": "Feature", "properties": { "lake": "Caspian", "depth": 10 }, "geometry": { "type": "LineString", "coordinates": [ [ -72.30431, 44.57398 ], [ -72.30538, 44.57402 ], [ -72.30871, 44.57469 ], [ -72.3115, 44.57611 ], [ -72.31215, 44.57665 ], [ -72.31274, 44.57736 ], [ -72.31307, 44.57924 ], [ -72.31417, 44.58074 ], [ -72.31443, 44.58082 ], [ -72.31508, 44.58223 ], [ -72.31492, 44.58286 ], [ -72.31519, 44.58349 ], [ -72.31488, 44.58412 ], [ -72.31464, 44.58428 ], [ -72.31425, 44.58522 ], [ -72.31422, 44.58577 ], [ -72.31452, 44.58632 ], [ -72.31671, 44.58617 ], [ -72.31725, 44.58629 ], [ -72.3177, 44.58676 ], [ -72.31815, 44.58685 ], [ -72.31898, 44.5864 ], [ -72.31959, 44.58634 ], [ -72.32219, 44.58663 ], [ -72.32238, 44.58687 ], [ -72.32408, 44.58779 ], [ -72.3243, 44.58813 ], [ -72.32431, 44.58907 ], [ -72.32408, 44.58964 ], [ -72.3238, 44.58978 ], [ -72.32372, 44.59049 ], [ -72.3218, 44.59127 ], [ -72.32113, 44.59182 ], [ -72.32004, 44.59187 ], [ -72.31887, 44.59223 ], [ -72.31815, 44.59265 ], [ -72.31773, 44.59324 ], [ -72.31698, 44.59381 ], [ -72.31599, 44.59411 ], [ -72.315, 44.59466 ], [ -72.31321, 44.59504 ], [ -72.31324, 44.5952 ], [ -72.31297, 44.59536 ], [ -72.31294, 44.59565 ], [ -72.31177, 44.59601 ], [ -72.30952, 44.59609 ], [ -72.30898, 44.59579 ], [ -72.30853, 44.59585 ], [ -72.30826, 44.59615 ], [ -72.3079, 44.59611 ], [ -72.30735, 44.59638 ], [ -72.30691, 44.59632 ], [ -72.30627, 44.59599 ], [ -72.30637, 44.59583 ], [ -72.30542, 44.59513 ], [ -72.30476, 44.59436 ], [ -72.30305, 44.59369 ], [ -72.30224, 44.59315 ], [ -72.30152, 44.59307 ], [ -72.30145, 44.59277 ], [ -72.30072, 44.59229 ], [ -72.3007, 44.59151 ], [ -72.30125, 44.59124 ], [ -72.30224, 44.59153 ], [ -72.3027, 44.59112 ], [ -72.30278, 44.5908 ], [ -72.30296, 44.59076 ], [ -72.30386, 44.59092 ], [ -72.30431, 44.59057 ], [ -72.30576, 44.59001 ], [ -72.30617, 44.58907 ], [ -72.30592, 44.58864 ], [ -72.30544, 44.58836 ], [ -72.30538, 44.58796 ], [ -72.30498, 44.58781 ], [ -72.30442, 44.58711 ], [ -72.30404, 44.58703 ], [ -72.30368, 44.58707 ], [ -72.30304, 44.58766 ], [ -72.30215, 44.58786 ], [ -72.30188, 44.58813 ], [ -72.30116, 44.58835 ], [ -72.30026, 44.58841 ], [ -72.29981, 44.58836 ], [ -72.2997, 44.58821 ], [ -72.29977, 44.58679 ], [ -72.2996, 44.5864 ], [ -72.29998, 44.58561 ], [ -72.30009, 44.58435 ], [ -72.29993, 44.58396 ], [ -72.30032, 44.58302 ], [ -72.30008, 44.58169 ], [ -72.29943, 44.58082 ], [ -72.29924, 44.58011 ], [ -72.29942, 44.57972 ], [ -72.29949, 44.57775 ], [ -72.29972, 44.57754 ], [ -72.29981, 44.57698 ], [ -72.30067, 44.57594 ], [ -72.3008, 44.57547 ], [ -72.30269, 44.57437 ], [ -72.30431, 44.57398 ] ] } },
{ "type": "Feature", "properties": { "lake": "Caspian", "depth": 5 }, "geometry": { "type": "LineString", "coordinates": [ [ -72.30488, 44.57358 ], [ -72.30529, 44.57356 ], [ -72.30565, 44.57384 ], [ -72.30673, 44.57397 ], [ -72.30718, 44.57427 ], [ -72.30772, 44.57424 ], [ -72.30934, 44.57474 ], [ -72.30952, 44.57494 ], [ -72.31057, 44.57531 ], [ -72.31127, 44.57586 ], [ -72.31186, 44.57602 ], [ -72.31251, 44.57665 ], [ -72.31293, 44.57744 ], [ -72.31307, 44.57909 ], [ -72.31362, 44.57987 ], [ -72.31458, 44.58082 ], [ -72.31557, 44.58247 ], [ -72.31508, 44.58286 ], [ -72.31536, 44.58297 ], [ -72.31563, 44.58345 ], [ -72.31464, 44.58459 ], [ -72.31465, 44.5853 ], [ -72.31439, 44.58569 ], [ -72.3148, 44.58632 ], [ -72.31635, 44.58601 ], [ -72.31734, 44.58608 ], [ -72.31761, 44.58633 ], [ -72.31797, 44.58639 ], [ -72.31833, 44.58632 ], [ -72.31857, 44.58593 ], [ -72.31896, 44.58576 ], [ -72.31986, 44.58617 ], [ -72.32246, 44.58653 ], [ -72.32435, 44.58774 ], [ -72.3245, 44.58805 ], [ -72.32461, 44.58836 ], [ -72.32444, 44.58868 ], [ -72.32447, 44.58907 ], [ -72.32426, 44.58931 ], [ -72.32423, 44.58978 ], [ -72.32403, 44.58994 ], [ -72.32412, 44.59025 ], [ -72.32399, 44.5905 ], [ -72.32192, 44.5914 ], [ -72.32139, 44.59182 ], [ -72.32004, 44.59205 ], [ -72.31858, 44.59261 ], [ -72.31752, 44.59383 ], [ -72.31716, 44.59379 ], [ -72.31698, 44.59397 ], [ -72.31599, 44.59417 ], [ -72.31536, 44.59463 ], [ -72.31415, 44.59489 ], [ -72.31321, 44.59529 ], [ -72.31301, 44.59544 ], [ -72.31304, 44.59575 ], [ -72.31159, 44.59614 ], [ -72.30952, 44.59622 ], [ -72.30896, 44.59591 ], [ -72.30853, 44.59589 ], [ -72.30835, 44.59628 ], [ -72.30781, 44.59618 ], [ -72.30766, 44.59638 ], [ -72.30727, 44.59646 ], [ -72.30673, 44.59635 ], [ -72.3059, 44.59583 ], [ -72.30592, 44.5956 ], [ -72.3052, 44.59512 ], [ -72.30481, 44.5945 ], [ -72.30332, 44.59379 ], [ -72.30278, 44.59373 ], [ -72.30224, 44.59327 ], [ -72.30161, 44.59319 ], [ -72.30138, 44.593 ], [ -72.30137, 44.59277 ], [ -72.30071, 44.59247 ], [ -72.30049, 44.59222 ], [ -72.3006, 44.59206 ], [ -72.30048, 44.59167 ], [ -72.3008, 44.59131 ], [ -72.30161, 44.5912 ], [ -72.30233, 44.5914 ], [ -72.30242, 44.59119 ], [ -72.30218, 44.59088 ], [ -72.30224, 44.59064 ], [ -72.30278, 44.59047 ], [ -72.30322, 44.59057 ], [ -72.30341, 44.5908 ], [ -72.30386, 44.59083 ], [ -72.30555, 44.59001 ], [ -72.30608, 44.58907 ], [ -72.30413, 44.58722 ], [ -72.30089, 44.58863 ], [ -72.29999, 44.58857 ], [ -72.29942, 44.58836 ], [ -72.29943, 44.5864 ], [ -72.29969, 44.58577 ], [ -72.29976, 44.58443 ], [ -72.29972, 44.58414 ], [ -72.29936, 44.58412 ], [ -72.29972, 44.58411 ], [ -72.29978, 44.58373 ], [ -72.30007, 44.58357 ], [ -72.29998, 44.58333 ], [ -72.3002, 44.58294 ], [ -72.30002, 44.582 ], [ -72.29889, 44.58066 ], [ -72.299, 44.5805 ], [ -72.29887, 44.58011 ], [ -72.2991, 44.57995 ], [ -72.29887, 44.57972 ], [ -72.29911, 44.57964 ], [ -72.29886, 44.5794 ], [ -72.29906, 44.57893 ], [ -72.2989, 44.57877 ], [ -72.29902, 44.57846 ], [ -72.29879, 44.57822 ], [ -72.29872, 44.57751 ], [ -72.29907, 44.57728 ], [ -72.29912, 44.57681 ], [ -72.29937, 44.57641 ], [ -72.30053, 44.57522 ], [ -72.30309, 44.5739 ], [ -72.30488, 44.57358 ] ] } },
{ "type": "Feature", "properties": { "lake": "Cedar", "depth": 10 }, "geometry": { "type": "LineString", "coordinates": [ [ -73.13408, 44.24799 ], [ -73.13564, 44.24815 ], [ -73.13603, 44.24849 ], [ -73.13628, 44.24911 ], [ -73.13526, 44.25097 ], [ -73.13414, 44.25162 ], [ -73.13302, 44.25191 ], [ -73.13248, 44.2518 ], [ -73.13208, 44.25196 ], [ -73.1311, 44.25178 ], [ -73.13028, 44.25144 ], [ -73.13022, 44.25111 ], [ -73.12997, 44.25097 ], [ -73.13014, 44.2508 ], [ -73.13005, 44.25069 ], [ -73.13041, 44.25051 ], [ -73.13062, 44.24988 ], [ -73.13085, 44.24974 ], [ -73.13077, 44.24966 ], [ -73.13185, 44.24871 ], [ -73.13175, 44.24858 ], [ -73.1319, 44.24866 ], [ -73.13215, 44.24837 ], [ -73.1328, 44.24814 ], [ -73.134, 44.24813 ], [ -73.13408, 44.24799 ] ] } },
{ "type": "Feature", "properties": { "lake": "Cedar", "depth": 5 }, "geometry": { "type": "LineString", "coordinates": [ [ -73.13429, 44.24693 ], [ -73.13545, 44.24702 ], [ -73.13702, 44.24768 ], [ -73.13729, 44.24843 ], [ -73.13727, 44.24877 ], [ -73.13711, 44.24882 ], [ -73.13756, 44.24916 ], [ -73.13729, 44.24919 ], [ -73.13708, 44.25028 ], [ -73.13678, 44.25036 ], [ -73.13683, 44.2508 ], [ -73.13643, 44.25145 ], [ -73.1357, 44.25179 ], [ -73.13531, 44.25181 ], [ -73.13322, 44.25306 ], [ -73.1328, 44.25308 ], [ -73.1327, 44.25331 ], [ -73.13212, 44.25307 ], [ -73.13168, 44.25318 ], [ -73.13102, 44.25301 ], [ -73.13094, 44.25287 ], [ -73.13109, 44.25278 ], [ -73.13088, 44.25278 ], [ -73.13085, 44.25255 ], [ -73.13028, 44.25264 ], [ -73.129, 44.25222 ], [ -73.12867, 44.25153 ], [ -73.12936, 44.25082 ], [ -73.1294, 44.25058 ], [ -73.13003, 44.25005 ], [ -73.13005, 44.24986 ], [ -73.13043, 44.24969 ], [ -73.13036, 44.24949 ], [ -73.13117, 44.24877 ], [ -73.13175, 44.24778 ], [ -73.13259, 44.24733 ], [ -73.1332, 44.24733 ], [ -73.13338, 44.24709 ], [ -73.13429, 44.24693 ] ] } },
{ "type": "Feature", "properties": { "lake": "Chipman", "depth": 10 }, "geometry": { "type": "LineString", "coordinates": [ [ -73.02886, 43.40531 ], [ -73.0295, 43.40529 ], [ -73.03002, 43.40566 ], [ -73.03005, 43.40587 ], [ -73.02967, 43.40619 ], [ -73.02996, 43.40629 ], [ -73.02958, 43.40645 ], [ -73.02996, 43.40649 ], [ -73.03021, 43.40704 ], [ -73.0305, 43.40696 ], [ -73.03084, 43.40733 ], [ -73.03127, 43.4073 ], [ -73.03138, 43.40756 ], [ -73.03204, 43.40761 ], [ -73.0325, 43.40796 ], [ -73.03253, 43.40856 ], [ -73.03201, 43.40901 ], [ -73.03195, 43.40926 ], [ -73.03124, 43.40945 ], [ -73.03104, 43.40968 ], [ -73.03016, 43.40889 ], [ -73.02981, 43.40889 ], [ -73.02961, 43.4087 ], [ -73.02921, 43.40876 ], [ -73.0275, 43.40781 ], [ -73.02742, 43.40741 ], [ -73.02764, 43.40712 ], [ -73.02749, 43.40648 ], [ -73.02784, 43.40601 ], [ -73.02781, 43.40578 ], [ -73.02886, 43.40531 ] ] } },
{ "type": "Feature", "properties": { "lake": "Chipman", "depth": 5 }, "geometry": { "type": "LineString", "coordinates": [ [ -73.02876, 43.40405 ], [ -73.02895, 43.40408 ], [ -73.02921, 43.40452 ], [ -73.02978, 43.40468 ], [ -73.03021, 43.4051 ], [ -73.03067, 43.40525 ], [ -73.03083, 43.40552 ], [ -73.03075, 43.4057 ], [ -73.03124, 43.40639 ], [ -73.03258, 43.40647 ], [ -73.03329, 43.4067 ], [ -73.03389, 43.40712 ], [ -73.03422, 43.40771 ], [ -73.03394, 43.40794 ], [ -73.03398, 43.40832 ], [ -73.03255, 43.40938 ], [ -73.03252, 43.40974 ], [ -73.03192, 43.41014 ], [ -73.03213, 43.41025 ], [ -73.03173, 43.41122 ], [ -73.0309, 43.41108 ], [ -73.03017, 43.40987 ], [ -73.02976, 43.40961 ], [ -73.02956, 43.40919 ], [ -73.02936, 43.40908 ], [ -73.0293, 43.40931 ], [ -73.0291, 43.40933 ], [ -73.02841, 43.40914 ], [ -73.02839, 43.40901 ], [ -73.02742, 43.40861 ], [ -73.02719, 43.4082 ], [ -73.02718, 43.40707 ], [ -73.02691, 43.4061 ], [ -73.02693, 43.40493 ], [ -73.02756, 43.40468 ], [ -73.02816, 43.40465 ], [ -73.02876, 43.40405 ] ] } },
{ "type": "Feature", "properties": { "lake": "Chittenden", "depth": 30 }, "geometry": { "type": "LineString", "coordinates": [ [ -72.91813, 43.72869 ], [ -72.91834, 43.72862 ], [ -72.91832, 43.72898 ], [ -72.91884, 43.72919 ], [ -72.91885, 43.72948 ], [ -72.91912, 43.72977 ], [ -72.91884, 43.73019 ], [ -72.91864, 43.73012 ], [ -72.9184, 43.73028 ], [ -72.91842, 43.73043 ], [ -72.9187, 43.7305 ], [ -72.91854, 43.73083 ], [ -72.91793, 43.73066 ], [ -72.91703, 43.73083 ], [ -72.91632, 43.73067 ], [ -72.91612, 43.73085 ], [ -72.91497, 43.73086 ], [ -72.9147, 43.73126 ], [ -72.9145, 43.7311 ], [ -72.91319, 43.73112 ], [ -72.91158, 43.73217 ], [ -72.91117, 43.73194 ], [ -72.91087, 43.73211 ], [ -72.91016, 43.73203 ], [ -72.9097, 43.73173 ], [ -72.91016, 43.73141 ], [ -72.91087, 43.73144 ], [ -72.91064, 43.73137 ], [ -72.91083, 43.73108 ], [ -72.91228, 43.73044 ], [ -72.9138, 43.73022 ], [ -72.9143, 43.7299 ], [ -72.91551, 43.73013 ], [ -72.91592, 43.72985 ], [ -72.91693, 43.72976 ], [ -72.91793, 43.73011 ], [ -72.91832, 43.7297 ], [ -72.91799, 43.72934 ], [ -72.91813, 43.72869 ] ] } },
{ "type": "Feature", "properties": { "lake": "Chittenden", "depth": 5 }, "geometry": { "type": "LineString", "coordinates": [ [ -72.91612, 43.72735 ], [ -72.91588, 43.72781 ], [ -72.91597, 43.72789 ], [ -72.91548, 43.72854 ], [ -72.91551, 43.72872 ], [ -72.91652, 43.72927 ], [ -72.91703, 43.7288 ], [ -72.91713, 43.729 ], [ -72.91763, 43.72908 ], [ -72.91733, 43.72867 ], [ -72.91723, 43.72881 ], [ -72.91694, 43.72869 ], [ -72.91696, 43.72847 ], [ -72.91664, 43.72825 ], [ -72.91612, 43.72735 ] ] } },
{ "type": "Feature", "properties": { "lake": "Chittenden", "depth": 10 }, "geometry": { "type": "LineString", "coordinates": [ [ -72.90027, 43.7268 ], [ -72.8999, 43.72694 ], [ -72.8998, 43.7276 ], [ -72.90007, 43.72771 ], [ -72.90047, 43.72757 ], [ -72.90057, 43.72723 ], [ -72.90047, 43.72691 ], [ -72.90027, 43.7268 ] ] } },
{ "type": "Feature", "properties": { "lake": "Chittenden", "depth": 10 }, "geometry": { "type": "LineString", "coordinates": [ [ -72.92278, 43.72665 ], [ -72.9226, 43.72702 ], [ -72.92268, 43.72732 ], [ -72.92303, 43.72731 ], [ -72.92344, 43.72694 ], [ -72.92278, 43.72665 ] ] } },
{ "type": "Feature", "properties": { "lake": "Chittenden", "depth": 5 }, "geometry": { "type": "LineString", "coordinates": [ [ -72.9143, 43.72614 ], [ -72.9138, 43.72625 ], [ -72.91362, 43.72643 ], [ -72.91359, 43.72682 ], [ -72.91349, 43.72627 ], [ -72.91341, 43.72694 ], [ -72.91295, 43.72716 ], [ -72.91291, 43.72745 ], [ -72.91238, 43.72781 ], [ -72.91242, 43.72803 ], [ -72.91289, 43.72823 ], [ -72.91339, 43.72759 ], [ -72.91353, 43.72767 ], [ -72.91354, 43.72818 ], [ -72.9138, 43.72842 ], [ -72.91433, 43.72818 ], [ -72.9143, 43.72614 ] ] } },
{ "type": "Feature", "properties": { "lake": "Chittenden", "depth": 5 }, "geometry": { "type": "LineString", "coordinates": [ [ -72.91753, 43.7258 ], [ -72.91757, 43.72614 ], [ -72.91728, 43.72622 ], [ -72.91767, 43.72629 ], [ -72.91787, 43.72687 ], [ -72.91899, 43.72723 ], [ -72.91908, 43.72687 ], [ -72.91872, 43.72651 ], [ -72.91753, 43.7258 ] ] } },
{ "type": "Feature", "properties": { "lake": "Chittenden", "depth": 30 }, "geometry": { "type": "LineString", "coordinates": [ [ -72.92214, 43.72433 ], [ -72.92247, 43.72455 ], [ -72.92229, 43.72535 ], [ -72.92238, 43.72552 ], [ -72.92218, 43.72578 ], [ -72.92135, 43.72607 ], [ -72.92126, 43.72636 ], [ -72.92161, 43.7268 ], [ -72.92156, 43.72694 ], [ -72.92069, 43.72716 ], [ -72.92087, 43.72745 ], [ -72.92063, 43.72796 ], [ -72.91995, 43.72833 ], [ -72.91955, 43.72836 ], [ -72.91925, 43.72867 ], [ -72.91918, 43.72847 ], [ -72.91932, 43.72839 ], [ -72.91884, 43.72823 ], [ -72.91834, 43.7286 ], [ -72.91804, 43.72854 ], [ -72.91796, 43.72796 ], [ -72.9177, 43.72774 ], [ -72.91804, 43.72732 ], [ -72.91814, 43.72725 ], [ -72.91824, 43.72768 ], [ -72.91928, 43.72767 ], [ -72.91963, 43.72738 ], [ -72.91951, 43.72716 ], [ -72.92002, 43.72658 ], [ -72.92026, 43.72591 ], [ -72.92106, 43.72584 ], [ -72.92145, 43.72564 ], [ -72.92177, 43.72452 ], [ -72.92214, 43.72433 ] ] } },
{ "type": "Feature", "properties": { "lake": "Chittenden", "depth": 20 }, "geometry": { "type": "LineString", "coordinates": [ [ -72.90703, 43.72397 ], [ -72.90659, 43.72426 ], [ -72.90673, 43.72455 ], [ -72.90713, 43.72459 ], [ -72.90751, 43.72418 ], [ -72.90744, 43.72401 ], [ -72.90703, 43.72397 ] ] } },
{ "type": "Feature", "properties": { "lake": "Chittenden", "depth": 10 }, "geometry": { "type": "LineString", "coordinates": [ [ -72.90673, 43.72271 ], [ -72.90634, 43.72317 ], [ -72.90663, 43.72339 ], [ -72.90703, 43.72331 ], [ -72.90759, 43.72288 ], [ -72.90673, 43.72271 ] ] } },
{ "type": "Feature", "properties": { "lake": "Chittenden", "depth": 5 }, "geometry": { "type": "LineString", "coordinates": [ [ -72.91107, 43.72266 ], [ -72.91158, 43.72265 ], [ -72.9129, 43.7228 ], [ -72.91248, 43.72285 ], [ -72.91107, 43.72266 ] ] } },
{ "type": "Feature", "properties": { "lake": "Chittenden", "depth": 20 }, "geometry": { "type": "LineString", "coordinates": [ [ -72.90509, 43.72222 ], [ -72.90582, 43.72245 ], [ -72.90602, 43.72223 ], [ -72.90622, 43.72232 ], [ -72.90596, 43.72331 ], [ -72.90609, 43.72368 ], [ -72.90683, 43.72378 ], [ -72.90748, 43.72346 ], [ -72.90741, 43.72368 ], [ -72.90804, 43.72393 ], [ -72.90784, 43.72462 ], [ -72.90805, 43.72527 ], [ -72.90889, 43.72549 ], [ -72.90946, 43.72602 ], [ -72.90976, 43.72606 ], [ -72.91036, 43.72664 ], [ -72.91059, 43.72665 ], [ -72.91079, 43.72709 ], [ -72.91015, 43.72752 ], [ -72.91, 43.72789 ], [ -72.91016, 43.7282 ], [ -72.91168, 43.7275 ], [ -72.91189, 43.72803 ], [ -72.91339, 43.72884 ], [ -72.91481, 43.72865 ], [ -72.91642, 43.72949 ], [ -72.91743, 43.72967 ], [ -72.91791, 43.72905 ], [ -72.91755, 43.72781 ], [ -72.91787, 43.72723 ], [ -72.91814, 43.72714 ], [ -72.91894, 43.72754 ], [ -72.91947, 43.72731 ], [ -72.91933, 43.72709 ], [ -72.91966, 43.72665 ], [ -72.91925, 43.72561 ], [ -72.91972, 43.72564 ], [ -72.92096, 43.72491 ], [ -72.92109, 43.72469 ], [ -72.92101, 43.72433 ], [ -72.92127, 43.72407 ], [ -72.92187, 43.72401 ], [ -72.92248, 43.72362 ], [ -72.92318, 43.72348 ], [ -72.92349, 43.72382 ], [ -72.92346, 43.72418 ], [ -72.92298, 43.72511 ], [ -72.92259, 43.72527 ], [ -72.92289, 43.72549 ], [ -72.92297, 43.726 ], [ -72.92177, 43.7262 ], [ -72.92171, 43.72636 ], [ -72.9224, 43.72738 ], [ -72.9223, 43.72781 ], [ -72.92257, 43.72832 ], [ -72.92249, 43.72861 ], [ -72.92197, 43.72934 ], [ -72.92113, 43.72956 ], [ -72.92118, 43.73043 ], [ -72.91975, 43.73086 ], [ -72.91961, 43.7313 ], [ -72.91954, 43.73188 ], [ -72.92118, 43.73202 ], [ -72.92106, 43.73217 ], [ -72.92035, 43.73232 ], [ -72.91987, 43.73304 ], [ -72.91997, 43.73362 ], [ -72.9203, 43.73399 ], [ -72.9202, 43.73442 ], [ -72.92053, 43.73464 ], [ -72.92012, 43.73471 ], [ -72.9199, 43.73493 ], [ -72.92026, 43.73529 ], [ -72.92016, 43.73565 ], [ -72.91985, 43.73585 ], [ -72.91925, 43.73563 ], [ -72.91919, 43.73515 ], [ -72.91874, 43.73442 ], [ -72.91906, 43.73362 ], [ -72.91856, 43.73304 ], [ -72.91763, 43.73269 ], [ -72.91725, 43.73297 ], [ -72.9173, 43.73333 ], [ -72.91703, 43.73357 ], [ -72.91582, 43.7335 ], [ -72.9147, 43.73365 ], [ -72.9137, 43.73347 ], [ -72.91248, 43.73364 ], [ -72.91228, 43.73351 ], [ -72.91198, 43.73382 ], [ -72.91158, 43.73336 ], [ -72.91137, 43.7334 ], [ -72.91107, 43.73387 ], [ -72.91016, 43.73407 ], [ -72.90935, 43.73381 ], [ -72.90875, 43.73424 ], [ -72.90771, 43.73384 ], [ -72.90723, 43.7344 ], [ -72.90662, 43.73435 ], [ -72.90659, 43.73449 ], [ -72.90683, 43.73452 ], [ -72.90691, 43.73471 ], [ -72.90673, 43.73497 ], [ -72.90568, 43.73515 ], [ -72.90501, 43.73578 ], [ -72.90486, 43.73573 ], [ -72.90494, 43.73536 ], [ -72.90402, 43.73464 ], [ -72.9041, 43.73436 ], [ -72.90444, 43.73428 ], [ -72.90414, 43.73413 ], [ -72.90377, 43.73362 ], [ -72.9031, 43.73359 ], [ -72.90275, 43.7334 ], [ -72.90308, 43.73268 ], [ -72.9037, 43.73207 ], [ -72.90337, 43.73108 ], [ -72.9031, 43.73097 ], [ -72.90249, 43.73117 ], [ -72.90157, 43.73086 ], [ -72.90148, 43.73028 ], [ -72.90229, 43.72948 ], [ -72.90246, 43.72898 ], [ -72.90219, 43.72873 ], [ -72.90108, 43.72829 ], [ -72.9012, 43.72774 ], [ -72.90098, 43.72705 ], [ -72.90057, 43.7266 ], [ -72.89919, 43.726 ], [ -72.89963, 43.72469 ], [ -72.90019, 43.7244 ], [ -72.90027, 43.72422 ], [ -72.90249, 43.72351 ], [ -72.9032, 43.7236 ], [ -72.90454, 43.72288 ], [ -72.90463, 43.72259 ], [ -72.90482, 43.72259 ], [ -72.90509, 43.72222 ] ] } },
{ "type": "Feature", "properties": { "lake": "Chittenden", "depth": 10 }, "geometry": { "type": "LineString", "coordinates": [ [ -72.90588, 43.72026 ], [ -72.90637, 43.72026 ], [ -72.90605, 43.72077 ], [ -72.90637, 43.72121 ], [ -72.90689, 43.72143 ], [ -72.90693, 43.72158 ], [ -72.90744, 43.72121 ], [ -72.90765, 43.7215 ], [ -72.9074, 43.72186 ], [ -72.90799, 43.72237 ], [ -72.90783, 43.72288 ], [ -72.9082, 43.72331 ], [ -72.90835, 43.72397 ], [ -72.90848, 43.72404 ], [ -72.90814, 43.72461 ], [ -72.90821, 43.7252 ], [ -72.90855, 43.72527 ], [ -72.90893, 43.72513 ], [ -72.90976, 43.72543 ], [ -72.91026, 43.72515 ], [ -72.91087, 43.72593 ], [ -72.91086, 43.72643 ], [ -72.91158, 43.72676 ], [ -72.91208, 43.7272 ], [ -72.91198, 43.72746 ], [ -72.91246, 43.72818 ], [ -72.9137, 43.72863 ], [ -72.9145, 43.72832 ], [ -72.91491, 43.7284 ], [ -72.91642, 43.72936 ], [ -72.91693, 43.72944 ], [ -72.91718, 43.72912 ], [ -72.91707, 43.72905 ], [ -72.91723, 43.72897 ], [ -72.91753, 43.72917 ], [ -72.91773, 43.72898 ], [ -72.91733, 43.72864 ], [ -72.91723, 43.72878 ], [ -72.91699, 43.72869 ], [ -72.917, 43.72847 ], [ -72.91618, 43.72752 ], [ -72.91617, 43.72629 ], [ -72.91629, 43.72629 ], [ -72.91632, 43.72718 ], [ -72.91682, 43.72726 ], [ -72.91693, 43.72689 ], [ -72.91703, 43.72732 ], [ -72.91763, 43.72733 ], [ -72.91783, 43.72703 ], [ -72.91814, 43.727 ], [ -72.91894, 43.72735 ], [ -72.91919, 43.72716 ], [ -72.91904, 43.72673 ], [ -72.91931, 43.72651 ], [ -72.91882, 43.72556 ], [ -72.91894, 43.7254 ], [ -72.91972, 43.72527 ], [ -72.91985, 43.72488 ], [ -72.92065, 43.7244 ], [ -72.92068, 43.72404 ], [ -72.92308, 43.72321 ], [ -72.92383, 43.72331 ], [ -72.92421, 43.72353 ], [ -72.92359, 43.72441 ], [ -72.92315, 43.72571 ], [ -72.92369, 43.72616 ], [ -72.92371, 43.72658 ], [ -72.92352, 43.72694 ], [ -72.9242, 43.72796 ], [ -72.92376, 43.72847 ], [ -72.92383, 43.7289 ], [ -72.92405, 43.72905 ], [ -72.92391, 43.72934 ], [ -72.92329, 43.72954 ], [ -72.92303, 43.73036 ], [ -72.92325, 43.73079 ], [ -72.92305, 43.73152 ], [ -72.92324, 43.73217 ], [ -72.92314, 43.73246 ], [ -72.92177, 43.73284 ], [ -72.92162, 43.73326 ], [ -72.92192, 43.73355 ], [ -72.9218, 43.73377 ], [ -72.92199, 43.73464 ], [ -72.92142, 43.73536 ], [ -72.92137, 43.73609 ], [ -72.92105, 43.73624 ], [ -72.92096, 43.73649 ], [ -72.92026, 43.73674 ], [ -72.92014, 43.73711 ], [ -72.91955, 43.73754 ], [ -72.91945, 43.73792 ], [ -72.91884, 43.73849 ], [ -72.91834, 43.73823 ], [ -72.91763, 43.73872 ], [ -72.91622, 43.73876 ], [ -72.91582, 43.73908 ], [ -72.9147, 43.73886 ], [ -72.91456, 43.7387 ], [ -72.91468, 43.73856 ], [ -72.9146, 43.7383 ], [ -72.91411, 43.7382 ], [ -72.91406, 43.73798 ], [ -72.91431, 43.73769 ], [ -72.91399, 43.73725 ], [ -72.91465, 43.73689 ], [ -72.9147, 43.73609 ], [ -72.91525, 43.73558 ], [ -72.91519, 43.73478 ], [ -72.91481, 43.73448 ], [ -72.91339, 43.73428 ], [ -72.91238, 43.73456 ], [ -72.91218, 43.73486 ], [ -72.91178, 43.73468 ], [ -72.91087, 43.7347 ], [ -72.91057, 43.73486 ], [ -72.90925, 43.7345 ], [ -72.90877, 43.73478 ], [ -72.90875, 43.7355 ], [ -72.90724, 43.73638 ], [ -72.90725, 43.73674 ], [ -72.90707, 43.73696 ], [ -72.90744, 43.73718 ], [ -72.90752, 43.73747 ], [ -72.90723, 43.73778 ], [ -72.90658, 43.73783 ], [ -72.90662, 43.7382 ], [ -72.90612, 43.73844 ], [ -72.90552, 43.73824 ], [ -72.90511, 43.7383 ], [ -72.90488, 43.73841 ], [ -72.90507, 43.73878 ], [ -72.90434, 43.73907 ], [ -72.9035, 43.73931 ], [ -72.90279, 43.73927 ], [ -72.9027, 43.73827 ], [ -72.90221, 43.73783 ], [ -72.90187, 43.73718 ], [ -72.90223, 43.73674 ], [ -72.90309, 43.73631 ], [ -72.90302, 43.73602 ], [ -72.90254, 43.7358 ], [ -72.90273, 43.73529 ], [ -72.903, 43.73507 ], [ -72.903, 43.73478 ], [ -72.90128, 43.73379 ], [ -72.90117, 43.73348 ], [ -72.90128, 43.7329 ], [ -72.90249, 43.73166 ], [ -72.90198, 43.73125 ], [ -72.90158, 43.73115 ], [ -72.90085, 43.73036 ], [ -72.90108, 43.73001 ], [ -72.90172, 43.72963 ], [ -72.90178, 43.72919 ], [ -72.90148, 43.72901 ], [ -72.90108, 43.729 ], [ -72.90047, 43.72952 ], [ -72.89997, 43.72957 ], [ -72.89916, 43.72912 ], [ -72.89915, 43.72869 ], [ -72.89966, 43.72844 ], [ -72.90031, 43.72839 ], [ -72.89976, 43.72774 ], [ -72.89916, 43.72752 ], [ -72.89821, 43.72745 ], [ -72.89796, 43.72694 ], [ -72.89795, 43.72647 ], [ -72.89743, 43.72636 ], [ -72.89747, 43.72535 ], [ -72.898, 43.7244 ], [ -72.89896, 43.72425 ], [ -72.89997, 43.72385 ], [ -72.9003, 43.72346 ], [ -72.90067, 43.72333 ], [ -72.90077, 43.72298 ], [ -72.90108, 43.72278 ], [ -72.90209, 43.72325 ], [ -72.903, 43.72302 ], [ -72.9034, 43.72221 ], [ -72.90446, 43.72193 ], [ -72.90505, 43.72157 ], [ -72.90543, 43.72063 ], [ -72.90508, 43.72048 ], [ -72.90508, 43.72034 ], [ -72.90588, 43.72026 ] ] } },
{ "type": "Feature", "properties": { "lake": "Chittenden", "depth": 5 }, "geometry": { "type": "LineString", "coordinates": [ [ -72.90819, 43.72019 ], [ -72.90824, 43.72015 ], [ -72.90899, 43.72063 ], [ -72.90824, 43.72059 ], [ -72.90819, 43.72019 ] ] } },
{ "type": "Feature", "properties": { "lake": "Chittenden", "depth": 5 }, "geometry": { "type": "LineString", "coordinates": [ [ -72.91521, 43.71994 ], [ -72.91703, 43.72186 ], [ -72.91694, 43.72237 ], [ -72.91646, 43.72251 ], [ -72.91763, 43.72258 ], [ -72.91784, 43.72295 ], [ -72.91328, 43.72179 ], [ -72.91378, 43.72157 ], [ -72.91377, 43.71994 ] ] } },
{ "type": "Feature", "properties": { "lake": "Chittenden", "depth": 5 }, "geometry": { "type": "LineString", "coordinates": [ [ -72.90149, 43.71994 ], [ -72.90179, 43.72084 ], [ -72.90169, 43.72121 ], [ -72.90199, 43.7215 ], [ -72.90181, 43.72179 ], [ -72.90198, 43.72202 ], [ -72.90161, 43.72222 ], [ -72.90171, 43.72237 ], [ -72.90151, 43.72244 ], [ -72.90155, 43.72273 ], [ -72.90219, 43.72313 ], [ -72.90302, 43.72288 ], [ -72.90335, 43.72201 ], [ -72.90428, 43.72186 ], [ -72.90486, 43.7215 ], [ -72.90525, 43.72084 ], [ -72.90522, 43.7207 ], [ -72.90483, 43.72055 ], [ -72.90485, 43.72034 ], [ -72.90511, 43.72018 ], [ -72.90653, 43.72017 ], [ -72.90657, 43.72041 ], [ -72.90635, 43.7207 ], [ -72.90663, 43.7209 ], [ -72.90738, 43.72099 ], [ -72.90808, 43.72237 ], [ -72.90812, 43.7228 ], [ -72.90878, 43.72317 ], [ -72.91057, 43.72547 ], [ -72.91583, 43.72462 ], [ -72.90966, 43.72295 ], [ -72.90976, 43.7228 ], [ -72.91561, 43.72443 ], [ -72.91925, 43.72486 ], [ -72.91906, 43.7252 ], [ -72.91925, 43.72529 ], [ -72.91966, 43.72513 ], [ -72.91937, 43.72484 ], [ -72.91989, 43.72469 ], [ -72.92008, 43.72455 ], [ -72.92005, 43.72438 ], [ -72.92045, 43.72433 ], [ -72.92056, 43.72389 ], [ -72.92147, 43.72371 ], [ -72.92177, 43.72328 ], [ -72.92298, 43.72306 ], [ -72.92433, 43.72346 ], [ -72.92356, 43.72513 ], [ -72.92356, 43.72564 ], [ -72.92419, 43.72622 ], [ -72.92421, 43.72658 ], [ -72.92402, 43.7268 ], [ -72.92439, 43.72745 ], [ -72.92434, 43.72803 ], [ -72.9246, 43.72834 ], [ -72.92523, 43.72847 ], [ -72.92409, 43.72878 ], [ -72.92407, 43.72898 ], [ -72.92429, 43.72915 ], [ -72.92533, 43.72912 ], [ -72.92552, 43.72956 ], [ -72.92533, 43.72985 ], [ -72.92605, 43.73036 ], [ -72.925, 43.73007 ], [ -72.9249, 43.72986 ], [ -72.92419, 43.72959 ], [ -72.92373, 43.7297 ], [ -72.9236, 43.72992 ], [ -72.92384, 43.73101 ], [ -72.92354, 43.73144 ], [ -72.92372, 43.73224 ], [ -72.92409, 43.73266 ], [ -72.92476, 43.7329 ], [ -72.92475, 43.73304 ], [ -72.923, 43.73326 ], [ -72.92298, 43.73428 ], [ -72.92243, 43.73471 ], [ -72.92167, 43.73627 ], [ -72.92117, 43.73676 ], [ -72.92073, 43.73682 ], [ -72.92009, 43.73761 ], [ -72.92008, 43.73783 ], [ -72.91975, 43.73767 ], [ -72.91993, 43.73783 ], [ -72.91977, 43.73856 ], [ -72.91925, 43.73883 ], [ -72.91864, 43.7395 ], [ -72.91783, 43.73957 ], [ -72.91797, 43.73994 ], [ -72.91783, 43.74006 ], [ -72.91733, 43.73963 ], [ -72.91642, 43.73978 ], [ -72.91592, 43.73968 ], [ -72.91551, 43.73985 ], [ -72.91503, 43.73936 ], [ -72.91442, 43.73907 ], [ -72.91408, 43.73849 ], [ -72.91349, 43.73831 ], [ -72.9135, 43.73805 ], [ -72.91384, 43.73769 ], [ -72.91339, 43.73725 ], [ -72.91428, 43.73689 ], [ -72.9144, 43.73609 ], [ -72.91484, 43.73558 ], [ -72.9149, 43.73515 ], [ -72.91512, 43.73493 ], [ -72.9146, 43.73454 ], [ -72.91349, 43.7344 ], [ -72.91269, 43.73466 ], [ -72.91261, 43.73507 ], [ -72.91228, 43.73515 ], [ -72.91178, 43.73491 ], [ -72.91036, 43.73501 ], [ -72.90915, 43.73472 ], [ -72.90888, 43.73486 ], [ -72.90914, 43.73515 ], [ -72.90905, 43.73563 ], [ -72.90731, 43.73667 ], [ -72.90735, 43.73689 ], [ -72.90768, 43.73703 ], [ -72.90781, 43.73732 ], [ -72.90759, 43.73791 ], [ -72.90778, 43.7382 ], [ -72.90855, 43.73791 ], [ -72.90886, 43.73805 ], [ -72.90896, 43.73834 ], [ -72.90931, 43.73863 ], [ -72.90855, 43.73885 ], [ -72.90824, 43.73916 ], [ -72.90804, 43.73903 ], [ -72.90703, 43.74008 ], [ -72.90683, 43.74015 ], [ -72.90666, 43.73972 ], [ -72.90622, 43.73954 ], [ -72.9039, 43.73971 ], [ -72.9031, 43.74005 ], [ -72.90259, 43.73991 ], [ -72.90251, 43.73834 ], [ -72.90186, 43.73783 ], [ -72.90147, 43.73696 ], [ -72.9018, 43.73638 ], [ -72.90166, 43.7358 ], [ -72.90249, 43.7356 ], [ -72.90267, 43.735 ], [ -72.90229, 43.73487 ], [ -72.90198, 43.73432 ], [ -72.90121, 43.73413 ], [ -72.90058, 43.73348 ], [ -72.90128, 43.73251 ], [ -72.90208, 43.73173 ], [ -72.90178, 43.73129 ], [ -72.90128, 43.73111 ], [ -72.90065, 43.7305 ], [ -72.90075, 43.73006 ], [ -72.90137, 43.7297 ], [ -72.90151, 43.72941 ], [ -72.90108, 43.72926 ], [ -72.90027, 43.72985 ], [ -72.89906, 43.7295 ], [ -72.89873, 43.72883 ], [ -72.89906, 43.72849 ], [ -72.89946, 43.72838 ], [ -72.89961, 43.72803 ], [ -72.89916, 43.7277 ], [ -72.89875, 43.72779 ], [ -72.89845, 43.72806 ], [ -72.89765, 43.72796 ], [ -72.8975, 43.72781 ], [ -72.89747, 43.72731 ], [ -72.89776, 43.72709 ], [ -72.89776, 43.72665 ], [ -72.89764, 43.7265 ], [ -72.89714, 43.72661 ], [ -72.89696, 43.72636 ], [ -72.89701, 43.72549 ], [ -72.89749, 43.7244 ], [ -72.89795, 43.72407 ], [ -72.89986, 43.72382 ], [ -72.90017, 43.72346 ], [ -72.89988, 43.7231 ], [ -72.90047, 43.72333 ], [ -72.90073, 43.7228 ], [ -72.90071, 43.72251 ], [ -72.90041, 43.7223 ], [ -72.90061, 43.72222 ], [ -72.90051, 43.72201 ], [ -72.90013, 43.72193 ], [ -72.90041, 43.72186 ], [ -72.90031, 43.72135 ], [ -72.89943, 43.72128 ], [ -72.90021, 43.72121 ], [ -72.89981, 43.71994 ] ] } },
{ "type": "Feature", "properties": { "lake": "Clyde", "depth": 5 }, "geometry": { "type": "LineString", "coordinates": [ [ -72.16675, 44.93932 ], [ -72.16653, 44.93937 ], [ -72.16674, 44.93952 ], [ -72.16664, 44.93973 ], [ -72.16613, 44.93985 ], [ -72.16624, 44.94005 ], [ -72.16664, 44.94012 ], [ -72.16707, 44.9399 ], [ -72.16711, 44.93966 ], [ -72.16685, 44.93961 ], [ -72.16675, 44.93932 ] ] } },
{ "type": "Feature", "properties": { "lake": "Clyde", "depth": 10 }, "geometry": { "type": "LineString", "coordinates": [ [ -72.17629, 44.93041 ], [ -72.17682, 44.9307 ], [ -72.1767, 44.93088 ], [ -72.17697, 44.93099 ], [ -72.17677, 44.93166 ], [ -72.17686, 44.93219 ], [ -72.17658, 44.93263 ], [ -72.17676, 44.93377 ], [ -72.17595, 44.93456 ], [ -72.17508, 44.93454 ], [ -72.17517, 44.93465 ], [ -72.17502, 44.9348 ], [ -72.17462, 44.93472 ], [ -72.17404, 44.93507 ], [ -72.17361, 44.93624 ], [ -72.17321, 44.93687 ], [ -72.17329, 44.93696 ], [ -72.17299, 44.93706 ], [ -72.17259, 44.93828 ], [ -72.17161, 44.93885 ], [ -72.17103, 44.93943 ], [ -72.17103, 44.93961 ], [ -72.16973, 44.94024 ], [ -72.16991, 44.9399 ], [ -72.16976, 44.93965 ], [ -72.17011, 44.93959 ], [ -72.1704, 44.93976 ], [ -72.17052, 44.93957 ], [ -72.17044, 44.93923 ], [ -72.17084, 44.93894 ], [ -72.17039, 44.93845 ], [ -72.16993, 44.93837 ], [ -72.16953, 44.93855 ], [ -72.1693, 44.93914 ], [ -72.16849, 44.93918 ], [ -72.16762, 44.93875 ], [ -72.16698, 44.93871 ], [ -72.16675, 44.93851 ], [ -72.16686, 44.93812 ], [ -72.16775, 44.93749 ], [ -72.16785, 44.93699 ], [ -72.16846, 44.93672 ], [ -72.16853, 44.9361 ], [ -72.16894, 44.93542 ], [ -72.16883, 44.93523 ], [ -72.16999, 44.93519 ], [ -72.1708, 44.93421 ], [ -72.1709, 44.93364 ], [ -72.17124, 44.9334 ], [ -72.17128, 44.93272 ], [ -72.17266, 44.93238 ], [ -72.17242, 44.93194 ], [ -72.17288, 44.93171 ], [ -72.173, 44.93122 ], [ -72.17369, 44.93087 ], [ -72.17496, 44.93082 ], [ -72.17548, 44.93052 ], [ -72.17583, 44.93057 ], [ -72.17629, 44.93041 ] ] } },
{ "type": "Feature", "properties": { "lake": "Clyde", "depth": 5 }, "geometry": { "type": "LineString", "coordinates": [ [ -72.17777, 44.92858 ], [ -72.17833, 44.92916 ], [ -72.17823, 44.92964 ], [ -72.17887, 44.93002 ], [ -72.17854, 44.93012 ], [ -72.17816, 44.93094 ], [ -72.1778, 44.93104 ], [ -72.17738, 44.93147 ], [ -72.17716, 44.93195 ], [ -72.17724, 44.93219 ], [ -72.17707, 44.93253 ], [ -72.17685, 44.93258 ], [ -72.17694, 44.93359 ], [ -72.17665, 44.93407 ], [ -72.17595, 44.93466 ], [ -72.17479, 44.93498 ], [ -72.17467, 44.93531 ], [ -72.17433, 44.93523 ], [ -72.17406, 44.93547 ], [ -72.17387, 44.93634 ], [ -72.17311, 44.9373 ], [ -72.17259, 44.939 ], [ -72.17229, 44.93908 ], [ -72.17241, 44.93918 ], [ -72.17225, 44.93943 ], [ -72.17172, 44.93949 ], [ -72.17149, 44.93973 ], [ -72.17074, 44.93995 ], [ -72.17011, 44.9405 ], [ -72.16964, 44.94068 ], [ -72.16945, 44.94111 ], [ -72.16918, 44.94128 ], [ -72.16854, 44.94134 ], [ -72.16773, 44.94177 ], [ -72.16669, 44.94175 ], [ -72.16664, 44.9419 ], [ -72.1664, 44.94189 ], [ -72.16625, 44.94169 ], [ -72.16644, 44.94135 ], [ -72.16596, 44.94063 ], [ -72.16554, 44.94077 ], [ -72.16503, 44.94067 ], [ -72.16504, 44.94043 ], [ -72.16545, 44.94034 ], [ -72.16568, 44.9401 ], [ -72.16569, 44.93966 ], [ -72.16536, 44.93961 ], [ -72.16525, 44.93992 ], [ -72.16489, 44.93976 ], [ -72.16547, 44.93942 ], [ -72.16536, 44.93928 ], [ -72.16554, 44.93932 ], [ -72.16573, 44.93913 ], [ -72.166, 44.93855 ], [ -72.16623, 44.93853 ], [ -72.16646, 44.93819 ], [ -72.16682, 44.93807 ], [ -72.16675, 44.93797 ], [ -72.16705, 44.93793 ], [ -72.16716, 44.93767 ], [ -72.16763, 44.93749 ], [ -72.16755, 44.9373 ], [ -72.16843, 44.93623 ], [ -72.16878, 44.93523 ], [ -72.16924, 44.93507 ], [ -72.16987, 44.93515 ], [ -72.17022, 44.93458 ], [ -72.17053, 44.93451 ], [ -72.17062, 44.93407 ], [ -72.1708, 44.93407 ], [ -72.17092, 44.93268 ], [ -72.17132, 44.93241 ], [ -72.17236, 44.93228 ], [ -72.17195, 44.93171 ], [ -72.17207, 44.93161 ], [ -72.17178, 44.93097 ], [ -72.17098, 44.9305 ], [ -72.17083, 44.93022 ], [ -72.17155, 44.93051 ], [ -72.17248, 44.93044 ], [ -72.17253, 44.93028 ], [ -72.1732, 44.93017 ], [ -72.17329, 44.92983 ], [ -72.17398, 44.92992 ], [ -72.17485, 44.93039 ], [ -72.17477, 44.93026 ], [ -72.17496, 44.93023 ], [ -72.17508, 44.92991 ], [ -72.17571, 44.92959 ], [ -72.17577, 44.92931 ], [ -72.17641, 44.92905 ], [ -72.17667, 44.92906 ], [ -72.17681, 44.92928 ], [ -72.17699, 44.92911 ], [ -72.17734, 44.92911 ], [ -72.17736, 44.92891 ], [ -72.17768, 44.92882 ], [ -72.17777, 44.92858 ] ] } },
{ "type": "Feature", "properties": { "lake": "Coles", "depth": 20 }, "geometry": { "type": "LineString", "coordinates": [ [ -72.21516, 44.50799 ], [ -72.21647, 44.50828 ], [ -72.21654, 44.50858 ], [ -72.2149, 44.50879 ], [ -72.21497, 44.50811 ], [ -72.21516, 44.50799 ] ] } },
{ "type": "Feature", "properties": { "lake": "Coles", "depth": 10 }, "geometry": { "type": "LineString", "coordinates": [ [ -72.21734, 44.50764 ], [ -72.21791, 44.50764 ], [ -72.21793, 44.50789 ], [ -72.21827, 44.50823 ], [ -72.21819, 44.50856 ], [ -72.21725, 44.50922 ], [ -72.21685, 44.50932 ], [ -72.21619, 44.51003 ], [ -72.21624, 44.51032 ], [ -72.21574, 44.51096 ], [ -72.2146, 44.51131 ], [ -72.21425, 44.51127 ], [ -72.21412, 44.51083 ], [ -72.21425, 44.51068 ], [ -72.21555, 44.51016 ], [ -72.21554, 44.50992 ], [ -72.21455, 44.50958 ], [ -72.21397, 44.50909 ], [ -72.21405, 44.50863 ], [ -72.21468, 44.50776 ], [ -72.21523, 44.50772 ], [ -72.21566, 44.50794 ], [ -72.21662, 44.50788 ], [ -72.21734, 44.50764 ] ] } },
{ "type": "Feature", "properties": { "lake": "Coles", "depth": 20 }, "geometry": { "type": "LineString", "coordinates": [ [ -72.21512, 44.50488 ], [ -72.21566, 44.50503 ], [ -72.21546, 44.50571 ], [ -72.21481, 44.50566 ], [ -72.21498, 44.50492 ], [ -72.21512, 44.50488 ] ] } },
{ "type": "Feature", "properties": { "lake": "Coles", "depth": 10 }, "geometry": { "type": "LineString", "coordinates": [ [ -72.21512, 44.50444 ], [ -72.21554, 44.50442 ], [ -72.21604, 44.50472 ], [ -72.21596, 44.50531 ], [ -72.21576, 44.50539 ], [ -72.21604, 44.50539 ], [ -72.21604, 44.50551 ], [ -72.21561, 44.50604 ], [ -72.21475, 44.5061 ], [ -72.21425, 44.5057 ], [ -72.21416, 44.50539 ], [ -72.21512, 44.50444 ] ] } },
{ "type": "Feature", "properties": { "lake": "Coles", "depth": 5 }, "geometry": { "type": "LineString", "coordinates": [ [ -72.21506, 44.50306 ], [ -72.21511, 44.50306 ], [ -72.21524, 44.5031 ], [ -72.21524, 44.50314 ], [ -72.21581, 44.50325 ], [ -72.21599, 44.50354 ], [ -72.21639, 44.50359 ], [ -72.21667, 44.50401 ], [ -72.21598, 44.50653 ], [ -72.21533, 44.50665 ], [ -72.21576, 44.5074 ], [ -72.21599, 44.50757 ], [ -72.21682, 44.50758 ], [ -72.21786, 44.50691 ], [ -72.21856, 44.50687 ], [ -72.21872, 44.50739 ], [ -72.219, 44.5076 ], [ -72.219, 44.50795 ], [ -72.21869, 44.50858 ], [ -72.21851, 44.50862 ], [ -72.21849, 44.5089 ], [ -72.21778, 44.50917 ], [ -72.21685, 44.50995 ], [ -72.21649, 44.51065 ], [ -72.21641, 44.51099 ], [ -72.21713, 44.51143 ], [ -72.21733, 44.51178 ], [ -72.21725, 44.51198 ], [ -72.21662, 44.51233 ], [ -72.21576, 44.51226 ], [ -72.21569, 44.51213 ], [ -72.21582, 44.51201 ], [ -72.21561, 44.51174 ], [ -72.21518, 44.51167 ], [ -72.2146, 44.51226 ], [ -72.21397, 44.5125 ], [ -72.21372, 44.51225 ], [ -72.21362, 44.51103 ], [ -72.21461, 44.51 ], [ -72.21402, 44.50974 ], [ -72.21324, 44.50977 ], [ -72.2131, 44.50941 ], [ -72.21323, 44.50913 ], [ -72.21303, 44.50898 ], [ -72.21337, 44.50874 ], [ -72.21354, 44.50823 ], [ -72.21395, 44.50798 ], [ -72.2143, 44.50709 ], [ -72.21422, 44.5066 ], [ -72.21388, 44.50602 ], [ -72.21396, 44.50523 ], [ -72.21467, 44.50421 ], [ -72.21461, 44.50338 ], [ -72.21488, 44.50332 ], [ -72.21506, 44.50306 ] ] } },
{ "type": "Feature", "properties": { "lake": "Colton", "depth": 10 }, "geometry": { "type": "LineString", "coordinates": [ [ -72.81741, 43.69652 ], [ -72.81809, 43.6966 ], [ -72.81811, 43.69682 ], [ -72.81776, 43.69692 ], [ -72.81783, 43.6971 ], [ -72.81809, 43.69699 ], [ -72.81837, 43.69729 ], [ -72.8187, 43.69718 ], [ -72.81901, 43.69752 ], [ -72.81876, 43.6976 ], [ -72.81809, 43.69752 ], [ -72.81792, 43.69733 ], [ -72.81756, 43.69737 ], [ -72.8175, 43.69707 ], [ -72.81712, 43.69686 ], [ -72.81741, 43.69652 ] ] } },
{ "type": "Feature", "properties": { "lake": "Colton", "depth": 5 }, "geometry": { "type": "LineString", "coordinates": [ [ -72.81629, 43.69609 ], [ -72.81798, 43.69628 ], [ -72.81841, 43.69667 ], [ -72.82003, 43.69664 ], [ -72.82043, 43.69695 ], [ -72.82081, 43.697 ], [ -72.82108, 43.69729 ], [ -72.82159, 43.69738 ], [ -72.82214, 43.69797 ], [ -72.8222, 43.69827 ], [ -72.82247, 43.69843 ], [ -72.82257, 43.69889 ], [ -72.82242, 43.69909 ], [ -72.82278, 43.69918 ], [ -72.82279, 43.69944 ], [ -72.82228, 43.69965 ], [ -72.82204, 43.69926 ], [ -72.82172, 43.69913 ], [ -72.82168, 43.69886 ], [ -72.82039, 43.69878 ], [ -72.82017, 43.69869 ], [ -72.81998, 43.69825 ], [ -72.81924, 43.69835 ], [ -72.81768, 43.69773 ], [ -72.81696, 43.6971 ], [ -72.81691, 43.69688 ], [ -72.81668, 43.69694 ], [ -72.81626, 43.69667 ], [ -72.81609, 43.69628 ], [ -72.81629, 43.69609 ] ] } },
{ "type": "Feature", "properties": { "lake": "Crystal (Barton)", "depth": 5 }, "geometry": { "type": "LineString", "coordinates": [ [ -72.14923, 44.74705 ], [ -72.14956, 44.74734 ], [ -72.14939, 44.74753 ], [ -72.14776, 44.74811 ], [ -72.14811, 44.7476 ], [ -72.14923, 44.74705 ] ] } },
{ "type": "Feature", "properties": { "lake": "Crystal (Barton)", "depth": 5 }, "geometry": { "type": "LineString", "coordinates": [ [ -72.15095, 44.74828 ], [ -72.151, 44.74617 ], [ -72.15337, 44.74494 ], [ -72.15383, 44.74576 ], [ -72.15136, 44.74676 ], [ -72.15136, 44.74828 ] ] } },
{ "type": "Feature", "properties": { "lake": "Crystal (Barton)", "depth": 100 }, "geometry": { "type": "LineString", "coordinates": [ [ -72.15569, 44.73362 ], [ -72.15745, 44.73425 ], [ -72.15897, 44.73446 ], [ -72.15938, 44.7347 ], [ -72.15954, 44.73509 ], [ -72.16042, 44.73568 ], [ -72.16084, 44.73655 ], [ -72.16166, 44.73694 ], [ -72.16306, 44.73847 ], [ -72.16446, 44.73964 ], [ -72.16458, 44.73998 ], [ -72.16521, 44.74058 ], [ -72.16514, 44.74137 ], [ -72.16446, 44.74161 ], [ -72.16271, 44.74164 ], [ -72.16154, 44.74218 ], [ -72.16107, 44.74199 ], [ -72.16002, 44.7421 ], [ -72.15956, 44.74189 ], [ -72.15891, 44.74127 ], [ -72.15837, 44.74009 ], [ -72.15745, 44.73903 ], [ -72.15742, 44.73862 ], [ -72.15699, 44.73808 ], [ -72.15629, 44.73765 ], [ -72.15508, 44.73637 ], [ -72.15498, 44.73539 ], [ -72.15464, 44.7349 ], [ -72.15561, 44.73431 ], [ -72.15569, 44.73362 ] ] } },
{ "type": "Feature", "properties": { "lake": "Crystal (Barton)", "depth": 75 }, "geometry": { "type": "LineString", "coordinates": [ [ -72.1446, 44.72118 ], [ -72.14624, 44.72126 ], [ -72.14729, 44.72205 ], [ -72.14866, 44.72353 ], [ -72.14883, 44.72382 ], [ -72.14878, 44.72412 ], [ -72.14928, 44.72475 ], [ -72.14963, 44.72491 ], [ -72.14986, 44.72532 ], [ -72.15056, 44.72559 ], [ -72.15051, 44.72598 ], [ -72.15076, 44.72627 ], [ -72.15126, 44.72658 ], [ -72.15185, 44.72667 ], [ -72.1522, 44.72706 ], [ -72.15231, 44.72783 ], [ -72.15338, 44.72823 ], [ -72.15353, 44.72843 ], [ -72.1535, 44.72882 ], [ -72.1541, 44.72912 ], [ -72.15397, 44.72951 ], [ -72.15411, 44.7299 ], [ -72.15478, 44.73039 ], [ -72.15522, 44.73137 ], [ -72.15582, 44.73169 ], [ -72.15594, 44.73196 ], [ -72.15675, 44.732 ], [ -72.15815, 44.73314 ], [ -72.15956, 44.73386 ], [ -72.16072, 44.73513 ], [ -72.16088, 44.73549 ], [ -72.16139, 44.73578 ], [ -72.16169, 44.73637 ], [ -72.16259, 44.73687 ], [ -72.16364, 44.73812 ], [ -72.16446, 44.73857 ], [ -72.167, 44.74088 ], [ -72.1672, 44.74137 ], [ -72.16698, 44.74225 ], [ -72.16716, 44.74303 ], [ -72.16668, 44.74401 ], [ -72.16551, 44.74438 ], [ -72.16446, 44.74494 ], [ -72.16306, 44.74453 ], [ -72.16224, 44.74408 ], [ -72.15991, 44.74412 ], [ -72.15956, 44.74373 ], [ -72.159, 44.74352 ], [ -72.15839, 44.74281 ], [ -72.15833, 44.74195 ], [ -72.15798, 44.74156 ], [ -72.15793, 44.74107 ], [ -72.15757, 44.74058 ], [ -72.15766, 44.74029 ], [ -72.15699, 44.73914 ], [ -72.15662, 44.73892 ], [ -72.15605, 44.73782 ], [ -72.15488, 44.73717 ], [ -72.1529, 44.73648 ], [ -72.15236, 44.73598 ], [ -72.15244, 44.73568 ], [ -72.1522, 44.73542 ], [ -72.15158, 44.73529 ], [ -72.14939, 44.7343 ], [ -72.14834, 44.73407 ], [ -72.14594, 44.73206 ], [ -72.14534, 44.73059 ], [ -72.14402, 44.72939 ], [ -72.14361, 44.72882 ], [ -72.14355, 44.72842 ], [ -72.14309, 44.72801 ], [ -72.14257, 44.72706 ], [ -72.14228, 44.72588 ], [ -72.14241, 44.72519 ], [ -72.14316, 44.72372 ], [ -72.14285, 44.72235 ], [ -72.14367, 44.72163 ], [ -72.1446, 44.72118 ] ] } },
{ "type": "Feature", "properties": { "lake": "Crystal (Barton)", "depth": 50 }, "geometry": { "type": "LineString", "coordinates": [ [ -72.144, 44.7201 ], [ -72.14484, 44.72007 ], [ -72.14566, 44.72032 ], [ -72.14579, 44.72059 ], [ -72.14659, 44.72091 ], [ -72.14785, 44.72196 ], [ -72.14797, 44.72235 ], [ -72.14869, 44.72272 ], [ -72.14904, 44.72308 ], [ -72.14928, 44.72372 ], [ -72.15009, 44.72478 ], [ -72.15073, 44.72539 ], [ -72.15117, 44.72559 ], [ -72.15138, 44.72611 ], [ -72.15245, 44.72666 ], [ -72.15304, 44.72715 ], [ -72.15313, 44.72764 ], [ -72.15395, 44.72802 ], [ -72.15442, 44.72861 ], [ -72.15512, 44.72912 ], [ -72.15553, 44.7299 ], [ -72.15561, 44.73049 ], [ -72.15594, 44.73094 ], [ -72.15745, 44.73173 ], [ -72.15757, 44.73198 ], [ -72.15862, 44.73267 ], [ -72.15897, 44.73308 ], [ -72.15956, 44.73332 ], [ -72.16107, 44.73479 ], [ -72.16119, 44.73539 ], [ -72.16189, 44.73566 ], [ -72.16219, 44.73637 ], [ -72.16283, 44.73665 ], [ -72.164, 44.73795 ], [ -72.16563, 44.73902 ], [ -72.16621, 44.7398 ], [ -72.16741, 44.74078 ], [ -72.16782, 44.74166 ], [ -72.16752, 44.74225 ], [ -72.16785, 44.74293 ], [ -72.16776, 44.74342 ], [ -72.16742, 44.74372 ], [ -72.16801, 44.74411 ], [ -72.16804, 44.7444 ], [ -72.16727, 44.74466 ], [ -72.16673, 44.74509 ], [ -72.166, 44.74538 ], [ -72.16563, 44.74576 ], [ -72.16505, 44.74594 ], [ -72.16388, 44.7458 ], [ -72.16294, 44.74507 ], [ -72.16189, 44.74602 ], [ -72.16096, 44.74593 ], [ -72.16027, 44.74509 ], [ -72.15967, 44.74479 ], [ -72.15845, 44.74352 ], [ -72.15792, 44.74221 ], [ -72.15751, 44.74166 ], [ -72.15745, 44.7411 ], [ -72.15709, 44.74029 ], [ -72.1571, 44.73992 ], [ -72.15681, 44.7398 ], [ -72.15675, 44.73921 ], [ -72.15558, 44.73784 ], [ -72.15456, 44.73735 ], [ -72.15383, 44.73729 ], [ -72.1529, 44.73697 ], [ -72.15255, 44.73665 ], [ -72.15173, 44.73652 ], [ -72.1508, 44.73602 ], [ -72.14998, 44.73532 ], [ -72.14974, 44.7353 ], [ -72.14939, 44.73484 ], [ -72.14741, 44.73413 ], [ -72.14717, 44.73365 ], [ -72.14647, 44.7332 ], [ -72.1464, 44.73294 ], [ -72.14559, 44.73206 ], [ -72.14478, 44.73059 ], [ -72.14344, 44.72922 ], [ -72.14285, 44.72807 ], [ -72.14215, 44.72719 ], [ -72.14201, 44.72657 ], [ -72.14162, 44.72588 ], [ -72.14183, 44.72559 ], [ -72.14122, 44.72538 ], [ -72.1411, 44.72519 ], [ -72.14116, 44.7247 ], [ -72.142, 44.72392 ], [ -72.14201, 44.72314 ], [ -72.14239, 44.72196 ], [ -72.14309, 44.72099 ], [ -72.144, 44.7201 ] ] } },
{ "type": "Feature", "properties": { "lake": "Crystal (Barton)", "depth": 30 }, "geometry": { "type": "LineString", "coordinates": [ [ -72.14419, 44.7198 ], [ -72.14507, 44.71973 ], [ -72.14566, 44.71992 ], [ -72.14615, 44.72039 ], [ -72.1469, 44.72069 ], [ -72.14729, 44.7212 ], [ -72.14811, 44.72161 ], [ -72.14834, 44.72203 ], [ -72.14881, 44.72234 ], [ -72.14917, 44.72294 ], [ -72.14974, 44.72343 ], [ -72.15008, 44.72421 ], [ -72.151, 44.72529 ], [ -72.15185, 44.72588 ], [ -72.15186, 44.72608 ], [ -72.15337, 44.72709 ], [ -72.15475, 44.72833 ], [ -72.155, 44.72875 ], [ -72.15582, 44.72936 ], [ -72.15602, 44.7298 ], [ -72.15582, 44.73049 ], [ -72.15624, 44.73098 ], [ -72.1571, 44.73123 ], [ -72.15921, 44.7326 ], [ -72.15991, 44.7333 ], [ -72.15999, 44.73362 ], [ -72.16037, 44.73388 ], [ -72.16043, 44.73411 ], [ -72.16131, 44.7347 ], [ -72.16154, 44.73518 ], [ -72.16205, 44.73558 ], [ -72.16242, 44.73637 ], [ -72.16376, 44.73723 ], [ -72.164, 44.73765 ], [ -72.16575, 44.73899 ], [ -72.16633, 44.73972 ], [ -72.16754, 44.74068 ], [ -72.16815, 44.74176 ], [ -72.16814, 44.74215 ], [ -72.16846, 44.74284 ], [ -72.16827, 44.74313 ], [ -72.16847, 44.74333 ], [ -72.16843, 44.74382 ], [ -72.16937, 44.74482 ], [ -72.16797, 44.74505 ], [ -72.16785, 44.74529 ], [ -72.16797, 44.74558 ], [ -72.16769, 44.74597 ], [ -72.16715, 44.74636 ], [ -72.16668, 44.74646 ], [ -72.16645, 44.74673 ], [ -72.16516, 44.74688 ], [ -72.16329, 44.74637 ], [ -72.16189, 44.74678 ], [ -72.16096, 44.74666 ], [ -72.16001, 44.74568 ], [ -72.15984, 44.74509 ], [ -72.15902, 44.7445 ], [ -72.15809, 44.74352 ], [ -72.15775, 44.74235 ], [ -72.1572, 44.74166 ], [ -72.15703, 44.74088 ], [ -72.15667, 44.74039 ], [ -72.15653, 44.73921 ], [ -72.15539, 44.73794 ], [ -72.15348, 44.73758 ], [ -72.15243, 44.73708 ], [ -72.15138, 44.73696 ], [ -72.15044, 44.73639 ], [ -72.14978, 44.73549 ], [ -72.14909, 44.7349 ], [ -72.14741, 44.73457 ], [ -72.14692, 44.73382 ], [ -72.14604, 44.73313 ], [ -72.14565, 44.73235 ], [ -72.14519, 44.73184 ], [ -72.14472, 44.73078 ], [ -72.1439, 44.73027 ], [ -72.14379, 44.72987 ], [ -72.14344, 44.72983 ], [ -72.14352, 44.72951 ], [ -72.14326, 44.72941 ], [ -72.14293, 44.72863 ], [ -72.14269, 44.72853 ], [ -72.14263, 44.72813 ], [ -72.14203, 44.72753 ], [ -72.14145, 44.72603 ], [ -72.14052, 44.72519 ], [ -72.14067, 44.72451 ], [ -72.1414, 44.72382 ], [ -72.14171, 44.72206 ], [ -72.1423, 44.72157 ], [ -72.14274, 44.72086 ], [ -72.14419, 44.7198 ] ] } },
{ "type": "Feature", "properties": { "lake": "Crystal (Barton)", "depth": 20 }, "geometry": { "type": "LineString", "coordinates": [ [ -72.14425, 44.71971 ], [ -72.14531, 44.71961 ], [ -72.14566, 44.71975 ], [ -72.14647, 44.72033 ], [ -72.14712, 44.72049 ], [ -72.14811, 44.72138 ], [ -72.14928, 44.72292 ], [ -72.14996, 44.72343 ], [ -72.15103, 44.72519 ], [ -72.1524, 44.72617 ], [ -72.15255, 44.7265 ], [ -72.15358, 44.72706 ], [ -72.15382, 44.72745 ], [ -72.15453, 44.72794 ], [ -72.15605, 44.72941 ], [ -72.15615, 44.7298 ], [ -72.15592, 44.7301 ], [ -72.15594, 44.73056 ], [ -72.15664, 44.73102 ], [ -72.15792, 44.73141 ], [ -72.15921, 44.73244 ], [ -72.16014, 44.73338 ], [ -72.16007, 44.73362 ], [ -72.16049, 44.73382 ], [ -72.16049, 44.73411 ], [ -72.16072, 44.73416 ], [ -72.16213, 44.73552 ], [ -72.16237, 44.73558 ], [ -72.16212, 44.73578 ], [ -72.16237, 44.73617 ], [ -72.16376, 44.73718 ], [ -72.164, 44.73754 ], [ -72.16564, 44.73882 ], [ -72.1668, 44.74001 ], [ -72.16774, 44.74068 ], [ -72.16823, 44.74166 ], [ -72.16827, 44.74205 ], [ -72.16907, 44.74333 ], [ -72.16882, 44.74372 ], [ -72.16942, 44.74421 ], [ -72.16973, 44.7447 ], [ -72.17054, 44.7449 ], [ -72.17054, 44.74516 ], [ -72.16913, 44.74569 ], [ -72.16855, 44.74575 ], [ -72.16727, 44.74666 ], [ -72.16657, 44.74691 ], [ -72.16528, 44.74698 ], [ -72.16318, 44.74667 ], [ -72.16119, 44.74709 ], [ -72.15979, 44.74579 ], [ -72.15992, 44.74548 ], [ -72.15979, 44.74514 ], [ -72.15897, 44.74457 ], [ -72.15874, 44.74461 ], [ -72.15865, 44.74421 ], [ -72.15841, 44.74411 ], [ -72.15849, 44.74401 ], [ -72.15808, 44.74382 ], [ -72.15754, 44.74264 ], [ -72.15768, 44.74244 ], [ -72.15701, 44.74166 ], [ -72.15691, 44.74097 ], [ -72.15656, 44.74058 ], [ -72.15633, 44.73911 ], [ -72.1557, 44.73838 ], [ -72.15467, 44.73794 ], [ -72.15325, 44.73767 ], [ -72.15278, 44.73738 ], [ -72.15176, 44.73725 ], [ -72.15103, 44.73695 ], [ -72.15009, 44.73621 ], [ -72.14904, 44.73498 ], [ -72.1473, 44.7346 ], [ -72.1467, 44.73372 ], [ -72.14589, 44.73309 ], [ -72.14556, 44.73235 ], [ -72.14494, 44.73166 ], [ -72.14472, 44.73089 ], [ -72.14403, 44.73059 ], [ -72.14334, 44.7299 ], [ -72.14333, 44.72951 ], [ -72.14297, 44.72925 ], [ -72.14297, 44.72892 ], [ -72.14274, 44.72879 ], [ -72.14215, 44.72789 ], [ -72.14141, 44.72637 ], [ -72.14123, 44.72627 ], [ -72.14127, 44.72608 ], [ -72.14025, 44.72549 ], [ -72.14015, 44.7251 ], [ -72.14113, 44.72343 ], [ -72.14148, 44.72225 ], [ -72.14139, 44.72206 ], [ -72.1423, 44.72108 ], [ -72.14308, 44.72059 ], [ -72.14344, 44.72014 ], [ -72.14425, 44.71971 ] ] } },
{ "type": "Feature", "properties": { "lake": "Crystal (Barton)", "depth": 10 }, "geometry": { "type": "LineString", "coordinates": [ [ -72.14505, 44.71941 ], [ -72.14577, 44.71961 ], [ -72.14652, 44.7202 ], [ -72.14717, 44.72032 ], [ -72.14776, 44.72078 ], [ -72.14946, 44.72294 ], [ -72.15013, 44.72343 ], [ -72.15135, 44.72529 ], [ -72.15243, 44.726 ], [ -72.15255, 44.72638 ], [ -72.15301, 44.7265 ], [ -72.15325, 44.72685 ], [ -72.1536, 44.72689 ], [ -72.1547, 44.72804 ], [ -72.15605, 44.72912 ], [ -72.15634, 44.7298 ], [ -72.15621, 44.73019 ], [ -72.15605, 44.73021 ], [ -72.15617, 44.73051 ], [ -72.15695, 44.73098 ], [ -72.15804, 44.73119 ], [ -72.16049, 44.73341 ], [ -72.16096, 44.73427 ], [ -72.16259, 44.73563 ], [ -72.16268, 44.73578 ], [ -72.16254, 44.73598 ], [ -72.16341, 44.73691 ], [ -72.16414, 44.73735 ], [ -72.16422, 44.73764 ], [ -72.16492, 44.73823 ], [ -72.166, 44.73892 ], [ -72.16668, 44.73981 ], [ -72.1678, 44.74068 ], [ -72.16855, 44.74215 ], [ -72.16928, 44.74313 ], [ -72.16926, 44.74401 ], [ -72.16972, 44.74419 ], [ -72.1699, 44.7445 ], [ -72.17074, 44.7448 ], [ -72.17081, 44.74499 ], [ -72.17055, 44.74538 ], [ -72.17054, 44.74568 ], [ -72.1696, 44.74614 ], [ -72.16913, 44.74601 ], [ -72.16878, 44.74611 ], [ -72.16812, 44.74636 ], [ -72.16773, 44.74674 ], [ -72.16657, 44.7471 ], [ -72.1654, 44.74718 ], [ -72.16341, 44.74698 ], [ -72.16318, 44.74683 ], [ -72.16119, 44.74724 ], [ -72.16072, 44.74675 ], [ -72.16002, 44.74652 ], [ -72.15963, 44.74587 ], [ -72.1597, 44.74548 ], [ -72.15947, 44.74509 ], [ -72.15865, 44.7447 ], [ -72.15757, 44.74363 ], [ -72.15771, 44.74342 ], [ -72.15742, 44.74244 ], [ -72.15665, 44.74146 ], [ -72.15625, 44.74048 ], [ -72.15642, 44.74019 ], [ -72.15625, 44.73999 ], [ -72.15622, 44.73911 ], [ -72.15575, 44.73852 ], [ -72.15325, 44.7378 ], [ -72.15255, 44.73743 ], [ -72.15138, 44.73727 ], [ -72.15004, 44.73637 ], [ -72.14974, 44.73589 ], [ -72.14891, 44.73519 ], [ -72.14741, 44.73479 ], [ -72.14702, 44.73451 ], [ -72.14659, 44.73373 ], [ -72.14589, 44.73332 ], [ -72.14557, 44.73294 ], [ -72.14458, 44.73117 ], [ -72.1446, 44.73098 ], [ -72.1432, 44.72995 ], [ -72.1432, 44.72969 ], [ -72.14272, 44.72912 ], [ -72.14287, 44.72892 ], [ -72.14244, 44.72863 ], [ -72.14156, 44.72715 ], [ -72.14127, 44.72637 ], [ -72.14024, 44.72559 ], [ -72.13996, 44.7251 ], [ -72.14003, 44.72451 ], [ -72.14045, 44.72412 ], [ -72.14059, 44.72343 ], [ -72.14087, 44.72326 ], [ -72.14078, 44.72294 ], [ -72.14101, 44.72265 ], [ -72.14091, 44.72235 ], [ -72.1411, 44.72225 ], [ -72.14116, 44.72196 ], [ -72.1415, 44.72176 ], [ -72.14215, 44.72089 ], [ -72.14262, 44.72081 ], [ -72.14337, 44.72 ], [ -72.14505, 44.71941 ] ] } },
{ "type": "Feature", "properties": { "lake": "Crystal (Barton)", "depth": 5 }, "geometry": { "type": "LineString", "coordinates": [ [ -72.14454, 44.71922 ], [ -72.14542, 44.71931 ], [ -72.14624, 44.71967 ], [ -72.14647, 44.72 ], [ -72.14779, 44.72049 ], [ -72.14962, 44.72294 ], [ -72.15023, 44.72333 ], [ -72.15068, 44.72421 ], [ -72.15115, 44.72461 ], [ -72.15155, 44.72529 ], [ -72.15427, 44.72725 ], [ -72.155, 44.72809 ], [ -72.15552, 44.72833 ], [ -72.15632, 44.72921 ], [ -72.15652, 44.73014 ], [ -72.15792, 44.73077 ], [ -72.15893, 44.73186 ], [ -72.15944, 44.73214 ], [ -72.16076, 44.73353 ], [ -72.16096, 44.73415 ], [ -72.16278, 44.73578 ], [ -72.16304, 44.73637 ], [ -72.16341, 44.73678 ], [ -72.16573, 44.73862 ], [ -72.16782, 44.74068 ], [ -72.16878, 44.74226 ], [ -72.16952, 44.74303 ], [ -72.16948, 44.74352 ], [ -72.16976, 44.74411 ], [ -72.17007, 44.74444 ], [ -72.17109, 44.74489 ], [ -72.17094, 44.74558 ], [ -72.17076, 44.74578 ], [ -72.17086, 44.74617 ], [ -72.17076, 44.74646 ], [ -72.17124, 44.74651 ], [ -72.17124, 44.74663 ], [ -72.17086, 44.74676 ], [ -72.17077, 44.747 ], [ -72.17042, 44.747 ], [ -72.1703, 44.7467 ], [ -72.1696, 44.74634 ], [ -72.16657, 44.74753 ], [ -72.16575, 44.74776 ], [ -72.16551, 44.74762 ], [ -72.16528, 44.74783 ], [ -72.16446, 44.74769 ], [ -72.16329, 44.74722 ], [ -72.16271, 44.74723 ], [ -72.16201, 44.74752 ], [ -72.16119, 44.74746 ], [ -72.16039, 44.74685 ], [ -72.15998, 44.74676 ], [ -72.15979, 44.7462 ], [ -72.1594, 44.74578 ], [ -72.15956, 44.74568 ], [ -72.15949, 44.74538 ], [ -72.15792, 44.74419 ], [ -72.1572, 44.7444 ], [ -72.1571, 44.74488 ], [ -72.15699, 44.74449 ], [ -72.15638, 44.7447 ], [ -72.15629, 44.74572 ], [ -72.15607, 44.74548 ], [ -72.15594, 44.74488 ], [ -72.15475, 44.74538 ], [ -72.15472, 44.74725 ], [ -72.15448, 44.74715 ], [ -72.15446, 44.74685 ], [ -72.15422, 44.74656 ], [ -72.15427, 44.7446 ], [ -72.15547, 44.74399 ], [ -72.15594, 44.74471 ], [ -72.15596, 44.74382 ], [ -72.15652, 44.74355 ], [ -72.15675, 44.74392 ], [ -72.15678, 44.74352 ], [ -72.15747, 44.74323 ], [ -72.15725, 44.74235 ], [ -72.15658, 44.74156 ], [ -72.15643, 44.74088 ], [ -72.15614, 44.74048 ], [ -72.15618, 44.73911 ], [ -72.15605, 44.7389 ], [ -72.1557, 44.73882 ], [ -72.15547, 44.73853 ], [ -72.15442, 44.73836 ], [ -72.15208, 44.7375 ], [ -72.15173, 44.73756 ], [ -72.15103, 44.73732 ], [ -72.15052, 44.73705 ], [ -72.15022, 44.73647 ], [ -72.14998, 44.7364 ], [ -72.14974, 44.73596 ], [ -72.14928, 44.73579 ], [ -72.14904, 44.73547 ], [ -72.14793, 44.7349 ], [ -72.14706, 44.73475 ], [ -72.14646, 44.73411 ], [ -72.14641, 44.73382 ], [ -72.14554, 44.73317 ], [ -72.14444, 44.73098 ], [ -72.14332, 44.73009 ], [ -72.14285, 44.73039 ], [ -72.14264, 44.73029 ], [ -72.14311, 44.7298 ], [ -72.14297, 44.72965 ], [ -72.14262, 44.72994 ], [ -72.14242, 44.7299 ], [ -72.14277, 44.72961 ], [ -72.14285, 44.72931 ], [ -72.14182, 44.72755 ], [ -72.14158, 44.72735 ], [ -72.14117, 44.72637 ], [ -72.1404, 44.72575 ], [ -72.14005, 44.72564 ], [ -72.13882, 44.72676 ], [ -72.13862, 44.72715 ], [ -72.13825, 44.72725 ], [ -72.13994, 44.72539 ], [ -72.13984, 44.72421 ], [ -72.13898, 44.72323 ], [ -72.1391, 44.72265 ], [ -72.13991, 44.72216 ], [ -72.13996, 44.72186 ], [ -72.14133, 44.72116 ], [ -72.14145, 44.72093 ], [ -72.14227, 44.72059 ], [ -72.14402, 44.71937 ], [ -72.14454, 44.71922 ] ] } },
{ "type": "Feature", "properties": { "lake": "Curtis", "depth": 20 }, "geometry": { "type": "LineString", "coordinates": [ [ -72.49535, 44.38498 ], [ -72.49554, 44.38503 ], [ -72.49527, 44.38552 ], [ -72.49516, 44.38678 ], [ -72.49533, 44.38755 ], [ -72.49509, 44.38816 ], [ -72.4946, 44.38816 ], [ -72.49408, 44.38786 ], [ -72.49339, 44.38776 ], [ -72.49329, 44.3876 ], [ -72.49357, 44.38715 ], [ -72.49367, 44.3865 ], [ -72.49395, 44.38636 ], [ -72.49429, 44.38569 ], [ -72.49535, 44.38498 ] ] } },
{ "type": "Feature", "properties": { "lake": "Curtis", "depth": 10 }, "geometry": { "type": "LineString", "coordinates": [ [ -72.49594, 44.38352 ], [ -72.49615, 44.3837 ], [ -72.49593, 44.38479 ], [ -72.49555, 44.38547 ], [ -72.49533, 44.38673 ], [ -72.49549, 44.38755 ], [ -72.49526, 44.38833 ], [ -72.49471, 44.38863 ], [ -72.49398, 44.38833 ], [ -72.49295, 44.38883 ], [ -72.49246, 44.38882 ], [ -72.49336, 44.38712 ], [ -72.49336, 44.38663 ], [ -72.4936, 44.38632 ], [ -72.49381, 44.38632 ], [ -72.49443, 44.38517 ], [ -72.49471, 44.38505 ], [ -72.49549, 44.38416 ], [ -72.49574, 44.3836 ], [ -72.49594, 44.38352 ] ] } },
{ "type": "Feature", "properties": { "lake": "Curtis", "depth": 5 }, "geometry": { "type": "LineString", "coordinates": [ [ -72.49625, 44.38285 ], [ -72.49641, 44.38319 ], [ -72.49603, 44.3845 ], [ -72.49609, 44.38479 ], [ -72.49584, 44.3854 ], [ -72.49567, 44.38549 ], [ -72.49541, 44.38673 ], [ -72.49557, 44.38827 ], [ -72.49464, 44.38883 ], [ -72.49377, 44.38872 ], [ -72.49374, 44.38893 ], [ -72.49314, 44.38921 ], [ -72.49319, 44.38985 ], [ -72.49264, 44.38992 ], [ -72.49195, 44.38977 ], [ -72.49177, 44.38945 ], [ -72.49194, 44.38872 ], [ -72.49236, 44.38856 ], [ -72.49353, 44.38622 ], [ -72.49371, 44.38619 ], [ -72.49398, 44.38559 ], [ -72.49502, 44.38452 ], [ -72.4955, 44.38367 ], [ -72.49625, 44.38285 ] ] } },
{ "type": "Feature", "properties": { "lake": "Curtis", "depth": 20 }, "geometry": { "type": "LineString", "coordinates": [ [ -72.49939, 44.37784 ], [ -72.49974, 44.37783 ], [ -72.49995, 44.37799 ], [ -72.49988, 44.37889 ], [ -72.49912, 44.37961 ], [ -72.49819, 44.37959 ], [ -72.49813, 44.37925 ], [ -72.49843, 44.37896 ], [ -72.49833, 44.37857 ], [ -72.49895, 44.37791 ], [ -72.49939, 44.37784 ] ] } },
{ "type": "Feature", "properties": { "lake": "Curtis", "depth": 10 }, "geometry": { "type": "LineString", "coordinates": [ [ -72.49977, 44.37668 ], [ -72.50026, 44.37694 ], [ -72.50039, 44.3775 ], [ -72.50026, 44.37851 ], [ -72.49974, 44.37976 ], [ -72.49929, 44.37998 ], [ -72.49867, 44.37982 ], [ -72.49788, 44.37987 ], [ -72.4975, 44.37969 ], [ -72.49806, 44.37843 ], [ -72.49788, 44.37823 ], [ -72.49798, 44.37828 ], [ -72.49787, 44.37809 ], [ -72.49801, 44.37784 ], [ -72.49781, 44.37721 ], [ -72.49857, 44.37672 ], [ -72.49898, 44.37684 ], [ -72.49977, 44.37668 ] ] } },
{ "type": "Feature", "properties": { "lake": "Curtis", "depth": 5 }, "geometry": { "type": "LineString", "coordinates": [ [ -72.49899, 44.37624 ], [ -72.50026, 44.37656 ], [ -72.50074, 44.37729 ], [ -72.50047, 44.37785 ], [ -72.50033, 44.37879 ], [ -72.50002, 44.37913 ], [ -72.4999, 44.37974 ], [ -72.49957, 44.38029 ], [ -72.49933, 44.3803 ], [ -72.49912, 44.37997 ], [ -72.49742, 44.37998 ], [ -72.49725, 44.37979 ], [ -72.49786, 44.37852 ], [ -72.49742, 44.37721 ], [ -72.49812, 44.37702 ], [ -72.49826, 44.37667 ], [ -72.49899, 44.37624 ] ] } },
{ "type": "Feature", "properties": { "lake": "Derby", "depth": 10 }, "geometry": { "type": "LineString", "coordinates": [ [ -72.11103, 44.95113 ], [ -72.11127, 44.95136 ], [ -72.11194, 44.95134 ], [ -72.11246, 44.95155 ], [ -72.11277, 44.95175 ], [ -72.11281, 44.95219 ], [ -72.11335, 44.95231 ], [ -72.11498, 44.95312 ], [ -72.11547, 44.95349 ], [ -72.11547, 44.95378 ], [ -72.11582, 44.95432 ], [ -72.11644, 44.9546 ], [ -72.11736, 44.9544 ], [ -72.11771, 44.95415 ], [ -72.11838, 44.95418 ], [ -72.11828, 44.95353 ], [ -72.1186, 44.95345 ], [ -72.11809, 44.95308 ], [ -72.11828, 44.95291 ], [ -72.11845, 44.95234 ], [ -72.11919, 44.95208 ], [ -72.11946, 44.95225 ], [ -72.11979, 44.95198 ], [ -72.12013, 44.95206 ], [ -72.121, 44.95293 ], [ -72.12156, 44.9532 ], [ -72.12184, 44.95357 ], [ -72.12216, 44.95361 ], [ -72.12248, 44.95428 ], [ -72.12296, 44.95457 ], [ -72.12329, 44.95552 ], [ -72.12289, 44.95589 ], [ -72.12286, 44.95618 ], [ -72.12308, 44.95639 ], [ -72.123, 44.95742 ], [ -72.12288, 44.9576 ], [ -72.12252, 44.95759 ], [ -72.12214, 44.95796 ], [ -72.1212, 44.95744 ], [ -72.12093, 44.95759 ], [ -72.12006, 44.9575 ], [ -72.11985, 44.95721 ], [ -72.11852, 44.9567 ], [ -72.11834, 44.95635 ], [ -72.11779, 44.95635 ], [ -72.11677, 44.95561 ], [ -72.1151, 44.955 ], [ -72.11464, 44.95461 ], [ -72.11402, 44.95436 ], [ -72.11335, 44.95438 ], [ -72.11275, 44.9538 ], [ -72.11248, 44.9538 ], [ -72.11121, 44.95316 ], [ -72.11019, 44.95212 ], [ -72.11005, 44.95167 ], [ -72.11027, 44.95129 ], [ -72.1108, 44.95116 ], [ -72.11087, 44.95128 ], [ -72.11103, 44.95113 ] ] } },
{ "type": "Feature", "properties": { "lake": "Derby", "depth": 5 }, "geometry": { "type": "LineString", "coordinates": [ [ -72.11036, 44.94886 ], [ -72.11087, 44.94935 ], [ -72.11255, 44.94944 ], [ -72.11302, 44.94963 ], [ -72.11429, 44.94957 ], [ -72.11516, 44.94996 ], [ -72.1161, 44.94997 ], [ -72.11675, 44.9503 ], [ -72.11689, 44.95059 ], [ -72.11731, 44.95049 ], [ -72.11778, 44.95071 ], [ -72.11845, 44.95068 ], [ -72.11858, 44.95109 ], [ -72.11966, 44.95141 ], [ -72.12019, 44.95124 ], [ -72.12066, 44.95165 ], [ -72.1211, 44.95171 ], [ -72.12262, 44.95304 ], [ -72.12275, 44.95386 ], [ -72.12355, 44.95452 ], [ -72.12427, 44.95481 ], [ -72.12479, 44.9556 ], [ -72.12449, 44.95618 ], [ -72.1249, 44.95717 ], [ -72.12445, 44.95783 ], [ -72.12457, 44.95817 ], [ -72.12438, 44.95854 ], [ -72.12402, 44.95867 ], [ -72.12341, 44.9584 ], [ -72.12227, 44.95858 ], [ -72.12173, 44.95837 ], [ -72.12134, 44.95772 ], [ -72.12066, 44.95784 ], [ -72.11984, 44.95775 ], [ -72.11932, 44.95737 ], [ -72.11858, 44.95712 ], [ -72.11825, 44.95667 ], [ -72.11618, 44.95601 ], [ -72.11569, 44.95556 ], [ -72.11489, 44.95543 ], [ -72.11429, 44.95569 ], [ -72.11407, 44.95556 ], [ -72.11375, 44.9548 ], [ -72.11313, 44.95465 ], [ -72.11221, 44.95388 ], [ -72.11161, 44.95374 ], [ -72.11078, 44.95316 ], [ -72.1108, 44.95288 ], [ -72.11052, 44.95254 ], [ -72.10888, 44.95155 ], [ -72.10881, 44.95117 ], [ -72.10808, 44.95039 ], [ -72.10809, 44.95006 ], [ -72.10839, 44.94979 ], [ -72.10926, 44.94999 ], [ -72.10953, 44.9502 ], [ -72.1106, 44.94984 ], [ -72.11081, 44.94948 ], [ -72.11024, 44.94923 ], [ -72.11036, 44.94886 ] ] } },
{ "type": "Feature", "properties": { "lake": "Dunmore", "depth": 10 }, "geometry": { "type": "LineString", "coordinates": [ [ -73.07765, 43.91976 ], [ -73.07798, 43.92025 ], [ -73.07789, 43.92049 ], [ -73.07751, 43.92047 ], [ -73.07737, 43.92025 ], [ -73.07765, 43.91976 ] ] } },
{ "type": "Feature", "properties": { "lake": "Dunmore", "depth": 100 }, "geometry": { "type": "LineString", "coordinates": [ [ -73.07524, 43.91321 ], [ -73.07566, 43.91319 ], [ -73.07605, 43.91348 ], [ -73.07613, 43.91407 ], [ -73.07566, 43.91425 ], [ -73.07482, 43.91419 ], [ -73.0746, 43.91403 ], [ -73.07474, 43.91358 ], [ -73.07524, 43.91321 ] ] } },
{ "type": "Feature", "properties": { "lake": "Dunmore", "depth": 75 }, "geometry": { "type": "LineString", "coordinates": [ [ -73.0742, 43.91026 ], [ -73.07413, 43.91061 ], [ -73.07443, 43.91095 ], [ -73.0747, 43.91076 ], [ -73.07443, 43.91049 ], [ -73.0745, 43.91027 ], [ -73.0742, 43.91026 ] ] } },
{ "type": "Feature", "properties": { "lake": "Dunmore", "depth": 75 }, "geometry": { "type": "LineString", "coordinates": [ [ -73.07643, 43.90847 ], [ -73.07743, 43.90837 ], [ -73.07797, 43.90853 ], [ -73.0783, 43.90879 ], [ -73.07847, 43.90928 ], [ -73.07843, 43.90946 ], [ -73.07751, 43.90945 ], [ -73.07659, 43.91046 ], [ -73.07586, 43.91076 ], [ -73.07627, 43.91157 ], [ -73.07631, 43.91272 ], [ -73.07701, 43.91321 ], [ -73.07728, 43.9137 ], [ -73.0772, 43.91497 ], [ -73.07651, 43.91544 ], [ -73.07573, 43.91501 ], [ -73.07497, 43.91509 ], [ -73.07397, 43.91628 ], [ -73.07305, 43.9164 ], [ -73.07224, 43.91567 ], [ -73.07209, 43.91534 ], [ -73.07246, 43.91436 ], [ -73.07182, 43.91379 ], [ -73.07158, 43.91321 ], [ -73.07139, 43.91207 ], [ -73.07151, 43.91151 ], [ -73.07182, 43.91111 ], [ -73.07259, 43.91094 ], [ -73.07297, 43.9106 ], [ -73.0738, 43.91027 ], [ -73.07392, 43.90994 ], [ -73.07372, 43.90961 ], [ -73.07405, 43.90877 ], [ -73.07428, 43.90855 ], [ -73.07551, 43.9088 ], [ -73.07643, 43.90847 ] ] } },
{ "type": "Feature", "properties": { "lake": "Dunmore", "depth": 75 }, "geometry": { "type": "LineString", "coordinates": [ [ -73.07625, 43.90388 ], [ -73.07649, 43.90421 ], [ -73.07628, 43.9045 ], [ -73.07574, 43.90447 ], [ -73.0755, 43.90421 ], [ -73.07566, 43.90397 ], [ -73.07625, 43.90388 ] ] } },
{ "type": "Feature", "properties": { "lake": "Dunmore", "depth": 50 }, "geometry": { "type": "LineString", "coordinates": [ [ -73.07527, 43.90323 ], [ -73.07605, 43.90308 ], [ -73.07689, 43.90325 ], [ -73.079, 43.90536 ], [ -73.07982, 43.90725 ], [ -73.08059, 43.90752 ], [ -73.0812, 43.90744 ], [ -73.08174, 43.90773 ], [ -73.08243, 43.90923 ], [ -73.0828, 43.90945 ], [ -73.0827, 43.90994 ], [ -73.08317, 43.91043 ], [ -73.08314, 43.91125 ], [ -73.08455, 43.91321 ], [ -73.08466, 43.91392 ], [ -73.08436, 43.91404 ], [ -73.08328, 43.914 ], [ -73.08232, 43.91452 ], [ -73.08097, 43.91484 ], [ -73.07813, 43.91651 ], [ -73.07743, 43.91717 ], [ -73.07705, 43.91733 ], [ -73.07297, 43.91717 ], [ -73.07174, 43.91643 ], [ -73.07097, 43.91556 ], [ -73.06997, 43.91421 ], [ -73.06982, 43.91352 ], [ -73.06895, 43.91256 ], [ -73.06833, 43.91108 ], [ -73.06794, 43.91076 ], [ -73.06808, 43.9101 ], [ -73.06836, 43.90967 ], [ -73.06997, 43.90973 ], [ -73.07113, 43.90919 ], [ -73.07236, 43.909 ], [ -73.07282, 43.90869 ], [ -73.07336, 43.90799 ], [ -73.07458, 43.90732 ], [ -73.07474, 43.90668 ], [ -73.07513, 43.90638 ], [ -73.07523, 43.90601 ], [ -73.07516, 43.90552 ], [ -73.07454, 43.90437 ], [ -73.07483, 43.90339 ], [ -73.07527, 43.90323 ] ] } },
{ "type": "Feature", "properties": { "lake": "Dunmore", "depth": 30 }, "geometry": { "type": "LineString", "coordinates": [ [ -73.07371, 43.90208 ], [ -73.07397, 43.90196 ], [ -73.07559, 43.90225 ], [ -73.07628, 43.90221 ], [ -73.07705, 43.90253 ], [ -73.07828, 43.90366 ], [ -73.07882, 43.90486 ], [ -73.07919, 43.90519 ], [ -73.08005, 43.90669 ], [ -73.08066, 43.90682 ], [ -73.08205, 43.90661 ], [ -73.08259, 43.90704 ], [ -73.08328, 43.90918 ], [ -73.08367, 43.90945 ], [ -73.08451, 43.9105 ], [ -73.0846, 43.91125 ], [ -73.08549, 43.91207 ], [ -73.08569, 43.91256 ], [ -73.0855, 43.91387 ], [ -73.08505, 43.91451 ], [ -73.08374, 43.91478 ], [ -73.08274, 43.91525 ], [ -73.08212, 43.91524 ], [ -73.08128, 43.91552 ], [ -73.08097, 43.91552 ], [ -73.08074, 43.91533 ], [ -73.08011, 43.91599 ], [ -73.07751, 43.91748 ], [ -73.07697, 43.91804 ], [ -73.07436, 43.91872 ], [ -73.07174, 43.91812 ], [ -73.07124, 43.9173 ], [ -73.07059, 43.91688 ], [ -73.07051, 43.91628 ], [ -73.06951, 43.91596 ], [ -73.06918, 43.91518 ], [ -73.06937, 43.91501 ], [ -73.06925, 43.91452 ], [ -73.06936, 43.91418 ], [ -73.06828, 43.91329 ], [ -73.06805, 43.91288 ], [ -73.06771, 43.91207 ], [ -73.06773, 43.91141 ], [ -73.06743, 43.91091 ], [ -73.06729, 43.90994 ], [ -73.06784, 43.90945 ], [ -73.0689, 43.90897 ], [ -73.0699, 43.90878 ], [ -73.07051, 43.9089 ], [ -73.0719, 43.90862 ], [ -73.07243, 43.9082 ], [ -73.0729, 43.90754 ], [ -73.07397, 43.90699 ], [ -73.0744, 43.90585 ], [ -73.07403, 43.90503 ], [ -73.07412, 43.90405 ], [ -73.07341, 43.90306 ], [ -73.07332, 43.90225 ], [ -73.07371, 43.90208 ] ] } },
{ "type": "Feature", "properties": { "lake": "Dunmore", "depth": 20 }, "geometry": { "type": "LineString", "coordinates": [ [ -73.07345, 43.9011 ], [ -73.07528, 43.90094 ], [ -73.07628, 43.90115 ], [ -73.07743, 43.90211 ], [ -73.07774, 43.90272 ], [ -73.07843, 43.9034 ], [ -73.07936, 43.90503 ], [ -73.07949, 43.90568 ], [ -73.07989, 43.90613 ], [ -73.08082, 43.90651 ], [ -73.08205, 43.90636 ], [ -73.08288, 43.9065 ], [ -73.08314, 43.90683 ], [ -73.08328, 43.90747 ], [ -73.08349, 43.90765 ], [ -73.08332, 43.90781 ], [ -73.08336, 43.90814 ], [ -73.08429, 43.90928 ], [ -73.08443, 43.90995 ], [ -73.08499, 43.91043 ], [ -73.08559, 43.91163 ], [ -73.08605, 43.91207 ], [ -73.08623, 43.91321 ], [ -73.08591, 43.9137 ], [ -73.08589, 43.91403 ], [ -73.08536, 43.91464 ], [ -73.08289, 43.91533 ], [ -73.08215, 43.91534 ], [ -73.08043, 43.91588 ], [ -73.07755, 43.91763 ], [ -73.07705, 43.91822 ], [ -73.07636, 43.91841 ], [ -73.07554, 43.91894 ], [ -73.07535, 43.91927 ], [ -73.07282, 43.91945 ], [ -73.07174, 43.91891 ], [ -73.07111, 43.91763 ], [ -73.07117, 43.91747 ], [ -73.0709, 43.91718 ], [ -73.07036, 43.91711 ], [ -73.07005, 43.91688 ], [ -73.06974, 43.91709 ], [ -73.0689, 43.91632 ], [ -73.06922, 43.91567 ], [ -73.06903, 43.91518 ], [ -73.06916, 43.91485 ], [ -73.06908, 43.91436 ], [ -73.06828, 43.91377 ], [ -73.06762, 43.91288 ], [ -73.06769, 43.91256 ], [ -73.0674, 43.91207 ], [ -73.06751, 43.91157 ], [ -73.06714, 43.91043 ], [ -73.0672, 43.90984 ], [ -73.06743, 43.90945 ], [ -73.0682, 43.90914 ], [ -73.06851, 43.90879 ], [ -73.0699, 43.90863 ], [ -73.07051, 43.90875 ], [ -73.07136, 43.90854 ], [ -73.07208, 43.90814 ], [ -73.07224, 43.90797 ], [ -73.07222, 43.90765 ], [ -73.07313, 43.90697 ], [ -73.07382, 43.90677 ], [ -73.07417, 43.90601 ], [ -73.07397, 43.90568 ], [ -73.07404, 43.90421 ], [ -73.07397, 43.90403 ], [ -73.07351, 43.90381 ], [ -73.07282, 43.90292 ], [ -73.07228, 43.90296 ], [ -73.07136, 43.90348 ], [ -73.07059, 43.90368 ], [ -73.07006, 43.90323 ], [ -73.07059, 43.90237 ], [ -73.07263, 43.90159 ], [ -73.07345, 43.9011 ] ] } },
{ "type": "Feature", "properties": { "lake": "Dunmore", "depth": 5 }, "geometry": { "type": "LineString", "coordinates": [ [ -73.0752, 43.89813 ], [ -73.07509, 43.89848 ], [ -73.0752, 43.89892 ], [ -73.07605, 43.89923 ], [ -73.07624, 43.89897 ], [ -73.07603, 43.89881 ], [ -73.07612, 43.89865 ], [ -73.0752, 43.89813 ] ] } },
{ "type": "Feature", "properties": { "lake": "Dunmore", "depth": 10 }, "geometry": { "type": "LineString", "coordinates": [ [ -73.0719, 43.89701 ], [ -73.0729, 43.8974 ], [ -73.07397, 43.89861 ], [ -73.07428, 43.89862 ], [ -73.0749, 43.89925 ], [ -73.0756, 43.89946 ], [ -73.07582, 43.89979 ], [ -73.07628, 43.89994 ], [ -73.07674, 43.90039 ], [ -73.07754, 43.90061 ], [ -73.07774, 43.9011 ], [ -73.07761, 43.90192 ], [ -73.07914, 43.90405 ], [ -73.07978, 43.90585 ], [ -73.07997, 43.906 ], [ -73.08059, 43.906 ], [ -73.08089, 43.90629 ], [ -73.08243, 43.90596 ], [ -73.0832, 43.90624 ], [ -73.08349, 43.90732 ], [ -73.08391, 43.90814 ], [ -73.08443, 43.90862 ], [ -73.08497, 43.90848 ], [ -73.08542, 43.90912 ], [ -73.08496, 43.90977 ], [ -73.08551, 43.90987 ], [ -73.08574, 43.91011 ], [ -73.08636, 43.91016 ], [ -73.08684, 43.91076 ], [ -73.08658, 43.9119 ], [ -73.08675, 43.91272 ], [ -73.08659, 43.91337 ], [ -73.08617, 43.91419 ], [ -73.08551, 43.91478 ], [ -73.0832, 43.91538 ], [ -73.08212, 43.91547 ], [ -73.07982, 43.91631 ], [ -73.07782, 43.91777 ], [ -73.07757, 43.91779 ], [ -73.07719, 43.91845 ], [ -73.07736, 43.91861 ], [ -73.07728, 43.91888 ], [ -73.07674, 43.91887 ], [ -73.07636, 43.91869 ], [ -73.07622, 43.91894 ], [ -73.07589, 43.919 ], [ -73.07559, 43.91946 ], [ -73.07474, 43.91961 ], [ -73.07443, 43.91992 ], [ -73.07443, 43.92017 ], [ -73.07469, 43.92025 ], [ -73.07451, 43.92061 ], [ -73.07427, 43.92058 ], [ -73.07397, 43.91983 ], [ -73.07274, 43.91977 ], [ -73.07205, 43.91952 ], [ -73.07143, 43.91879 ], [ -73.07082, 43.91732 ], [ -73.07059, 43.91737 ], [ -73.07036, 43.91769 ], [ -73.06982, 43.91769 ], [ -73.06948, 43.91698 ], [ -73.06882, 43.91652 ], [ -73.0689, 43.91436 ], [ -73.06859, 43.91413 ], [ -73.0682, 43.91408 ], [ -73.06788, 43.9137 ], [ -73.06726, 43.91239 ], [ -73.06723, 43.91141 ], [ -73.06696, 43.91059 ], [ -73.06713, 43.90943 ], [ -73.06789, 43.90912 ], [ -73.0679, 43.90894 ], [ -73.06828, 43.9086 ], [ -73.06997, 43.90837 ], [ -73.07051, 43.90863 ], [ -73.07166, 43.90819 ], [ -73.0719, 43.90797 ], [ -73.07178, 43.90765 ], [ -73.07274, 43.90707 ], [ -73.07313, 43.90665 ], [ -73.07351, 43.90666 ], [ -73.07397, 43.90603 ], [ -73.07363, 43.90568 ], [ -73.07394, 43.90486 ], [ -73.07382, 43.90429 ], [ -73.07282, 43.90323 ], [ -73.07213, 43.90322 ], [ -73.07105, 43.90386 ], [ -73.07005, 43.90362 ], [ -73.0695, 43.90323 ], [ -73.0702, 43.90264 ], [ -73.07043, 43.90209 ], [ -73.07074, 43.902 ], [ -73.07128, 43.90133 ], [ -73.07159, 43.90128 ], [ -73.07177, 43.90094 ], [ -73.07182, 43.90025 ], [ -73.07107, 43.90012 ], [ -73.07159, 43.89946 ], [ -73.07153, 43.89914 ], [ -73.07172, 43.89897 ], [ -73.07145, 43.89865 ], [ -73.07149, 43.8975 ], [ -73.0719, 43.89701 ] ] } },
{ "type": "Feature", "properties": { "lake": "Dunmore", "depth": 10 }, "geometry": { "type": "LineString", "coordinates": [ [ -73.07224, 43.89504 ], [ -73.07228, 43.89495 ], [ -73.07252, 43.89521 ], [ -73.07241, 43.89603 ], [ -73.0726, 43.89652 ], [ -73.07243, 43.89662 ], [ -73.07236, 43.89645 ], [ -73.0722, 43.8967 ], [ -73.07177, 43.89652 ], [ -73.07206, 43.89586 ], [ -73.07188, 43.89554 ], [ -73.07213, 43.89549 ], [ -73.07224, 43.89504 ] ] } },
{ "type": "Feature", "properties": { "lake": "Dunmore", "depth": 10 }, "geometry": { "type": "LineString", "coordinates": [ [ -73.0781, 43.89455 ], [ -73.07836, 43.89453 ], [ -73.07838, 43.89472 ], [ -73.07816, 43.8957 ], [ -73.07789, 43.89615 ], [ -73.0775, 43.89504 ], [ -73.07774, 43.89501 ], [ -73.0778, 43.89472 ], [ -73.0781, 43.89455 ] ] } },
{ "type": "Feature", "properties": { "lake": "Dunmore", "depth": 10 }, "geometry": { "type": "LineString", "coordinates": [ [ -73.07169, 43.88735 ], [ -73.07197, 43.88731 ], [ -73.07236, 43.88752 ], [ -73.07239, 43.88817 ], [ -73.07261, 43.8885 ], [ -73.07228, 43.88899 ], [ -73.07205, 43.88901 ], [ -73.0719, 43.88924 ], [ -73.07164, 43.88833 ], [ -73.07079, 43.88801 ], [ -73.07159, 43.88769 ], [ -73.07169, 43.88735 ] ] } },
{ "type": "Feature", "properties": { "lake": "Dunmore", "depth": 10 }, "geometry": { "type": "LineString", "coordinates": [ [ -73.06914, 43.88375 ], [ -73.06952, 43.88375 ], [ -73.06928, 43.88401 ], [ -73.06905, 43.88398 ], [ -73.06905, 43.8842 ], [ -73.06936, 43.88415 ], [ -73.07008, 43.88457 ], [ -73.0702, 43.88493 ], [ -73.07052, 43.8849 ], [ -73.07044, 43.88588 ], [ -73.0702, 43.8858 ], [ -73.06966, 43.88602 ], [ -73.06942, 43.88555 ], [ -73.06936, 43.88496 ], [ -73.06872, 43.88473 ], [ -73.06883, 43.88441 ], [ -73.06867, 43.88401 ], [ -73.06914, 43.88375 ] ] } },
{ "type": "Feature", "properties": { "lake": "Dunmore", "depth": 10 }, "geometry": { "type": "LineString", "coordinates": [ [ -73.06894, 43.88212 ], [ -73.06933, 43.88228 ], [ -73.06903, 43.88326 ], [ -73.06828, 43.88335 ], [ -73.06825, 43.8831 ], [ -73.06857, 43.88277 ], [ -73.06867, 43.88225 ], [ -73.06894, 43.88212 ] ] } },
{ "type": "Feature", "properties": { "lake": "Dunmore", "depth": 10 }, "geometry": { "type": "LineString", "coordinates": [ [ -73.06945, 43.87802 ], [ -73.06959, 43.87795 ], [ -73.06972, 43.87819 ], [ -73.0698, 43.87884 ], [ -73.07028, 43.87974 ], [ -73.06941, 43.87917 ], [ -73.06927, 43.87868 ], [ -73.06945, 43.87802 ] ] } },
{ "type": "Feature", "properties": { "lake": "Dunmore", "depth": 5 }, "geometry": { "type": "LineString", "coordinates": [ [ -73.06641, 43.87655 ], [ -73.06713, 43.8771 ], [ -73.06774, 43.87734 ], [ -73.06805, 43.87733 ], [ -73.06874, 43.87683 ], [ -73.06974, 43.87699 ], [ -73.07014, 43.87737 ], [ -73.06979, 43.87786 ], [ -73.06989, 43.87884 ], [ -73.07036, 43.87957 ], [ -73.0709, 43.88007 ], [ -73.07251, 43.88077 ], [ -73.07443, 43.88115 ], [ -73.07536, 43.88184 ], [ -73.07574, 43.88195 ], [ -73.07601, 43.88244 ], [ -73.07584, 43.88293 ], [ -73.07589, 43.88345 ], [ -73.07743, 43.88424 ], [ -73.07774, 43.88467 ], [ -73.07804, 43.88473 ], [ -73.07808, 43.88506 ], [ -73.07866, 43.88563 ], [ -73.08036, 43.88621 ], [ -73.08013, 43.88703 ], [ -73.07851, 43.88848 ], [ -73.07831, 43.88899 ], [ -73.07814, 43.8903 ], [ -73.0787, 43.89161 ], [ -73.07889, 43.89275 ], [ -73.07873, 43.89341 ], [ -73.07897, 43.89362 ], [ -73.07914, 43.89455 ], [ -73.07846, 43.89635 ], [ -73.07785, 43.89734 ], [ -73.07776, 43.89832 ], [ -73.07753, 43.89865 ], [ -73.07743, 43.89918 ], [ -73.07685, 43.89979 ], [ -73.07716, 43.90012 ], [ -73.07835, 43.90061 ], [ -73.07808, 43.90159 ], [ -73.07809, 43.90241 ], [ -73.07938, 43.90405 ], [ -73.07989, 43.90584 ], [ -73.08059, 43.90587 ], [ -73.08089, 43.90616 ], [ -73.08128, 43.90596 ], [ -73.08189, 43.90595 ], [ -73.08249, 43.90552 ], [ -73.08282, 43.90552 ], [ -73.08306, 43.90568 ], [ -73.08351, 43.9065 ], [ -73.08369, 43.90732 ], [ -73.0842, 43.90765 ], [ -73.08451, 43.90835 ], [ -73.08465, 43.90765 ], [ -73.08497, 43.90747 ], [ -73.08528, 43.90828 ], [ -73.08551, 43.90832 ], [ -73.08639, 43.90945 ], [ -73.0873, 43.90977 ], [ -73.08754, 43.91027 ], [ -73.08698, 43.91288 ], [ -73.08661, 43.91387 ], [ -73.0862, 43.91441 ], [ -73.08551, 43.91495 ], [ -73.08166, 43.91566 ], [ -73.0802, 43.91615 ], [ -73.07866, 43.91712 ], [ -73.07766, 43.91812 ], [ -73.07766, 43.91854 ], [ -73.07828, 43.9185 ], [ -73.07859, 43.91825 ], [ -73.07876, 43.91845 ], [ -73.07859, 43.91874 ], [ -73.07828, 43.91873 ], [ -73.07753, 43.91927 ], [ -73.07828, 43.91987 ], [ -73.07897, 43.92123 ], [ -73.07882, 43.92158 ], [ -73.07844, 43.92172 ], [ -73.07846, 43.92238 ], [ -73.07828, 43.92254 ], [ -73.07774, 43.92264 ], [ -73.07664, 43.92221 ], [ -73.07643, 43.92156 ], [ -73.07688, 43.92041 ], [ -73.07728, 43.9201 ], [ -73.07742, 43.91959 ], [ -73.07639, 43.9191 ], [ -73.0762, 43.91922 ], [ -73.07612, 43.9191 ], [ -73.07609, 43.91943 ], [ -73.07559, 43.91992 ], [ -73.0752, 43.92004 ], [ -73.0751, 43.91992 ], [ -73.0749, 43.92083 ], [ -73.0739, 43.9209 ], [ -73.07351, 43.92067 ], [ -73.07189, 43.92058 ], [ -73.07166, 43.91976 ], [ -73.07183, 43.91959 ], [ -73.07135, 43.91894 ], [ -73.07082, 43.91742 ], [ -73.07036, 43.91793 ], [ -73.06978, 43.91796 ], [ -73.06951, 43.9178 ], [ -73.06936, 43.91722 ], [ -73.06882, 43.91664 ], [ -73.06874, 43.91447 ], [ -73.0679, 43.91386 ], [ -73.06712, 43.91207 ], [ -73.0669, 43.91059 ], [ -73.06697, 43.90926 ], [ -73.06836, 43.90841 ], [ -73.06997, 43.90813 ], [ -73.07036, 43.90781 ], [ -73.07128, 43.90777 ], [ -73.07152, 43.90748 ], [ -73.07274, 43.90692 ], [ -73.07349, 43.90585 ], [ -73.07363, 43.90503 ], [ -73.07391, 43.90486 ], [ -73.07374, 43.90484 ], [ -73.07374, 43.90449 ], [ -73.07282, 43.90336 ], [ -73.07205, 43.90337 ], [ -73.07188, 43.90372 ], [ -73.07105, 43.90397 ], [ -73.0702, 43.90376 ], [ -73.06928, 43.90316 ], [ -73.06897, 43.90312 ], [ -73.06882, 43.9029 ], [ -73.06888, 43.90241 ], [ -73.06939, 43.90192 ], [ -73.0691, 43.90126 ], [ -73.06927, 43.90061 ], [ -73.07036, 43.89881 ], [ -73.07024, 43.89799 ], [ -73.07035, 43.89701 ], [ -73.0709, 43.89628 ], [ -73.07114, 43.89619 ], [ -73.07111, 43.89603 ], [ -73.07154, 43.89554 ], [ -73.07151, 43.89455 ], [ -73.07048, 43.8903 ], [ -73.07107, 43.88866 ], [ -73.0709, 43.88843 ], [ -73.0702, 43.88853 ], [ -73.06936, 43.88825 ], [ -73.06913, 43.88833 ], [ -73.06859, 43.888 ], [ -73.06797, 43.88735 ], [ -73.06669, 43.88703 ], [ -73.0682, 43.88682 ], [ -73.06851, 43.88664 ], [ -73.06875, 43.88621 ], [ -73.06873, 43.88588 ], [ -73.06934, 43.88539 ], [ -73.06919, 43.88506 ], [ -73.06851, 43.88455 ], [ -73.0682, 43.88452 ], [ -73.06782, 43.88477 ], [ -73.06743, 43.88479 ], [ -73.06718, 43.88473 ], [ -73.06725, 43.88457 ], [ -73.06683, 43.88424 ], [ -73.06673, 43.88392 ], [ -73.06705, 43.88371 ], [ -73.06736, 43.88318 ], [ -73.06759, 43.88294 ], [ -73.06828, 43.88283 ], [ -73.0685, 43.88244 ], [ -73.0682, 43.88141 ], [ -73.06751, 43.88015 ], [ -73.06736, 43.87851 ], [ -73.0669, 43.87795 ], [ -73.06603, 43.87737 ], [ -73.06613, 43.87687 ], [ -73.06644, 43.87688 ], [ -73.06641, 43.87655 ] ] } },
{ "type": "Feature", "properties": { "lake": "Echo (Chartn)", "depth": 10 }, "geometry": { "type": "LineString", "coordinates": [ [ -72.69717, 43.47823 ], [ -72.69749, 43.47831 ], [ -72.69749, 43.47879 ], [ -72.69712, 43.47882 ], [ -72.69682, 43.47861 ], [ -72.69675, 43.47841 ], [ -72.69717, 43.47823 ] ] } },
{ "type": "Feature", "properties": { "lake": "Echo (Chartn)", "depth": 75 }, "geometry": { "type": "LineString", "coordinates": [ [ -72.70047, 43.47671 ], [ -72.70159, 43.47674 ], [ -72.70216, 43.47712 ], [ -72.70237, 43.47754 ], [ -72.70223, 43.47759 ], [ -72.70221, 43.47821 ], [ -72.70191, 43.47842 ], [ -72.70122, 43.47857 ], [ -72.7003, 43.47838 ], [ -72.70027, 43.47794 ], [ -72.70002, 43.47759 ], [ -72.70004, 43.47708 ], [ -72.70047, 43.47671 ] ] } },
{ "type": "Feature", "properties": { "lake": "Echo (Chartn)", "depth": 50 }, "geometry": { "type": "LineString", "coordinates": [ [ -72.7014, 43.4752 ], [ -72.70261, 43.47712 ], [ -72.70292, 43.47791 ], [ -72.70261, 43.47838 ], [ -72.70117, 43.47906 ], [ -72.69998, 43.47852 ], [ -72.6996, 43.47813 ], [ -72.6996, 43.47768 ], [ -72.69978, 43.47701 ], [ -72.70015, 43.47671 ], [ -72.70042, 43.47599 ], [ -72.70122, 43.47557 ], [ -72.7014, 43.4752 ] ] } },
{ "type": "Feature", "properties": { "lake": "Echo (Chartn)", "depth": 30 }, "geometry": { "type": "LineString", "coordinates": [ [ -72.70067, 43.47083 ], [ -72.70109, 43.47091 ], [ -72.70123, 43.47129 ], [ -72.70091, 43.47207 ], [ -72.70097, 43.47269 ], [ -72.70071, 43.47318 ], [ -72.70134, 43.47371 ], [ -72.70124, 43.47449 ], [ -72.70208, 43.47465 ], [ -72.7021, 43.47584 ], [ -72.70285, 43.47712 ], [ -72.70311, 43.47786 ], [ -72.70298, 43.47833 ], [ -72.70236, 43.47881 ], [ -72.70122, 43.47919 ], [ -72.6999, 43.47883 ], [ -72.69921, 43.47818 ], [ -72.69919, 43.478 ], [ -72.6995, 43.47765 ], [ -72.69973, 43.47668 ], [ -72.7004, 43.47563 ], [ -72.70034, 43.47451 ], [ -72.70058, 43.47432 ], [ -72.70002, 43.47377 ], [ -72.7004, 43.47336 ], [ -72.7004, 43.47306 ], [ -72.69953, 43.47287 ], [ -72.69919, 43.47249 ], [ -72.69913, 43.47212 ], [ -72.69958, 43.47169 ], [ -72.69973, 43.47131 ], [ -72.70067, 43.47083 ] ] } },
{ "type": "Feature", "properties": { "lake": "Echo (Chartn)", "depth": 20 }, "geometry": { "type": "LineString", "coordinates": [ [ -72.70084, 43.47033 ], [ -72.70148, 43.47106 ], [ -72.70134, 43.47185 ], [ -72.70116, 43.47203 ], [ -72.70122, 43.4729 ], [ -72.70104, 43.47313 ], [ -72.70171, 43.47357 ], [ -72.70186, 43.47426 ], [ -72.70236, 43.47446 ], [ -72.70223, 43.47567 ], [ -72.70273, 43.47647 ], [ -72.70332, 43.47809 ], [ -72.70318, 43.47838 ], [ -72.70268, 43.47862 ], [ -72.70248, 43.47893 ], [ -72.70122, 43.47927 ], [ -72.6999, 43.47899 ], [ -72.69958, 43.47853 ], [ -72.69871, 43.47823 ], [ -72.69871, 43.47802 ], [ -72.69938, 43.47766 ], [ -72.69953, 43.47667 ], [ -72.69983, 43.47648 ], [ -72.70028, 43.47552 ], [ -72.70017, 43.47469 ], [ -72.70028, 43.47428 ], [ -72.69976, 43.47368 ], [ -72.7002, 43.47334 ], [ -72.70021, 43.47318 ], [ -72.69975, 43.47298 ], [ -72.6996, 43.47313 ], [ -72.69933, 43.47296 ], [ -72.6993, 43.47265 ], [ -72.69896, 43.47249 ], [ -72.69896, 43.472 ], [ -72.69945, 43.47166 ], [ -72.69946, 43.47134 ], [ -72.69978, 43.47105 ], [ -72.70045, 43.47083 ], [ -72.70084, 43.47033 ] ] } },
{ "type": "Feature", "properties": { "lake": "Echo (Chartn)", "depth": 50 }, "geometry": { "type": "LineString", "coordinates": [ [ -72.70054, 43.46716 ], [ -72.70114, 43.46734 ], [ -72.70114, 43.46812 ], [ -72.70042, 43.4678 ], [ -72.70035, 43.46747 ], [ -72.70054, 43.46716 ] ] } },
{ "type": "Feature", "properties": { "lake": "Echo (Chartn)", "depth": 30 }, "geometry": { "type": "LineString", "coordinates": [ [ -72.70058, 43.46661 ], [ -72.70122, 43.46694 ], [ -72.70151, 43.46767 ], [ -72.70167, 43.46877 ], [ -72.70166, 43.46916 ], [ -72.70151, 43.46928 ], [ -72.70067, 43.46888 ], [ -72.6999, 43.46743 ], [ -72.69998, 43.46705 ], [ -72.70058, 43.46661 ] ] } },
{ "type": "Feature", "properties": { "lake": "Echo (Chartn)", "depth": 20 }, "geometry": { "type": "LineString", "coordinates": [ [ -72.70046, 43.46638 ], [ -72.70089, 43.46642 ], [ -72.70146, 43.46696 ], [ -72.70135, 43.46716 ], [ -72.70167, 43.46762 ], [ -72.70185, 43.46877 ], [ -72.70179, 43.46926 ], [ -72.70146, 43.46952 ], [ -72.70104, 43.46946 ], [ -72.70055, 43.46904 ], [ -72.69973, 43.46745 ], [ -72.6999, 43.46669 ], [ -72.70046, 43.46638 ] ] } },
{ "type": "Feature", "properties": { "lake": "Echo (Chartn)", "depth": 10 }, "geometry": { "type": "LineString", "coordinates": [ [ -72.70065, 43.46592 ], [ -72.70089, 43.4659 ], [ -72.70117, 43.46652 ], [ -72.70168, 43.46665 ], [ -72.70168, 43.46757 ], [ -72.70196, 43.46854 ], [ -72.70198, 43.46936 ], [ -72.70166, 43.46968 ], [ -72.70115, 43.46978 ], [ -72.70112, 43.47038 ], [ -72.70179, 43.47079 ], [ -72.70161, 43.47148 ], [ -72.70179, 43.47177 ], [ -72.70154, 43.47193 ], [ -72.70141, 43.47267 ], [ -72.70154, 43.47288 ], [ -72.70203, 43.47296 ], [ -72.70221, 43.47331 ], [ -72.70206, 43.47394 ], [ -72.70248, 43.47409 ], [ -72.70266, 43.47436 ], [ -72.70243, 43.4758 ], [ -72.70298, 43.47645 ], [ -72.70293, 43.47692 ], [ -72.7033, 43.47728 ], [ -72.70325, 43.47763 ], [ -72.70337, 43.47777 ], [ -72.70336, 43.47828 ], [ -72.7031, 43.47865 ], [ -72.70191, 43.47926 ], [ -72.70122, 43.47939 ], [ -72.7001, 43.47933 ], [ -72.69948, 43.47901 ], [ -72.69938, 43.47875 ], [ -72.69896, 43.47884 ], [ -72.69863, 43.47848 ], [ -72.698, 43.47818 ], [ -72.69926, 43.47733 ], [ -72.6994, 43.47662 ], [ -72.69995, 43.47606 ], [ -72.69989, 43.47579 ], [ -72.70015, 43.47532 ], [ -72.69989, 43.47474 ], [ -72.70015, 43.47435 ], [ -72.69998, 43.47432 ], [ -72.69995, 43.47402 ], [ -72.69963, 43.47377 ], [ -72.69988, 43.47333 ], [ -72.69891, 43.47287 ], [ -72.69871, 43.4724 ], [ -72.69903, 43.47154 ], [ -72.70027, 43.47064 ], [ -72.70035, 43.47025 ], [ -72.70047, 43.47024 ], [ -72.70034, 43.46946 ], [ -72.70066, 43.46936 ], [ -72.70047, 43.46931 ], [ -72.70015, 43.46871 ], [ -72.6999, 43.46863 ], [ -72.69958, 43.46734 ], [ -72.69978, 43.46674 ], [ -72.70065, 43.46592 ] ] } },
{ "type": "Feature", "properties": { "lake": "Echo (Chartn)", "depth": 5 }, "geometry": { "type": "LineString", "coordinates": [ [ -72.70098, 43.46571 ], [ -72.70124, 43.46647 ], [ -72.70184, 43.46647 ], [ -72.70168, 43.46743 ], [ -72.70206, 43.46872 ], [ -72.70196, 43.46962 ], [ -72.70136, 43.46994 ], [ -72.70149, 43.47043 ], [ -72.70216, 43.47051 ], [ -72.70179, 43.4712 ], [ -72.70191, 43.47179 ], [ -72.70161, 43.472 ], [ -72.70147, 43.47262 ], [ -72.70228, 43.47287 ], [ -72.70241, 43.47328 ], [ -72.70211, 43.47392 ], [ -72.70261, 43.47407 ], [ -72.70273, 43.47438 ], [ -72.70274, 43.47497 ], [ -72.70243, 43.47558 ], [ -72.70256, 43.47586 ], [ -72.70298, 43.47616 ], [ -72.70318, 43.47664 ], [ -72.703, 43.47673 ], [ -72.703, 43.47699 ], [ -72.70318, 43.47693 ], [ -72.70331, 43.47713 ], [ -72.70342, 43.4783 ], [ -72.7029, 43.47891 ], [ -72.70268, 43.47895 ], [ -72.70288, 43.4793 ], [ -72.70256, 43.47902 ], [ -72.70171, 43.47938 ], [ -72.7001, 43.4794 ], [ -72.69926, 43.47892 ], [ -72.69866, 43.47879 ], [ -72.69787, 43.47824 ], [ -72.69768, 43.47832 ], [ -72.69774, 43.47889 ], [ -72.69687, 43.47895 ], [ -72.6963, 43.47856 ], [ -72.6966, 43.47858 ], [ -72.69675, 43.47817 ], [ -72.69806, 43.478 ], [ -72.69814, 43.47776 ], [ -72.69888, 43.47753 ], [ -72.69861, 43.47712 ], [ -72.69898, 43.47735 ], [ -72.69926, 43.47723 ], [ -72.69933, 43.47656 ], [ -72.6999, 43.47598 ], [ -72.69972, 43.47575 ], [ -72.70008, 43.47524 ], [ -72.69985, 43.47515 ], [ -72.69972, 43.47478 ], [ -72.6999, 43.47455 ], [ -72.69983, 43.47412 ], [ -72.69951, 43.47382 ], [ -72.69972, 43.47341 ], [ -72.69878, 43.47286 ], [ -72.69866, 43.47204 ], [ -72.69908, 43.47132 ], [ -72.69958, 43.47113 ], [ -72.69965, 43.47092 ], [ -72.70027, 43.47054 ], [ -72.70029, 43.46927 ], [ -72.70015, 43.46895 ], [ -72.6996, 43.46853 ], [ -72.69976, 43.46799 ], [ -72.69953, 43.46761 ], [ -72.69952, 43.46716 ], [ -72.70035, 43.46599 ], [ -72.70079, 43.46571 ] ] } },
{ "type": "Feature", "properties": { "lake": "Echo (Plymth)", "depth": 100 }, "geometry": { "type": "LineString", "coordinates": [ [ -71.98641, 44.85788 ], [ -71.98754, 44.85799 ], [ -71.98882, 44.85867 ], [ -71.98935, 44.85918 ], [ -71.99051, 44.85955 ], [ -71.99076, 44.85991 ], [ -71.99208, 44.8599 ], [ -71.99313, 44.86033 ], [ -71.99375, 44.86017 ], [ -71.9941, 44.86036 ], [ -71.99454, 44.86106 ], [ -71.9948, 44.86114 ], [ -71.99498, 44.86145 ], [ -71.9956, 44.86191 ], [ -71.99603, 44.86199 ], [ -71.99696, 44.86173 ], [ -71.99771, 44.86225 ], [ -71.9985, 44.8625 ], [ -71.99925, 44.86306 ], [ -71.99941, 44.86362 ], [ -71.9993, 44.86418 ], [ -71.9987, 44.86418 ], [ -71.99797, 44.86374 ], [ -71.99771, 44.86375 ], [ -71.99718, 44.86412 ], [ -71.99648, 44.86356 ], [ -71.99524, 44.8631 ], [ -71.99485, 44.86312 ], [ -71.9941, 44.86352 ], [ -71.99287, 44.86343 ], [ -71.99187, 44.86295 ], [ -71.99058, 44.86294 ], [ -71.989, 44.86223 ], [ -71.98733, 44.86102 ], [ -71.98697, 44.86044 ], [ -71.98618, 44.85856 ], [ -71.98617, 44.85805 ], [ -71.98641, 44.85788 ] ] } },
{ "type": "Feature", "properties": { "lake": "Echo (Plymth)", "depth": 75 }, "geometry": { "type": "LineString", "coordinates": [ [ -71.98514, 44.85638 ], [ -71.98592, 44.85637 ], [ -71.98768, 44.85685 ], [ -71.9897, 44.85796 ], [ -71.98979, 44.85814 ], [ -71.99164, 44.85869 ], [ -71.99167, 44.85905 ], [ -71.99256, 44.85961 ], [ -71.99445, 44.8601 ], [ -71.99472, 44.8605 ], [ -71.99467, 44.86072 ], [ -71.99532, 44.86134 ], [ -71.99577, 44.86155 ], [ -71.99647, 44.86142 ], [ -71.99682, 44.86111 ], [ -71.99752, 44.86083 ], [ -71.99779, 44.8605 ], [ -71.99859, 44.86048 ], [ -71.99911, 44.86066 ], [ -71.99938, 44.86106 ], [ -72.00123, 44.86164 ], [ -72.00133, 44.86173 ], [ -72.0007, 44.86189 ], [ -72.00034, 44.86217 ], [ -72.00093, 44.86245 ], [ -72.00051, 44.86468 ], [ -71.99903, 44.86508 ], [ -71.99779, 44.86503 ], [ -71.99691, 44.86481 ], [ -71.99568, 44.86419 ], [ -71.99331, 44.86428 ], [ -71.9926, 44.86402 ], [ -71.99216, 44.86403 ], [ -71.99142, 44.86356 ], [ -71.99014, 44.8635 ], [ -71.98865, 44.86283 ], [ -71.98741, 44.86207 ], [ -71.98658, 44.86106 ], [ -71.98645, 44.8605 ], [ -71.98586, 44.85972 ], [ -71.98472, 44.85721 ], [ -71.98483, 44.85677 ], [ -71.98514, 44.85638 ] ] } },
{ "type": "Feature", "properties": { "lake": "Echo (Plymth)", "depth": 50 }, "geometry": { "type": "LineString", "coordinates": [ [ -71.98562, 44.85537 ], [ -71.9868, 44.85543 ], [ -71.98856, 44.8561 ], [ -71.9897, 44.85619 ], [ -71.99014, 44.85696 ], [ -71.99077, 44.85755 ], [ -71.9912, 44.85761 ], [ -71.99146, 44.85789 ], [ -71.99187, 44.85799 ], [ -71.99252, 44.85901 ], [ -71.99298, 44.85939 ], [ -71.99472, 44.85981 ], [ -71.99524, 44.85963 ], [ -71.99533, 44.85939 ], [ -71.99586, 44.8595 ], [ -71.99571, 44.85994 ], [ -71.99523, 44.86033 ], [ -71.99534, 44.86072 ], [ -71.99586, 44.8608 ], [ -71.99603, 44.86067 ], [ -71.99595, 44.85984 ], [ -71.99705, 44.85983 ], [ -71.9977, 44.85927 ], [ -71.99806, 44.8592 ], [ -71.99885, 44.8592 ], [ -72.00052, 44.85967 ], [ -72.00272, 44.85989 ], [ -72.00323, 44.86022 ], [ -72.00408, 44.86122 ], [ -72.00426, 44.86178 ], [ -72.00408, 44.8629 ], [ -72.00369, 44.86368 ], [ -72.00259, 44.86429 ], [ -72.00217, 44.86479 ], [ -72.00114, 44.86518 ], [ -72.00098, 44.8654 ], [ -71.9992, 44.86566 ], [ -71.99823, 44.86553 ], [ -71.99735, 44.86567 ], [ -71.99647, 44.86531 ], [ -71.99454, 44.8653 ], [ -71.98996, 44.86407 ], [ -71.98803, 44.86296 ], [ -71.98742, 44.8629 ], [ -71.98724, 44.86251 ], [ -71.98607, 44.8615 ], [ -71.98606, 44.86122 ], [ -71.98576, 44.861 ], [ -71.98562, 44.86022 ], [ -71.98451, 44.85851 ], [ -71.98384, 44.85671 ], [ -71.98397, 44.8556 ], [ -71.98442, 44.85542 ], [ -71.98513, 44.85553 ], [ -71.98562, 44.85537 ] ] } },
{ "type": "Feature", "properties": { "lake": "Echo (Plymth)", "depth": 30 }, "geometry": { "type": "LineString", "coordinates": [ [ -71.98483, 44.85354 ], [ -71.98521, 44.85349 ], [ -71.98706, 44.85403 ], [ -71.98768, 44.85441 ], [ -71.98909, 44.85425 ], [ -71.98953, 44.85438 ], [ -71.98979, 44.85481 ], [ -71.99032, 44.85493 ], [ -71.99079, 44.85526 ], [ -71.99092, 44.85582 ], [ -71.99079, 44.85649 ], [ -71.99093, 44.85675 ], [ -71.99243, 44.8578 ], [ -71.99445, 44.85784 ], [ -71.99674, 44.85835 ], [ -71.99823, 44.85801 ], [ -71.99903, 44.85823 ], [ -72.00087, 44.85823 ], [ -72.00223, 44.85849 ], [ -72.00474, 44.86047 ], [ -72.00492, 44.86104 ], [ -72.00523, 44.86134 ], [ -72.00534, 44.86178 ], [ -72.00527, 44.86278 ], [ -72.00492, 44.86314 ], [ -72.00451, 44.86434 ], [ -72.00413, 44.86444 ], [ -72.0036, 44.86503 ], [ -72.00334, 44.86504 ], [ -72.00325, 44.86542 ], [ -72.00264, 44.86551 ], [ -72.00244, 44.86579 ], [ -72.00167, 44.86618 ], [ -72.00061, 44.86645 ], [ -71.99779, 44.86604 ], [ -71.99647, 44.86603 ], [ -71.9919, 44.86531 ], [ -71.98992, 44.86468 ], [ -71.98934, 44.86418 ], [ -71.98781, 44.86351 ], [ -71.9875, 44.86308 ], [ -71.98653, 44.86266 ], [ -71.98538, 44.86095 ], [ -71.98348, 44.85738 ], [ -71.98331, 44.85677 ], [ -71.98352, 44.85604 ], [ -71.98332, 44.85565 ], [ -71.98331, 44.85498 ], [ -71.98274, 44.85432 ], [ -71.98322, 44.85365 ], [ -71.98483, 44.85354 ] ] } },
{ "type": "Feature", "properties": { "lake": "Echo (Plymth)", "depth": 20 }, "geometry": { "type": "LineString", "coordinates": [ [ -71.98334, 44.8527 ], [ -71.9853, 44.85295 ], [ -71.98777, 44.85396 ], [ -71.98838, 44.85396 ], [ -71.98926, 44.85362 ], [ -71.9895, 44.85376 ], [ -71.98979, 44.85445 ], [ -71.99111, 44.85502 ], [ -71.99145, 44.85554 ], [ -71.9912, 44.85615 ], [ -71.99133, 44.8566 ], [ -71.99149, 44.85688 ], [ -71.99216, 44.85733 ], [ -71.99357, 44.85751 ], [ -71.99498, 44.85742 ], [ -71.99595, 44.85773 ], [ -71.99621, 44.85757 ], [ -71.99683, 44.85775 ], [ -71.99823, 44.85737 ], [ -71.99964, 44.85782 ], [ -72.00246, 44.85798 ], [ -72.00296, 44.85861 ], [ -72.00401, 44.85944 ], [ -72.00413, 44.85982 ], [ -72.00483, 44.86007 ], [ -72.00492, 44.86039 ], [ -72.00539, 44.86083 ], [ -72.00568, 44.86173 ], [ -72.00556, 44.86278 ], [ -72.00498, 44.86356 ], [ -72.00482, 44.86418 ], [ -72.00378, 44.86513 ], [ -72.00338, 44.86524 ], [ -72.00341, 44.86546 ], [ -72.00295, 44.8659 ], [ -72.00167, 44.86655 ], [ -72.00035, 44.86668 ], [ -72.00017, 44.86682 ], [ -71.99841, 44.86629 ], [ -71.99753, 44.86636 ], [ -71.99524, 44.86593 ], [ -71.9941, 44.86597 ], [ -71.99269, 44.8656 ], [ -71.99155, 44.86551 ], [ -71.99067, 44.86498 ], [ -71.9898, 44.86479 ], [ -71.98743, 44.86351 ], [ -71.98724, 44.86303 ], [ -71.98653, 44.86287 ], [ -71.98557, 44.86161 ], [ -71.98389, 44.85816 ], [ -71.98306, 44.85699 ], [ -71.9833, 44.85588 ], [ -71.98305, 44.85565 ], [ -71.98284, 44.85511 ], [ -71.98214, 44.85443 ], [ -71.98209, 44.85409 ], [ -71.98258, 44.85317 ], [ -71.98334, 44.8527 ] ] } },
{ "type": "Feature", "properties": { "lake": "Echo (Plymth)", "depth": 10 }, "geometry": { "type": "LineString", "coordinates": [ [ -71.98407, 44.85192 ], [ -71.98433, 44.85188 ], [ -71.98521, 44.85218 ], [ -71.98653, 44.85302 ], [ -71.98733, 44.85325 ], [ -71.99044, 44.85281 ], [ -71.99157, 44.85387 ], [ -71.99171, 44.85515 ], [ -71.99219, 44.85543 ], [ -71.99209, 44.8561 ], [ -71.99225, 44.85638 ], [ -71.99287, 44.85669 ], [ -71.99435, 44.85654 ], [ -71.99472, 44.85676 ], [ -71.99595, 44.85685 ], [ -71.997, 44.85649 ], [ -71.99771, 44.85645 ], [ -71.9985, 44.85665 ], [ -71.9992, 44.85703 ], [ -71.99938, 44.85691 ], [ -72.00026, 44.85734 ], [ -72.00105, 44.85732 ], [ -72.00281, 44.85794 ], [ -72.00316, 44.8582 ], [ -72.00314, 44.85838 ], [ -72.00369, 44.85853 ], [ -72.00386, 44.85887 ], [ -72.00422, 44.85905 ], [ -72.00457, 44.85966 ], [ -72.00563, 44.86083 ], [ -72.00598, 44.86145 ], [ -72.00589, 44.86167 ], [ -72.00614, 44.86217 ], [ -72.00604, 44.8629 ], [ -72.00527, 44.8641 ], [ -72.00423, 44.86501 ], [ -72.00316, 44.86633 ], [ -72.00167, 44.86676 ], [ -72.00017, 44.86695 ], [ -71.99841, 44.86637 ], [ -71.99709, 44.86653 ], [ -71.99181, 44.86571 ], [ -71.99104, 44.8654 ], [ -71.99058, 44.86503 ], [ -71.99023, 44.86503 ], [ -71.98777, 44.86411 ], [ -71.98652, 44.86323 ], [ -71.98609, 44.86242 ], [ -71.98539, 44.86167 ], [ -71.98524, 44.86111 ], [ -71.98495, 44.86095 ], [ -71.98465, 44.86028 ], [ -71.98435, 44.85922 ], [ -71.98372, 44.85855 ], [ -71.98364, 44.85816 ], [ -71.98288, 44.8571 ], [ -71.98282, 44.8566 ], [ -71.98308, 44.85615 ], [ -71.98306, 44.85588 ], [ -71.98187, 44.85482 ], [ -71.98155, 44.85426 ], [ -71.9816, 44.85387 ], [ -71.98258, 44.85257 ], [ -71.98337, 44.85211 ], [ -71.98407, 44.85192 ] ] } },
{ "type": "Feature", "properties": { "lake": "Echo (Plymth)", "depth": 5 }, "geometry": { "type": "LineString", "coordinates": [ [ -71.99055, 44.85114 ], [ -71.99081, 44.85114 ], [ -71.99081, 44.85131 ], [ -71.99133, 44.85175 ], [ -71.99137, 44.85217 ], [ -71.99168, 44.85242 ], [ -71.99172, 44.85256 ], [ -71.99152, 44.8527 ], [ -71.99174, 44.85281 ], [ -71.9917, 44.85303 ], [ -71.99206, 44.85337 ], [ -71.99224, 44.85393 ], [ -71.99212, 44.8542 ], [ -71.99233, 44.85448 ], [ -71.99209, 44.85487 ], [ -71.99231, 44.85532 ], [ -71.99265, 44.85549 ], [ -71.99251, 44.8556 ], [ -71.99255, 44.8561 ], [ -71.99296, 44.85634 ], [ -71.99375, 44.85601 ], [ -71.99551, 44.8566 ], [ -71.99639, 44.85623 ], [ -71.99725, 44.85615 ], [ -71.99806, 44.85627 ], [ -72.00008, 44.85701 ], [ -72.00175, 44.8571 ], [ -72.00369, 44.85788 ], [ -72.00437, 44.85872 ], [ -72.00492, 44.85978 ], [ -72.00589, 44.86088 ], [ -72.00648, 44.86217 ], [ -72.00642, 44.8629 ], [ -72.00527, 44.86457 ], [ -72.00455, 44.86501 ], [ -72.00396, 44.86585 ], [ -72.0029, 44.86665 ], [ -72.00026, 44.86703 ], [ -71.99973, 44.86698 ], [ -71.99832, 44.86639 ], [ -71.99762, 44.86665 ], [ -71.99639, 44.86664 ], [ -71.99216, 44.86598 ], [ -71.99005, 44.86505 ], [ -71.98759, 44.8642 ], [ -71.98689, 44.86414 ], [ -71.98641, 44.86384 ], [ -71.98609, 44.86306 ], [ -71.98571, 44.86267 ], [ -71.98567, 44.86234 ], [ -71.98449, 44.86044 ], [ -71.98442, 44.85982 ], [ -71.98275, 44.85721 ], [ -71.98253, 44.85649 ], [ -71.98284, 44.85632 ], [ -71.98287, 44.85593 ], [ -71.98161, 44.85487 ], [ -71.98108, 44.85393 ], [ -71.9813, 44.85342 ], [ -71.9822, 44.85248 ], [ -71.98346, 44.85156 ], [ -71.98416, 44.85138 ], [ -71.9846, 44.85145 ], [ -71.98548, 44.85225 ], [ -71.98653, 44.85258 ], [ -71.98653, 44.85277 ], [ -71.98671, 44.8528 ], [ -71.98794, 44.8527 ], [ -71.98865, 44.8524 ], [ -71.9897, 44.85229 ], [ -71.99005, 44.85196 ], [ -71.98998, 44.8517 ], [ -71.99014, 44.85142 ], [ -71.99055, 44.85114 ] ] } },
{ "type": "Feature", "properties": { "lake": "Eden", "depth": 30 }, "geometry": { "type": "LineString", "coordinates": [ [ -72.49737, 44.72531 ], [ -72.49821, 44.72531 ], [ -72.49846, 44.72544 ], [ -72.49857, 44.72582 ], [ -72.49732, 44.727 ], [ -72.49661, 44.72738 ], [ -72.49566, 44.7275 ], [ -72.49546, 44.72692 ], [ -72.49589, 44.7261 ], [ -72.49663, 44.72557 ], [ -72.49737, 44.72531 ] ] } },
{ "type": "Feature", "properties": { "lake": "Eden", "depth": 20 }, "geometry": { "type": "LineString", "coordinates": [ [ -72.49686, 44.72505 ], [ -72.49883, 44.72502 ], [ -72.49925, 44.72518 ], [ -72.49927, 44.72544 ], [ -72.49871, 44.72628 ], [ -72.49697, 44.7275 ], [ -72.49617, 44.72779 ], [ -72.49546, 44.72777 ], [ -72.49499, 44.72699 ], [ -72.49529, 44.72673 ], [ -72.49551, 44.72608 ], [ -72.49686, 44.72505 ] ] } },
{ "type": "Feature", "properties": { "lake": "Eden", "depth": 30 }, "geometry": { "type": "LineString", "coordinates": [ [ -72.50233, 44.72163 ], [ -72.50307, 44.7216 ], [ -72.50317, 44.72201 ], [ -72.50257, 44.72257 ], [ -72.50178, 44.72301 ], [ -72.50178, 44.72318 ], [ -72.50115, 44.72331 ], [ -72.5006, 44.72376 ], [ -72.50031, 44.72376 ], [ -72.50019, 44.72356 ], [ -72.50034, 44.72311 ], [ -72.50133, 44.72253 ], [ -72.50134, 44.72234 ], [ -72.50233, 44.72163 ] ] } },
{ "type": "Feature", "properties": { "lake": "Eden", "depth": 30 }, "geometry": { "type": "LineString", "coordinates": [ [ -72.50532, 44.71963 ], [ -72.50558, 44.71976 ], [ -72.50473, 44.72079 ], [ -72.50408, 44.72132 ], [ -72.50321, 44.72143 ], [ -72.50323, 44.72105 ], [ -72.50411, 44.72008 ], [ -72.50437, 44.71987 ], [ -72.50532, 44.71963 ] ] } },
{ "type": "Feature", "properties": { "lake": "Eden", "depth": 20 }, "geometry": { "type": "LineString", "coordinates": [ [ -72.50723, 44.7184 ], [ -72.50749, 44.7184 ], [ -72.50704, 44.71866 ], [ -72.50638, 44.71986 ], [ -72.50501, 44.72059 ], [ -72.50487, 44.72089 ], [ -72.50455, 44.72105 ], [ -72.50364, 44.72201 ], [ -72.50195, 44.72324 ], [ -72.50142, 44.72346 ], [ -72.50132, 44.72376 ], [ -72.50085, 44.72405 ], [ -72.5002, 44.72419 ], [ -72.49996, 44.72311 ], [ -72.5001, 44.72285 ], [ -72.50063, 44.72279 ], [ -72.50142, 44.72205 ], [ -72.50233, 44.72156 ], [ -72.50359, 44.72053 ], [ -72.50465, 44.71937 ], [ -72.50509, 44.71923 ], [ -72.50552, 44.71881 ], [ -72.50723, 44.7184 ] ] } },
{ "type": "Feature", "properties": { "lake": "Eden", "depth": 10 }, "geometry": { "type": "LineString", "coordinates": [ [ -72.5094, 44.71761 ], [ -72.50932, 44.71801 ], [ -72.50875, 44.71819 ], [ -72.50861, 44.71867 ], [ -72.50911, 44.71878 ], [ -72.50923, 44.71859 ], [ -72.50971, 44.71853 ], [ -72.51011, 44.71808 ], [ -72.51017, 44.71788 ], [ -72.50981, 44.71762 ], [ -72.5094, 44.71761 ] ] } },
{ "type": "Feature", "properties": { "lake": "Eden", "depth": 30 }, "geometry": { "type": "LineString", "coordinates": [ [ -72.51233, 44.71549 ], [ -72.51266, 44.71549 ], [ -72.51224, 44.71608 ], [ -72.51184, 44.71635 ], [ -72.51141, 44.71646 ], [ -72.51127, 44.71633 ], [ -72.51126, 44.71614 ], [ -72.51148, 44.71593 ], [ -72.51233, 44.71549 ] ] } },
{ "type": "Feature", "properties": { "lake": "Eden", "depth": 20 }, "geometry": { "type": "LineString", "coordinates": [ [ -72.51312, 44.71459 ], [ -72.51349, 44.71463 ], [ -72.51365, 44.71491 ], [ -72.51359, 44.71511 ], [ -72.51243, 44.71653 ], [ -72.51084, 44.71722 ], [ -72.50961, 44.7173 ], [ -72.51033, 44.71676 ], [ -72.51055, 44.71623 ], [ -72.51101, 44.71608 ], [ -72.51141, 44.71562 ], [ -72.51238, 44.71511 ], [ -72.51263, 44.71466 ], [ -72.51312, 44.71459 ] ] } },
{ "type": "Feature", "properties": { "lake": "Eden", "depth": 30 }, "geometry": { "type": "LineString", "coordinates": [ [ -72.51003, 44.71317 ], [ -72.51019, 44.71312 ], [ -72.51048, 44.71414 ], [ -72.51023, 44.71498 ], [ -72.50803, 44.71621 ], [ -72.5076, 44.71634 ], [ -72.5072, 44.71627 ], [ -72.50713, 44.71595 ], [ -72.50751, 44.71537 ], [ -72.50876, 44.71511 ], [ -72.50925, 44.71485 ], [ -72.51003, 44.71317 ] ] } },
{ "type": "Feature", "properties": { "lake": "Eden", "depth": 20 }, "geometry": { "type": "LineString", "coordinates": [ [ -72.50988, 44.7124 ], [ -72.51048, 44.71249 ], [ -72.51064, 44.71356 ], [ -72.51098, 44.71388 ], [ -72.51039, 44.71511 ], [ -72.50969, 44.71562 ], [ -72.50652, 44.71695 ], [ -72.50505, 44.71814 ], [ -72.5047, 44.71879 ], [ -72.50412, 44.71905 ], [ -72.5041, 44.7193 ], [ -72.50351, 44.71943 ], [ -72.50192, 44.72031 ], [ -72.50113, 44.72047 ], [ -72.50078, 44.72027 ], [ -72.50077, 44.71963 ], [ -72.50125, 44.71911 ], [ -72.50207, 44.71875 ], [ -72.50228, 44.71835 ], [ -72.50336, 44.71784 ], [ -72.50414, 44.71775 ], [ -72.505, 44.7173 ], [ -72.50553, 44.71691 ], [ -72.50574, 44.7164 ], [ -72.5071, 44.71547 ], [ -72.50753, 44.71501 ], [ -72.50817, 44.71485 ], [ -72.50911, 44.71429 ], [ -72.50931, 44.71401 ], [ -72.50918, 44.71291 ], [ -72.50988, 44.7124 ] ] } },
{ "type": "Feature", "properties": { "lake": "Eden", "depth": 10 }, "geometry": { "type": "LineString", "coordinates": [ [ -72.51428, 44.71052 ], [ -72.51486, 44.71078 ], [ -72.51523, 44.71117 ], [ -72.5151, 44.71156 ], [ -72.51543, 44.71181 ], [ -72.51534, 44.71207 ], [ -72.51493, 44.71214 ], [ -72.51494, 44.71233 ], [ -72.51533, 44.7124 ], [ -72.51538, 44.71278 ], [ -72.51515, 44.71352 ], [ -72.51486, 44.7138 ], [ -72.51415, 44.71394 ], [ -72.51452, 44.71478 ], [ -72.5145, 44.71498 ], [ -72.51424, 44.71504 ], [ -72.51443, 44.71537 ], [ -72.51424, 44.71582 ], [ -72.51335, 44.71635 ], [ -72.51292, 44.71638 ], [ -72.51145, 44.71762 ], [ -72.51155, 44.71801 ], [ -72.51084, 44.7188 ], [ -72.50965, 44.71885 ], [ -72.50911, 44.71922 ], [ -72.5089, 44.71919 ], [ -72.50789, 44.71892 ], [ -72.50807, 44.71866 ], [ -72.50782, 44.71838 ], [ -72.5076, 44.7184 ], [ -72.50746, 44.71924 ], [ -72.50701, 44.71963 ], [ -72.50696, 44.72001 ], [ -72.50537, 44.72056 ], [ -72.50523, 44.72105 ], [ -72.50424, 44.72163 ], [ -72.50394, 44.72212 ], [ -72.50271, 44.72276 ], [ -72.50257, 44.72304 ], [ -72.50177, 44.7235 ], [ -72.50163, 44.72402 ], [ -72.50063, 44.72442 ], [ -72.5001, 44.72447 ], [ -72.50008, 44.72479 ], [ -72.49977, 44.72505 ], [ -72.49986, 44.7255 ], [ -72.49926, 44.72628 ], [ -72.49678, 44.72795 ], [ -72.49553, 44.72811 ], [ -72.49515, 44.72782 ], [ -72.49524, 44.72757 ], [ -72.49506, 44.7275 ], [ -72.49482, 44.72699 ], [ -72.49529, 44.72582 ], [ -72.49603, 44.72549 ], [ -72.49682, 44.72485 ], [ -72.49883, 44.7248 ], [ -72.49948, 44.72461 ], [ -72.49995, 44.72415 ], [ -72.49976, 44.72318 ], [ -72.49998, 44.72285 ], [ -72.5007, 44.72253 ], [ -72.50135, 44.72187 ], [ -72.50205, 44.72156 ], [ -72.50243, 44.72111 ], [ -72.50322, 44.72068 ], [ -72.50348, 44.72021 ], [ -72.5044, 44.71956 ], [ -72.50468, 44.71917 ], [ -72.50437, 44.7191 ], [ -72.50415, 44.71938 ], [ -72.50336, 44.71963 ], [ -72.50271, 44.72021 ], [ -72.5022, 44.72034 ], [ -72.50139, 44.72105 ], [ -72.50092, 44.7211 ], [ -72.50027, 44.72099 ], [ -72.49989, 44.72072 ], [ -72.50002, 44.72047 ], [ -72.49977, 44.71995 ], [ -72.50049, 44.71893 ], [ -72.5007, 44.71882 ], [ -72.50085, 44.71892 ], [ -72.50106, 44.71858 ], [ -72.50171, 44.71829 ], [ -72.50185, 44.71784 ], [ -72.50207, 44.7177 ], [ -72.50401, 44.71757 ], [ -72.50415, 44.71734 ], [ -72.50458, 44.71731 ], [ -72.50458, 44.71716 ], [ -72.50537, 44.71692 ], [ -72.50527, 44.71679 ], [ -72.50554, 44.71659 ], [ -72.50554, 44.71588 ], [ -72.50698, 44.7153 ], [ -72.5076, 44.71445 ], [ -72.50865, 44.71414 ], [ -72.5085, 44.71375 ], [ -72.50866, 44.71343 ], [ -72.50832, 44.71304 ], [ -72.50911, 44.71264 ], [ -72.50969, 44.71188 ], [ -72.51112, 44.71229 ], [ -72.51072, 44.71291 ], [ -72.51084, 44.71356 ], [ -72.51114, 44.71407 ], [ -72.51081, 44.7144 ], [ -72.51083, 44.71491 ], [ -72.51055, 44.71522 ], [ -72.51011, 44.71537 ], [ -72.50969, 44.71594 ], [ -72.50818, 44.71638 ], [ -72.5066, 44.71718 ], [ -72.50552, 44.71808 ], [ -72.5053, 44.71808 ], [ -72.50498, 44.71859 ], [ -72.50609, 44.71856 ], [ -72.5071, 44.71834 ], [ -72.50766, 44.71788 ], [ -72.50803, 44.71785 ], [ -72.50816, 44.71762 ], [ -72.50969, 44.71696 ], [ -72.51026, 44.71653 ], [ -72.51048, 44.71608 ], [ -72.51079, 44.71608 ], [ -72.51075, 44.71588 ], [ -72.51234, 44.71481 ], [ -72.51256, 44.71451 ], [ -72.51309, 44.71433 ], [ -72.51311, 44.71401 ], [ -72.51358, 44.71349 ], [ -72.51348, 44.7133 ], [ -72.51384, 44.71278 ], [ -72.51414, 44.71072 ], [ -72.51428, 44.71052 ] ] } },
{ "type": "Feature", "properties": { "lake": "Eden", "depth": 5 }, "geometry": { "type": "LineString", "coordinates": [ [ -72.51468, 44.70968 ], [ -72.51503, 44.70968 ], [ -72.51488, 44.71072 ], [ -72.51534, 44.71117 ], [ -72.51568, 44.71188 ], [ -72.51562, 44.71259 ], [ -72.51508, 44.71382 ], [ -72.51427, 44.71394 ], [ -72.51479, 44.7144 ], [ -72.51479, 44.71472 ], [ -72.51448, 44.71517 ], [ -72.51483, 44.71569 ], [ -72.51464, 44.71605 ], [ -72.51414, 44.71631 ], [ -72.51321, 44.71643 ], [ -72.51248, 44.71685 ], [ -72.51155, 44.71762 ], [ -72.51155, 44.71782 ], [ -72.5119, 44.71808 ], [ -72.51163, 44.71851 ], [ -72.50947, 44.71973 ], [ -72.50818, 44.71929 ], [ -72.5076, 44.71931 ], [ -72.50711, 44.71963 ], [ -72.50704, 44.72001 ], [ -72.50631, 44.72041 ], [ -72.50545, 44.72059 ], [ -72.50537, 44.72105 ], [ -72.50436, 44.72163 ], [ -72.50394, 44.72223 ], [ -72.50271, 44.72284 ], [ -72.50263, 44.72305 ], [ -72.50192, 44.72348 ], [ -72.50171, 44.72405 ], [ -72.50047, 44.7246 ], [ -72.50045, 44.72479 ], [ -72.50004, 44.72505 ], [ -72.49997, 44.7255 ], [ -72.49946, 44.72628 ], [ -72.49862, 44.72671 ], [ -72.49689, 44.7281 ], [ -72.49668, 44.72802 ], [ -72.49652, 44.72821 ], [ -72.49582, 44.72826 ], [ -72.49495, 44.72789 ], [ -72.49494, 44.72757 ], [ -72.49464, 44.72705 ], [ -72.49524, 44.72582 ], [ -72.49704, 44.7247 ], [ -72.4974, 44.72483 ], [ -72.49876, 44.72473 ], [ -72.49974, 44.72427 ], [ -72.49985, 44.72389 ], [ -72.49968, 44.72305 ], [ -72.50053, 44.72253 ], [ -72.50131, 44.72182 ], [ -72.50192, 44.72154 ], [ -72.50422, 44.71956 ], [ -72.50401, 44.71946 ], [ -72.50358, 44.71963 ], [ -72.50158, 44.72105 ], [ -72.50077, 44.72132 ], [ -72.49977, 44.72082 ], [ -72.4996, 44.72027 ], [ -72.49964, 44.71988 ], [ -72.50042, 44.7189 ], [ -72.50137, 44.71827 ], [ -72.5019, 44.71762 ], [ -72.50293, 44.71745 ], [ -72.50394, 44.71754 ], [ -72.50415, 44.71727 ], [ -72.50494, 44.71696 ], [ -72.50545, 44.71659 ], [ -72.50534, 44.71588 ], [ -72.50685, 44.7153 ], [ -72.50718, 44.71466 ], [ -72.50753, 44.71438 ], [ -72.50842, 44.7142 ], [ -72.50829, 44.71369 ], [ -72.50857, 44.71343 ], [ -72.50832, 44.71333 ], [ -72.50827, 44.71298 ], [ -72.50911, 44.71259 ], [ -72.5094, 44.7119 ], [ -72.50983, 44.71183 ], [ -72.51026, 44.71202 ], [ -72.51062, 44.71189 ], [ -72.5113, 44.7122 ], [ -72.51078, 44.71291 ], [ -72.51124, 44.71407 ], [ -72.51076, 44.71511 ], [ -72.5099, 44.71572 ], [ -72.50996, 44.71595 ], [ -72.5097, 44.71633 ], [ -72.5094, 44.71647 ], [ -72.50933, 44.71631 ], [ -72.50882, 44.71626 ], [ -72.5082, 44.7164 ], [ -72.50806, 44.71659 ], [ -72.50648, 44.71737 ], [ -72.50517, 44.7184 ], [ -72.50523, 44.71853 ], [ -72.50573, 44.71855 ], [ -72.50688, 44.7183 ], [ -72.50976, 44.7168 ], [ -72.51025, 44.71646 ], [ -72.51048, 44.71602 ], [ -72.513, 44.7142 ], [ -72.51344, 44.71317 ], [ -72.51378, 44.71278 ], [ -72.51403, 44.71078 ], [ -72.51468, 44.70968 ] ] } },
{ "type": "Feature", "properties": { "lake": "Elligo", "depth": 10 }, "geometry": { "type": "LineString", "coordinates": [ [ -72.35807, 44.61354 ], [ -72.35824, 44.61349 ], [ -72.3584, 44.61374 ], [ -72.35882, 44.61388 ], [ -72.35859, 44.6141 ], [ -72.35818, 44.61411 ], [ -72.3579, 44.61389 ], [ -72.35807, 44.61354 ] ] } },
{ "type": "Feature", "properties": { "lake": "Elligo", "depth": 50 }, "geometry": { "type": "LineString", "coordinates": [ [ -72.35543, 44.60566 ], [ -72.35613, 44.6058 ], [ -72.35652, 44.60658 ], [ -72.35685, 44.60667 ], [ -72.35694, 44.60702 ], [ -72.35649, 44.60756 ], [ -72.35589, 44.6075 ], [ -72.35536, 44.60687 ], [ -72.35522, 44.60656 ], [ -72.35543, 44.60566 ] ] } },
{ "type": "Feature", "properties": { "lake": "Elligo", "depth": 75 }, "geometry": { "type": "LineString", "coordinates": [ [ -72.35566, 44.60145 ], [ -72.35586, 44.60161 ], [ -72.35586, 44.60196 ], [ -72.35531, 44.60202 ], [ -72.35517, 44.60163 ], [ -72.35555, 44.60164 ], [ -72.35566, 44.60145 ] ] } },
{ "type": "Feature", "properties": { "lake": "Elligo", "depth": 75 }, "geometry": { "type": "LineString", "coordinates": [ [ -72.35494, 44.59886 ], [ -72.35533, 44.59903 ], [ -72.35551, 44.59948 ], [ -72.35495, 44.59992 ], [ -72.35514, 44.6005 ], [ -72.3545, 44.60064 ], [ -72.35428, 44.60135 ], [ -72.35414, 44.60101 ], [ -72.3542, 44.60015 ], [ -72.35401, 44.59975 ], [ -72.35448, 44.5995 ], [ -72.35494, 44.59886 ] ] } },
{ "type": "Feature", "properties": { "lake": "Elligo", "depth": 50 }, "geometry": { "type": "LineString", "coordinates": [ [ -72.35507, 44.59787 ], [ -72.3553, 44.59823 ], [ -72.35522, 44.59861 ], [ -72.35555, 44.59889 ], [ -72.35572, 44.59956 ], [ -72.356, 44.59972 ], [ -72.35608, 44.60014 ], [ -72.35636, 44.60032 ], [ -72.35622, 44.60056 ], [ -72.3563, 44.60084 ], [ -72.35663, 44.60106 ], [ -72.35681, 44.60145 ], [ -72.35671, 44.60202 ], [ -72.35652, 44.60213 ], [ -72.35625, 44.60306 ], [ -72.35637, 44.60324 ], [ -72.35616, 44.60351 ], [ -72.35622, 44.60399 ], [ -72.35542, 44.60457 ], [ -72.35472, 44.60433 ], [ -72.3547, 44.60242 ], [ -72.35456, 44.60197 ], [ -72.35401, 44.60164 ], [ -72.35405, 44.60127 ], [ -72.3539, 44.60101 ], [ -72.35401, 44.60029 ], [ -72.35386, 44.59975 ], [ -72.35434, 44.59941 ], [ -72.35507, 44.59787 ] ] } },
{ "type": "Feature", "properties": { "lake": "Elligo", "depth": 5 }, "geometry": { "type": "LineString", "coordinates": [ [ -72.35594, 44.59776 ], [ -72.35565, 44.59805 ], [ -72.35589, 44.59859 ], [ -72.35616, 44.59832 ], [ -72.35613, 44.59791 ], [ -72.35594, 44.59776 ] ] } },
{ "type": "Feature", "properties": { "lake": "Elligo", "depth": 10 }, "geometry": { "type": "LineString", "coordinates": [ [ -72.35602, 44.59758 ], [ -72.35558, 44.59818 ], [ -72.35589, 44.59875 ], [ -72.35627, 44.59833 ], [ -72.35613, 44.59758 ], [ -72.35602, 44.59758 ] ] } },
{ "type": "Feature", "properties": { "lake": "Elligo", "depth": 5 }, "geometry": { "type": "LineString", "coordinates": [ [ -72.35652, 44.59652 ], [ -72.35652, 44.59703 ], [ -72.35694, 44.59701 ], [ -72.35699, 44.59667 ], [ -72.3568, 44.59649 ], [ -72.35652, 44.59652 ] ] } },
{ "type": "Feature", "properties": { "lake": "Elligo", "depth": 75 }, "geometry": { "type": "LineString", "coordinates": [ [ -72.35593, 44.5917 ], [ -72.35658, 44.59185 ], [ -72.35672, 44.59223 ], [ -72.35616, 44.59384 ], [ -72.35629, 44.59429 ], [ -72.35622, 44.5951 ], [ -72.35564, 44.59657 ], [ -72.35536, 44.5967 ], [ -72.35495, 44.59644 ], [ -72.35497, 44.59603 ], [ -72.35476, 44.59573 ], [ -72.35507, 44.5951 ], [ -72.35499, 44.59367 ], [ -72.35528, 44.59336 ], [ -72.35522, 44.593 ], [ -72.3555, 44.59271 ], [ -72.35593, 44.5917 ] ] } },
{ "type": "Feature", "properties": { "lake": "Elligo", "depth": 50 }, "geometry": { "type": "LineString", "coordinates": [ [ -72.3566, 44.59027 ], [ -72.35716, 44.59079 ], [ -72.35696, 44.59116 ], [ -72.35696, 44.59158 ], [ -72.35716, 44.59171 ], [ -72.3573, 44.59226 ], [ -72.35716, 44.59254 ], [ -72.35682, 44.59268 ], [ -72.35708, 44.59295 ], [ -72.35688, 44.59311 ], [ -72.35673, 44.59376 ], [ -72.35696, 44.59411 ], [ -72.35666, 44.59447 ], [ -72.35658, 44.59541 ], [ -72.35616, 44.59578 ], [ -72.35605, 44.59665 ], [ -72.35544, 44.59749 ], [ -72.35464, 44.59669 ], [ -72.35464, 44.59626 ], [ -72.35477, 44.59617 ], [ -72.35464, 44.59564 ], [ -72.35492, 44.59501 ], [ -72.35478, 44.59383 ], [ -72.35514, 44.5934 ], [ -72.355, 44.5929 ], [ -72.35528, 44.5927 ], [ -72.35569, 44.59197 ], [ -72.35594, 44.59111 ], [ -72.3566, 44.59027 ] ] } },
{ "type": "Feature", "properties": { "lake": "Elligo", "depth": 30 }, "geometry": { "type": "LineString", "coordinates": [ [ -72.35744, 44.58901 ], [ -72.35771, 44.589 ], [ -72.35781, 44.58928 ], [ -72.35736, 44.59053 ], [ -72.35746, 44.59083 ], [ -72.3578, 44.59089 ], [ -72.35759, 44.59188 ], [ -72.35773, 44.59232 ], [ -72.35754, 44.59257 ], [ -72.35757, 44.59291 ], [ -72.35724, 44.59306 ], [ -72.35696, 44.59374 ], [ -72.35708, 44.5942 ], [ -72.35688, 44.59432 ], [ -72.35674, 44.59483 ], [ -72.35694, 44.59536 ], [ -72.3568, 44.59565 ], [ -72.35644, 44.59582 ], [ -72.35622, 44.59709 ], [ -72.35558, 44.59757 ], [ -72.35542, 44.59796 ], [ -72.35544, 44.59858 ], [ -72.3558, 44.5991 ], [ -72.35622, 44.59915 ], [ -72.35644, 44.59893 ], [ -72.35694, 44.59885 ], [ -72.3573, 44.59901 ], [ -72.35744, 44.59931 ], [ -72.35707, 44.60018 ], [ -72.35673, 44.60038 ], [ -72.35674, 44.60064 ], [ -72.35716, 44.60077 ], [ -72.35722, 44.60119 ], [ -72.35702, 44.60143 ], [ -72.35708, 44.60199 ], [ -72.3568, 44.60267 ], [ -72.35643, 44.60306 ], [ -72.35649, 44.60453 ], [ -72.35616, 44.60477 ], [ -72.35616, 44.60521 ], [ -72.35707, 44.60597 ], [ -72.3571, 44.60709 ], [ -72.3573, 44.60754 ], [ -72.35716, 44.60829 ], [ -72.35652, 44.60866 ], [ -72.35616, 44.60853 ], [ -72.35613, 44.60833 ], [ -72.35566, 44.60828 ], [ -72.35508, 44.60794 ], [ -72.35478, 44.60738 ], [ -72.35478, 44.60695 ], [ -72.35506, 44.60656 ], [ -72.35497, 44.60568 ], [ -72.35472, 44.60547 ], [ -72.35427, 44.60432 ], [ -72.3545, 44.60289 ], [ -72.3542, 44.60202 ], [ -72.35365, 44.6015 ], [ -72.35351, 44.60011 ], [ -72.3537, 44.59972 ], [ -72.35425, 44.59927 ], [ -72.35442, 44.59865 ], [ -72.35461, 44.5985 ], [ -72.35464, 44.59787 ], [ -72.35498, 44.59752 ], [ -72.35492, 44.59715 ], [ -72.3545, 44.59661 ], [ -72.3545, 44.59562 ], [ -72.35476, 44.59474 ], [ -72.35459, 44.59394 ], [ -72.35464, 44.59356 ], [ -72.35484, 44.59349 ], [ -72.35472, 44.5933 ], [ -72.35506, 44.59335 ], [ -72.35486, 44.59307 ], [ -72.35495, 44.59276 ], [ -72.35531, 44.59216 ], [ -72.35555, 44.59203 ], [ -72.35558, 44.59158 ], [ -72.35616, 44.59045 ], [ -72.35636, 44.59033 ], [ -72.35638, 44.59005 ], [ -72.3568, 44.58983 ], [ -72.35686, 44.58946 ], [ -72.35674, 44.58927 ], [ -72.35744, 44.58901 ] ] } },
{ "type": "Feature", "properties": { "lake": "Elligo", "depth": 20 }, "geometry": { "type": "LineString", "coordinates": [ [ -72.35723, 44.58883 ], [ -72.35795, 44.58892 ], [ -72.35767, 44.59062 ], [ -72.35802, 44.5908 ], [ -72.35793, 44.59153 ], [ -72.35773, 44.59188 ], [ -72.35788, 44.59232 ], [ -72.35771, 44.593 ], [ -72.35746, 44.59312 ], [ -72.35708, 44.59385 ], [ -72.35716, 44.59435 ], [ -72.35687, 44.59465 ], [ -72.35701, 44.59474 ], [ -72.35682, 44.59492 ], [ -72.35707, 44.59501 ], [ -72.35707, 44.59547 ], [ -72.35644, 44.59626 ], [ -72.35627, 44.59719 ], [ -72.35558, 44.59768 ], [ -72.35551, 44.59814 ], [ -72.35558, 44.59863 ], [ -72.35594, 44.59901 ], [ -72.35625, 44.59862 ], [ -72.35699, 44.59828 ], [ -72.3573, 44.59849 ], [ -72.35771, 44.59922 ], [ -72.3571, 44.60044 ], [ -72.35752, 44.6008 ], [ -72.35758, 44.60119 ], [ -72.35718, 44.60145 ], [ -72.3573, 44.60178 ], [ -72.35651, 44.60333 ], [ -72.35673, 44.6036 ], [ -72.35659, 44.60423 ], [ -72.35672, 44.60441 ], [ -72.35644, 44.60516 ], [ -72.35721, 44.60596 ], [ -72.35736, 44.60656 ], [ -72.35718, 44.60709 ], [ -72.35745, 44.60763 ], [ -72.3573, 44.60842 ], [ -72.35683, 44.60892 ], [ -72.35622, 44.60865 ], [ -72.35572, 44.60871 ], [ -72.35486, 44.60803 ], [ -72.3547, 44.60752 ], [ -72.3545, 44.60739 ], [ -72.35493, 44.60665 ], [ -72.35477, 44.60629 ], [ -72.35492, 44.60613 ], [ -72.35492, 44.60574 ], [ -72.35459, 44.6055 ], [ -72.35422, 44.60477 ], [ -72.35413, 44.60423 ], [ -72.35425, 44.60369 ], [ -72.3542, 44.60329 ], [ -72.35406, 44.60324 ], [ -72.35427, 44.6028 ], [ -72.3542, 44.60235 ], [ -72.35356, 44.60155 ], [ -72.35341, 44.60065 ], [ -72.35356, 44.59979 ], [ -72.35412, 44.59925 ], [ -72.35428, 44.59863 ], [ -72.35449, 44.5985 ], [ -72.35456, 44.59778 ], [ -72.35484, 44.59746 ], [ -72.35434, 44.59626 ], [ -72.35448, 44.59591 ], [ -72.35442, 44.59518 ], [ -72.35462, 44.59465 ], [ -72.35459, 44.59365 ], [ -72.35476, 44.59349 ], [ -72.35472, 44.59328 ], [ -72.35506, 44.59332 ], [ -72.35486, 44.59294 ], [ -72.35522, 44.59203 ], [ -72.35555, 44.592 ], [ -72.35553, 44.59132 ], [ -72.35627, 44.59027 ], [ -72.35625, 44.58999 ], [ -72.35658, 44.58993 ], [ -72.35672, 44.58973 ], [ -72.35666, 44.58934 ], [ -72.35723, 44.58883 ] ] } },
{ "type": "Feature", "properties": { "lake": "Elligo", "depth": 10 }, "geometry": { "type": "LineString", "coordinates": [ [ -72.35759, 44.58865 ], [ -72.35824, 44.58883 ], [ -72.35803, 44.58955 ], [ -72.35829, 44.58991 ], [ -72.3579, 44.59295 ], [ -72.35768, 44.59313 ], [ -72.35765, 44.5938 ], [ -72.35745, 44.59394 ], [ -72.35767, 44.59429 ], [ -72.35745, 44.59537 ], [ -72.35766, 44.59564 ], [ -72.35722, 44.59617 ], [ -72.35757, 44.59639 ], [ -72.35752, 44.59684 ], [ -72.35732, 44.59696 ], [ -72.35709, 44.59662 ], [ -72.35716, 44.59636 ], [ -72.35674, 44.59619 ], [ -72.35644, 44.5966 ], [ -72.35638, 44.59698 ], [ -72.35663, 44.59735 ], [ -72.3573, 44.59695 ], [ -72.35766, 44.59796 ], [ -72.3576, 44.59845 ], [ -72.35788, 44.59852 ], [ -72.35825, 44.59904 ], [ -72.35738, 44.60038 ], [ -72.35788, 44.60067 ], [ -72.35788, 44.60117 ], [ -72.35718, 44.60216 ], [ -72.35716, 44.60257 ], [ -72.35674, 44.60317 ], [ -72.35694, 44.60351 ], [ -72.35672, 44.60414 ], [ -72.35696, 44.60423 ], [ -72.35673, 44.60521 ], [ -72.35694, 44.60527 ], [ -72.35735, 44.60594 ], [ -72.35744, 44.60673 ], [ -72.35724, 44.60704 ], [ -72.35766, 44.60763 ], [ -72.35746, 44.60813 ], [ -72.35759, 44.60852 ], [ -72.35743, 44.60904 ], [ -72.35688, 44.60927 ], [ -72.35636, 44.60878 ], [ -72.35536, 44.60873 ], [ -72.35428, 44.60765 ], [ -72.35456, 44.60694 ], [ -72.3545, 44.60654 ], [ -72.35471, 44.60647 ], [ -72.35477, 44.60584 ], [ -72.35442, 44.60554 ], [ -72.35406, 44.60482 ], [ -72.35403, 44.60235 ], [ -72.35351, 44.60155 ], [ -72.35334, 44.60065 ], [ -72.35351, 44.59979 ], [ -72.35398, 44.59924 ], [ -72.35434, 44.59841 ], [ -72.35442, 44.59772 ], [ -72.35461, 44.59767 ], [ -72.3547, 44.59743 ], [ -72.35426, 44.59626 ], [ -72.3544, 44.59599 ], [ -72.35428, 44.59573 ], [ -72.35459, 44.59361 ], [ -72.35522, 44.592 ], [ -72.35543, 44.59197 ], [ -72.35553, 44.59129 ], [ -72.35622, 44.59021 ], [ -72.35625, 44.58995 ], [ -72.35658, 44.58982 ], [ -72.35666, 44.58931 ], [ -72.35702, 44.58887 ], [ -72.35759, 44.58865 ] ] } },
{ "type": "Feature", "properties": { "lake": "Elligo", "depth": 5 }, "geometry": { "type": "LineString", "coordinates": [ [ -72.35767, 44.58857 ], [ -72.35801, 44.58856 ], [ -72.35846, 44.58882 ], [ -72.3584, 44.58906 ], [ -72.35865, 44.58898 ], [ -72.35882, 44.5891 ], [ -72.35865, 44.58983 ], [ -72.35847, 44.59 ], [ -72.35846, 44.59075 ], [ -72.3581, 44.59156 ], [ -72.35802, 44.59358 ], [ -72.35788, 44.59442 ], [ -72.35768, 44.59465 ], [ -72.3579, 44.59537 ], [ -72.3576, 44.59638 ], [ -72.35757, 44.59707 ], [ -72.35768, 44.59755 ], [ -72.35801, 44.59782 ], [ -72.35826, 44.59853 ], [ -72.35867, 44.59904 ], [ -72.35818, 44.59939 ], [ -72.35788, 44.60029 ], [ -72.35807, 44.60074 ], [ -72.35803, 44.60119 ], [ -72.3576, 44.60168 ], [ -72.35709, 44.60271 ], [ -72.3571, 44.6031 ], [ -72.35743, 44.60341 ], [ -72.35743, 44.60373 ], [ -72.35688, 44.60477 ], [ -72.35716, 44.6052 ], [ -72.35718, 44.60557 ], [ -72.35744, 44.60584 ], [ -72.35746, 44.60711 ], [ -72.35771, 44.60748 ], [ -72.35774, 44.60812 ], [ -72.35816, 44.60844 ], [ -72.35815, 44.6089 ], [ -72.3578, 44.60915 ], [ -72.35825, 44.61005 ], [ -72.35796, 44.61042 ], [ -72.35815, 44.61105 ], [ -72.35788, 44.61121 ], [ -72.35782, 44.61161 ], [ -72.35804, 44.61177 ], [ -72.35859, 44.61168 ], [ -72.35895, 44.61191 ], [ -72.35937, 44.61227 ], [ -72.35955, 44.61282 ], [ -72.35953, 44.61393 ], [ -72.35898, 44.61395 ], [ -72.35903, 44.61416 ], [ -72.35882, 44.61435 ], [ -72.35824, 44.61418 ], [ -72.35796, 44.61426 ], [ -72.35774, 44.61399 ], [ -72.35816, 44.61291 ], [ -72.35746, 44.61233 ], [ -72.35752, 44.61121 ], [ -72.3568, 44.60943 ], [ -72.35622, 44.6089 ], [ -72.35531, 44.60888 ], [ -72.35428, 44.60782 ], [ -72.35423, 44.60743 ], [ -72.35448, 44.60697 ], [ -72.35442, 44.60656 ], [ -72.35457, 44.60647 ], [ -72.35462, 44.60575 ], [ -72.35406, 44.60502 ], [ -72.3539, 44.60414 ], [ -72.35405, 44.60369 ], [ -72.35391, 44.60324 ], [ -72.35398, 44.60227 ], [ -72.35356, 44.60176 ], [ -72.35333, 44.60092 ], [ -72.35351, 44.59972 ], [ -72.3539, 44.59926 ], [ -72.35434, 44.59825 ], [ -72.35437, 44.59772 ], [ -72.35461, 44.59752 ], [ -72.35421, 44.59626 ], [ -72.35435, 44.59599 ], [ -72.35422, 44.59573 ], [ -72.35436, 44.59447 ], [ -72.35459, 44.59359 ], [ -72.35553, 44.59127 ], [ -72.35625, 44.58993 ], [ -72.35649, 44.58982 ], [ -72.35666, 44.5893 ], [ -72.35702, 44.58885 ], [ -72.35767, 44.58857 ] ] } },
{ "type": "Feature", "properties": { "lake": "Elmore", "depth": 10 }, "geometry": { "type": "LineString", "coordinates": [ [ -72.52321, 44.52793 ], [ -72.52495, 44.52818 ], [ -72.52538, 44.52859 ], [ -72.52575, 44.52926 ], [ -72.52575, 44.52972 ], [ -72.52677, 44.53141 ], [ -72.52682, 44.53218 ], [ -72.52739, 44.53315 ], [ -72.5272, 44.53361 ], [ -72.52727, 44.53413 ], [ -72.52734, 44.53432 ], [ -72.52762, 44.53438 ], [ -72.52773, 44.53538 ], [ -72.52883, 44.5354 ], [ -72.52961, 44.53599 ], [ -72.52961, 44.53634 ], [ -72.52928, 44.53653 ], [ -72.53027, 44.5376 ], [ -72.53043, 44.53863 ], [ -72.53031, 44.53868 ], [ -72.53035, 44.5389 ], [ -72.53, 44.53907 ], [ -72.52992, 44.53961 ], [ -72.52965, 44.53961 ], [ -72.52955, 44.53976 ], [ -72.52961, 44.54004 ], [ -72.52863, 44.54068 ], [ -72.52796, 44.54087 ], [ -72.52663, 44.54079 ], [ -72.52502, 44.54017 ], [ -72.52373, 44.53858 ], [ -72.52271, 44.5356 ], [ -72.52216, 44.53487 ], [ -72.52193, 44.53382 ], [ -72.52198, 44.53346 ], [ -72.52139, 44.53197 ], [ -72.52146, 44.53155 ], [ -72.52095, 44.5311 ], [ -72.52114, 44.53074 ], [ -72.52114, 44.52998 ], [ -72.52078, 44.5289 ], [ -72.52087, 44.52858 ], [ -72.52321, 44.52793 ] ] } },
{ "type": "Feature", "properties": { "lake": "Elmore", "depth": 5 }, "geometry": { "type": "LineString", "coordinates": [ [ -72.52411, 44.52752 ], [ -72.52452, 44.52756 ], [ -72.5253, 44.52812 ], [ -72.52581, 44.52888 ], [ -72.52593, 44.52973 ], [ -72.52651, 44.53022 ], [ -72.52662, 44.53085 ], [ -72.52711, 44.53167 ], [ -72.52698, 44.53218 ], [ -72.52761, 44.53321 ], [ -72.52757, 44.53358 ], [ -72.528, 44.5352 ], [ -72.5289, 44.53531 ], [ -72.52977, 44.53569 ], [ -72.52987, 44.53643 ], [ -72.52971, 44.53689 ], [ -72.53073, 44.53797 ], [ -72.53035, 44.53952 ], [ -72.53, 44.53981 ], [ -72.52992, 44.54022 ], [ -72.52965, 44.54025 ], [ -72.52906, 44.54072 ], [ -72.52867, 44.54078 ], [ -72.52863, 44.541 ], [ -72.52814, 44.54145 ], [ -72.5282, 44.54161 ], [ -72.52781, 44.54114 ], [ -72.52741, 44.54123 ], [ -72.52502, 44.54096 ], [ -72.52495, 44.54078 ], [ -72.52424, 44.54048 ], [ -72.52408, 44.53961 ], [ -72.52373, 44.5394 ], [ -72.5235, 44.53877 ], [ -72.52287, 44.53805 ], [ -72.52256, 44.53624 ], [ -72.52193, 44.53532 ], [ -72.5217, 44.53361 ], [ -72.52142, 44.53338 ], [ -72.52086, 44.53213 ], [ -72.52085, 44.53177 ], [ -72.52056, 44.53151 ], [ -72.5205, 44.53069 ], [ -72.5207, 44.53028 ], [ -72.5202, 44.52916 ], [ -72.52034, 44.52885 ], [ -72.5202, 44.52875 ], [ -72.52021, 44.52845 ], [ -72.52044, 44.52824 ], [ -72.52166, 44.5279 ], [ -72.5224, 44.52793 ], [ -72.5226, 44.52766 ], [ -72.52326, 44.52771 ], [ -72.52411, 44.52752 ] ] } },
{ "type": "Feature", "properties": { "lake": "Fairfield", "depth": 5 }, "geometry": { "type": "LineString", "coordinates": [ [ -72.99687, 44.84944 ], [ -72.99619, 44.8496 ], [ -72.99582, 44.85023 ], [ -72.99612, 44.8504 ], [ -72.99649, 44.85023 ], [ -72.99718, 44.84944 ], [ -72.99687, 44.84944 ] ] } },
{ "type": "Feature", "properties": { "lake": "Fairfield", "depth": 30 }, "geometry": { "type": "LineString", "coordinates": [ [ -72.99763, 44.84461 ], [ -72.99834, 44.8447 ], [ -72.99831, 44.84556 ], [ -72.99801, 44.84651 ], [ -72.99688, 44.84858 ], [ -72.99614, 44.84935 ], [ -72.99552, 44.84974 ], [ -72.99544, 44.85022 ], [ -72.9948, 44.8509 ], [ -72.99484, 44.85128 ], [ -72.99582, 44.85101 ], [ -72.99612, 44.85108 ], [ -72.99629, 44.85134 ], [ -72.99537, 44.85261 ], [ -72.99485, 44.85401 ], [ -72.99424, 44.85412 ], [ -72.99371, 44.85472 ], [ -72.99319, 44.85484 ], [ -72.99259, 44.85522 ], [ -72.99221, 44.85562 ], [ -72.99176, 44.85673 ], [ -72.99104, 44.85711 ], [ -72.99056, 44.85759 ], [ -72.98944, 44.85814 ], [ -72.9892, 44.8584 ], [ -72.98925, 44.85866 ], [ -72.98898, 44.85936 ], [ -72.98843, 44.86004 ], [ -72.9884, 44.86047 ], [ -72.98748, 44.86127 ], [ -72.98702, 44.86219 ], [ -72.98628, 44.86262 ], [ -72.98613, 44.86297 ], [ -72.98388, 44.86427 ], [ -72.98253, 44.86441 ], [ -72.9817, 44.86506 ], [ -72.98095, 44.86488 ], [ -72.98061, 44.86452 ], [ -72.98067, 44.86435 ], [ -72.98025, 44.864 ], [ -72.98129, 44.86245 ], [ -72.98261, 44.86142 ], [ -72.98305, 44.86089 ], [ -72.98358, 44.85969 ], [ -72.98387, 44.85952 ], [ -72.98463, 44.85843 ], [ -72.9847, 44.85737 ], [ -72.98486, 44.8572 ], [ -72.98471, 44.85624 ], [ -72.98495, 44.8559 ], [ -72.98508, 44.85511 ], [ -72.98541, 44.85461 ], [ -72.98583, 44.85441 ], [ -72.98599, 44.85401 ], [ -72.98667, 44.85375 ], [ -72.98687, 44.85306 ], [ -72.98771, 44.85273 ], [ -72.98786, 44.8522 ], [ -72.98868, 44.85113 ], [ -72.99011, 44.84987 ], [ -72.99094, 44.84884 ], [ -72.99138, 44.84797 ], [ -72.99317, 44.84599 ], [ -72.99499, 44.8448 ], [ -72.99582, 44.84469 ], [ -72.99664, 44.84481 ], [ -72.99763, 44.84461 ] ] } },
{ "type": "Feature", "properties": { "lake": "Fairfield", "depth": 20 }, "geometry": { "type": "LineString", "coordinates": [ [ -72.99886, 44.84315 ], [ -72.99945, 44.84315 ], [ -72.99954, 44.84367 ], [ -72.99906, 44.84418 ], [ -72.99882, 44.84487 ], [ -72.99891, 44.84608 ], [ -72.9981, 44.8472 ], [ -72.99805, 44.84772 ], [ -72.99754, 44.84795 ], [ -72.99767, 44.84823 ], [ -72.99732, 44.84866 ], [ -72.99657, 44.84898 ], [ -72.9957, 44.84978 ], [ -72.9951, 44.85082 ], [ -72.99507, 44.85099 ], [ -72.99529, 44.85101 ], [ -72.99574, 44.85085 ], [ -72.99597, 44.85055 ], [ -72.99649, 44.85067 ], [ -72.99732, 44.85008 ], [ -72.99774, 44.85013 ], [ -72.99738, 44.85108 ], [ -72.99657, 44.85187 ], [ -72.99578, 44.85332 ], [ -72.99492, 44.85415 ], [ -72.99261, 44.85539 ], [ -72.99233, 44.85573 ], [ -72.99212, 44.85659 ], [ -72.99177, 44.8572 ], [ -72.99139, 44.85724 ], [ -72.99039, 44.85806 ], [ -72.98958, 44.85823 ], [ -72.98936, 44.85909 ], [ -72.98888, 44.85978 ], [ -72.98889, 44.86038 ], [ -72.98846, 44.86081 ], [ -72.98801, 44.86097 ], [ -72.98778, 44.86185 ], [ -72.98666, 44.86332 ], [ -72.98606, 44.86349 ], [ -72.98569, 44.86392 ], [ -72.98425, 44.86484 ], [ -72.98238, 44.86558 ], [ -72.98178, 44.86616 ], [ -72.98088, 44.86615 ], [ -72.97997, 44.86519 ], [ -72.97973, 44.86435 ], [ -72.98123, 44.86228 ], [ -72.98268, 44.86113 ], [ -72.98343, 44.85997 ], [ -72.9835, 44.8596 ], [ -72.98428, 44.85875 ], [ -72.98465, 44.85763 ], [ -72.98432, 44.85685 ], [ -72.98445, 44.85642 ], [ -72.98417, 44.85573 ], [ -72.98414, 44.85513 ], [ -72.98437, 44.8547 ], [ -72.98478, 44.85452 ], [ -72.98487, 44.85418 ], [ -72.98621, 44.85339 ], [ -72.98676, 44.85263 ], [ -72.98733, 44.85263 ], [ -72.9873, 44.85203 ], [ -72.98823, 44.851 ], [ -72.98826, 44.85073 ], [ -72.98868, 44.85057 ], [ -72.99004, 44.84942 ], [ -72.99341, 44.84545 ], [ -72.99454, 44.84491 ], [ -72.99453, 44.8447 ], [ -72.99499, 44.84427 ], [ -72.99681, 44.84392 ], [ -72.99852, 44.84317 ], [ -72.99886, 44.84315 ] ] } },
{ "type": "Feature", "properties": { "lake": "Fairfield", "depth": 10 }, "geometry": { "type": "LineString", "coordinates": [ [ -72.99933, 44.84255 ], [ -73.00002, 44.84283 ], [ -73.00031, 44.84324 ], [ -72.99986, 44.84392 ], [ -72.99943, 44.84418 ], [ -72.99897, 44.84479 ], [ -72.99932, 44.84573 ], [ -72.99923, 44.84608 ], [ -72.99744, 44.84892 ], [ -72.99715, 44.84918 ], [ -72.99619, 44.84952 ], [ -72.99551, 44.85039 ], [ -72.99631, 44.85047 ], [ -72.99634, 44.85028 ], [ -72.99657, 44.85032 ], [ -72.99739, 44.84964 ], [ -72.99807, 44.84962 ], [ -72.99846, 44.84987 ], [ -72.99847, 44.85022 ], [ -72.99675, 44.85211 ], [ -72.99632, 44.8534 ], [ -72.99589, 44.85366 ], [ -72.99582, 44.85398 ], [ -72.99499, 44.85424 ], [ -72.99251, 44.85568 ], [ -72.99255, 44.85599 ], [ -72.99208, 44.85728 ], [ -72.99131, 44.85758 ], [ -72.99086, 44.85811 ], [ -72.98989, 44.85843 ], [ -72.98904, 44.85978 ], [ -72.98937, 44.8603 ], [ -72.98861, 44.86092 ], [ -72.98816, 44.86099 ], [ -72.98815, 44.8615 ], [ -72.98741, 44.86286 ], [ -72.98652, 44.86383 ], [ -72.98561, 44.86422 ], [ -72.9841, 44.86528 ], [ -72.98341, 44.86547 ], [ -72.98343, 44.86565 ], [ -72.98238, 44.86588 ], [ -72.982, 44.8663 ], [ -72.9814, 44.8666 ], [ -72.98051, 44.86659 ], [ -72.97967, 44.86557 ], [ -72.97972, 44.8653 ], [ -72.97949, 44.86495 ], [ -72.97958, 44.86418 ], [ -72.98009, 44.86374 ], [ -72.98013, 44.86331 ], [ -72.98084, 44.86245 ], [ -72.98226, 44.86142 ], [ -72.98343, 44.85963 ], [ -72.98351, 44.85918 ], [ -72.98454, 44.85797 ], [ -72.98455, 44.85745 ], [ -72.98418, 44.85668 ], [ -72.98425, 44.85634 ], [ -72.98347, 44.85504 ], [ -72.98364, 44.8547 ], [ -72.98388, 44.85463 ], [ -72.98395, 44.85424 ], [ -72.98601, 44.85297 ], [ -72.98608, 44.85263 ], [ -72.98668, 44.85203 ], [ -72.98684, 44.85159 ], [ -72.98936, 44.84986 ], [ -72.99054, 44.84875 ], [ -72.99311, 44.84555 ], [ -72.99484, 44.84439 ], [ -72.99514, 44.84391 ], [ -72.99612, 44.84393 ], [ -72.99657, 44.84358 ], [ -72.99769, 44.84336 ], [ -72.99933, 44.84255 ] ] } },
{ "type": "Feature", "properties": { "lake": "Fairfield", "depth": 5 }, "geometry": { "type": "LineString", "coordinates": [ [ -72.99947, 44.84229 ], [ -72.99977, 44.84237 ], [ -73.00048, 44.84306 ], [ -73.0003, 44.84349 ], [ -72.99946, 44.84418 ], [ -72.99901, 44.84479 ], [ -72.99939, 44.84573 ], [ -72.99927, 44.8462 ], [ -72.99886, 44.84694 ], [ -72.99852, 44.84711 ], [ -72.99827, 44.84806 ], [ -72.99784, 44.84842 ], [ -72.99736, 44.84935 ], [ -72.99769, 44.84951 ], [ -72.99814, 44.84948 ], [ -72.99861, 44.84996 ], [ -72.99657, 44.8526 ], [ -72.99649, 44.85329 ], [ -72.9961, 44.85392 ], [ -72.99305, 44.85539 ], [ -72.99266, 44.85598 ], [ -72.99206, 44.85754 ], [ -72.99161, 44.85776 ], [ -72.99139, 44.8577 ], [ -72.99094, 44.85825 ], [ -72.99026, 44.8584 ], [ -72.98996, 44.85864 ], [ -72.98932, 44.85978 ], [ -72.98951, 44.8603 ], [ -72.98861, 44.86104 ], [ -72.98821, 44.86099 ], [ -72.98825, 44.86159 ], [ -72.98745, 44.86271 ], [ -72.98751, 44.86288 ], [ -72.98621, 44.86431 ], [ -72.98517, 44.86486 ], [ -72.98501, 44.86509 ], [ -72.98466, 44.86504 ], [ -72.98463, 44.8655 ], [ -72.98395, 44.86555 ], [ -72.9837, 44.86581 ], [ -72.98245, 44.86613 ], [ -72.98208, 44.86656 ], [ -72.9808, 44.86688 ], [ -72.9796, 44.86667 ], [ -72.97949, 44.86642 ], [ -72.97996, 44.86616 ], [ -72.9799, 44.86596 ], [ -72.97933, 44.86607 ], [ -72.9794, 44.8659 ], [ -72.97912, 44.86538 ], [ -72.97938, 44.86426 ], [ -72.9808, 44.86243 ], [ -72.98224, 44.86142 ], [ -72.9835, 44.85906 ], [ -72.98451, 44.85797 ], [ -72.98445, 44.85728 ], [ -72.98404, 44.85668 ], [ -72.98414, 44.85642 ], [ -72.98377, 44.85599 ], [ -72.98375, 44.85573 ], [ -72.9829, 44.85558 ], [ -72.98246, 44.8553 ], [ -72.98248, 44.85513 ], [ -72.98268, 44.85509 ], [ -72.98305, 44.85552 ], [ -72.9832, 44.85547 ], [ -72.9832, 44.85525 ], [ -72.98279, 44.85513 ], [ -72.98308, 44.85504 ], [ -72.98286, 44.85487 ], [ -72.98288, 44.85461 ], [ -72.98335, 44.8545 ], [ -72.98377, 44.85461 ], [ -72.98385, 44.85452 ], [ -72.98354, 44.85435 ], [ -72.9835, 44.85408 ], [ -72.98388, 44.85404 ], [ -72.98412, 44.85375 ], [ -72.9853, 44.85323 ], [ -72.98583, 44.85253 ], [ -72.98621, 44.85231 ], [ -72.98673, 44.85148 ], [ -72.98936, 44.84975 ], [ -72.98944, 44.8495 ], [ -72.99088, 44.84823 ], [ -72.99266, 44.84596 ], [ -72.99341, 44.84525 ], [ -72.99402, 44.84499 ], [ -72.99484, 44.84436 ], [ -72.99537, 44.84359 ], [ -72.99568, 44.84358 ], [ -72.99612, 44.84385 ], [ -72.99651, 44.84332 ], [ -72.99732, 44.84343 ], [ -72.99844, 44.843 ], [ -72.99947, 44.84229 ] ] } },
{ "type": "Feature", "properties": { "lake": "Fairlee", "depth": 30 }, "geometry": { "type": "LineString", "coordinates": [ [ -72.23119, 43.88001 ], [ -72.23347, 43.88037 ], [ -72.23367, 43.88088 ], [ -72.23385, 43.88095 ], [ -72.23366, 43.8811 ], [ -72.2334, 43.88182 ], [ -72.23368, 43.88277 ], [ -72.23626, 43.88297 ], [ -72.23694, 43.88333 ], [ -72.23744, 43.88413 ], [ -72.23729, 43.88565 ], [ -72.23673, 43.88613 ], [ -72.23591, 43.8864 ], [ -72.23333, 43.88649 ], [ -72.23133, 43.88688 ], [ -72.23033, 43.88767 ], [ -72.22994, 43.88846 ], [ -72.22889, 43.8889 ], [ -72.22864, 43.8893 ], [ -72.22828, 43.88948 ], [ -72.22664, 43.88949 ], [ -72.22582, 43.88922 ], [ -72.22535, 43.88888 ], [ -72.22529, 43.88839 ], [ -72.22463, 43.8876 ], [ -72.22394, 43.88744 ], [ -72.22232, 43.8876 ], [ -72.2219, 43.88796 ], [ -72.22172, 43.88846 ], [ -72.22118, 43.88911 ], [ -72.22101, 43.89035 ], [ -72.22066, 43.89059 ], [ -72.21937, 43.89071 ], [ -72.21913, 43.89055 ], [ -72.21808, 43.89054 ], [ -72.21737, 43.89081 ], [ -72.21679, 43.89194 ], [ -72.21386, 43.89424 ], [ -72.21336, 43.89482 ], [ -72.21295, 43.89576 ], [ -72.21283, 43.89778 ], [ -72.21257, 43.89842 ], [ -72.21155, 43.89901 ], [ -72.21116, 43.89881 ], [ -72.21057, 43.89785 ], [ -72.21057, 43.89754 ], [ -72.21081, 43.89749 ], [ -72.21057, 43.89735 ], [ -72.21108, 43.89663 ], [ -72.21081, 43.8959 ], [ -72.21124, 43.89569 ], [ -72.21116, 43.89544 ], [ -72.21151, 43.89533 ], [ -72.21221, 43.89465 ], [ -72.21268, 43.89375 ], [ -72.2135, 43.89321 ], [ -72.21431, 43.89222 ], [ -72.21538, 43.89171 ], [ -72.21599, 43.89114 ], [ -72.2163, 43.89063 ], [ -72.2162, 43.89034 ], [ -72.21697, 43.88955 ], [ -72.21749, 43.88854 ], [ -72.21813, 43.88825 ], [ -72.21815, 43.88796 ], [ -72.22069, 43.88789 ], [ -72.22221, 43.88666 ], [ -72.22418, 43.88613 ], [ -72.22465, 43.88536 ], [ -72.22605, 43.88498 ], [ -72.22629, 43.88509 ], [ -72.22699, 43.88474 ], [ -72.22719, 43.88406 ], [ -72.22779, 43.88319 ], [ -72.22927, 43.88254 ], [ -72.22939, 43.8824 ], [ -72.22931, 43.88225 ], [ -72.22975, 43.88196 ], [ -72.23039, 43.88088 ], [ -72.23049, 43.88016 ], [ -72.23119, 43.88001 ] ] } },
{ "type": "Feature", "properties": { "lake": "Fairlee", "depth": 20 }, "geometry": { "type": "LineString", "coordinates": [ [ -72.23096, 43.87972 ], [ -72.23274, 43.88009 ], [ -72.23344, 43.87992 ], [ -72.23392, 43.88001 ], [ -72.23414, 43.8803 ], [ -72.23369, 43.88189 ], [ -72.23403, 43.88237 ], [ -72.23591, 43.88224 ], [ -72.23639, 43.88254 ], [ -72.23825, 43.88305 ], [ -72.23857, 43.88341 ], [ -72.23871, 43.88391 ], [ -72.23805, 43.88586 ], [ -72.23731, 43.88642 ], [ -72.23583, 43.88695 ], [ -72.23145, 43.88722 ], [ -72.23057, 43.8876 ], [ -72.23046, 43.88781 ], [ -72.23054, 43.88825 ], [ -72.22992, 43.88868 ], [ -72.22985, 43.8889 ], [ -72.22941, 43.8889 ], [ -72.22937, 43.88911 ], [ -72.22899, 43.8891 ], [ -72.22887, 43.88946 ], [ -72.22793, 43.88971 ], [ -72.22629, 43.88992 ], [ -72.22582, 43.8898 ], [ -72.22496, 43.88897 ], [ -72.22511, 43.88868 ], [ -72.22488, 43.88796 ], [ -72.22418, 43.88763 ], [ -72.2237, 43.8876 ], [ -72.22312, 43.88795 ], [ -72.22254, 43.88802 ], [ -72.22263, 43.88832 ], [ -72.22242, 43.88892 ], [ -72.22182, 43.88933 ], [ -72.2216, 43.89027 ], [ -72.22107, 43.89085 ], [ -72.22007, 43.89124 ], [ -72.21808, 43.89125 ], [ -72.21773, 43.89174 ], [ -72.21757, 43.89251 ], [ -72.21538, 43.89409 ], [ -72.21397, 43.89488 ], [ -72.21379, 43.8954 ], [ -72.2139, 43.89583 ], [ -72.21372, 43.89605 ], [ -72.21388, 43.89612 ], [ -72.21337, 43.89663 ], [ -72.21367, 43.89684 ], [ -72.21391, 43.89749 ], [ -72.21409, 43.89756 ], [ -72.21335, 43.89836 ], [ -72.2133, 43.89894 ], [ -72.21287, 43.89959 ], [ -72.21092, 43.89984 ], [ -72.21057, 43.89962 ], [ -72.20973, 43.89778 ], [ -72.20984, 43.8972 ], [ -72.21034, 43.89675 ], [ -72.21039, 43.89619 ], [ -72.21023, 43.89598 ], [ -72.21042, 43.89554 ], [ -72.21077, 43.89533 ], [ -72.21151, 43.89426 ], [ -72.21235, 43.89352 ], [ -72.21292, 43.89333 ], [ -72.21353, 43.89265 ], [ -72.21368, 43.89207 ], [ -72.21409, 43.89196 ], [ -72.21448, 43.8915 ], [ -72.21503, 43.89166 ], [ -72.21575, 43.89106 ], [ -72.21598, 43.8907 ], [ -72.21589, 43.89041 ], [ -72.21633, 43.89005 ], [ -72.21714, 43.88833 ], [ -72.21768, 43.88796 ], [ -72.21878, 43.88759 ], [ -72.21902, 43.88775 ], [ -72.22007, 43.88775 ], [ -72.22101, 43.88738 ], [ -72.22125, 43.8867 ], [ -72.22183, 43.88645 ], [ -72.22265, 43.88647 ], [ -72.223, 43.88627 ], [ -72.22394, 43.88611 ], [ -72.22434, 43.88536 ], [ -72.22481, 43.885 ], [ -72.2257, 43.88493 ], [ -72.22624, 43.88463 ], [ -72.22676, 43.88456 ], [ -72.22721, 43.8837 ], [ -72.22771, 43.88312 ], [ -72.22864, 43.88255 ], [ -72.22922, 43.88243 ], [ -72.22911, 43.88225 ], [ -72.22961, 43.88196 ], [ -72.22965, 43.8816 ], [ -72.23009, 43.88088 ], [ -72.23004, 43.88051 ], [ -72.23063, 43.87986 ], [ -72.23096, 43.87972 ] ] } },
{ "type": "Feature", "properties": { "lake": "Fairlee", "depth": 10 }, "geometry": { "type": "LineString", "coordinates": [ [ -72.234, 43.87936 ], [ -72.23424, 43.87943 ], [ -72.23393, 43.87972 ], [ -72.2346, 43.8798 ], [ -72.23472, 43.88001 ], [ -72.23415, 43.88092 ], [ -72.2341, 43.88153 ], [ -72.23432, 43.88196 ], [ -72.23485, 43.8818 ], [ -72.23509, 43.88153 ], [ -72.23649, 43.88181 ], [ -72.23661, 43.88234 ], [ -72.23919, 43.88251 ], [ -72.23978, 43.88326 ], [ -72.24062, 43.88312 ], [ -72.24119, 43.88355 ], [ -72.24122, 43.88398 ], [ -72.24089, 43.88391 ], [ -72.24088, 43.88435 ], [ -72.24106, 43.88449 ], [ -72.24095, 43.88459 ], [ -72.24026, 43.88471 ], [ -72.24013, 43.88494 ], [ -72.2399, 43.88465 ], [ -72.23968, 43.88478 ], [ -72.23978, 43.88506 ], [ -72.23994, 43.88507 ], [ -72.23966, 43.88516 ], [ -72.24001, 43.8852 ], [ -72.24008, 43.88536 ], [ -72.23978, 43.8855 ], [ -72.23978, 43.88566 ], [ -72.23996, 43.88572 ], [ -72.23984, 43.88601 ], [ -72.24016, 43.88637 ], [ -72.23995, 43.88659 ], [ -72.2396, 43.88659 ], [ -72.23947, 43.88651 ], [ -72.23954, 43.88641 ], [ -72.23907, 43.88628 ], [ -72.23849, 43.88632 ], [ -72.23802, 43.88653 ], [ -72.23696, 43.88664 ], [ -72.23591, 43.88714 ], [ -72.2345, 43.88755 ], [ -72.23333, 43.8876 ], [ -72.23297, 43.88737 ], [ -72.23157, 43.88738 ], [ -72.23134, 43.88774 ], [ -72.23072, 43.88774 ], [ -72.23091, 43.88817 ], [ -72.23051, 43.88904 ], [ -72.22925, 43.88933 ], [ -72.22899, 43.88976 ], [ -72.22852, 43.88993 ], [ -72.22676, 43.88999 ], [ -72.22641, 43.89021 ], [ -72.22559, 43.88991 ], [ -72.22494, 43.88919 ], [ -72.22476, 43.88805 ], [ -72.22418, 43.8878 ], [ -72.22347, 43.88787 ], [ -72.22304, 43.88832 ], [ -72.22293, 43.88904 ], [ -72.22271, 43.88933 ], [ -72.22207, 43.88954 ], [ -72.22199, 43.88984 ], [ -72.22224, 43.88998 ], [ -72.22195, 43.89046 ], [ -72.22136, 43.89096 ], [ -72.22042, 43.89158 ], [ -72.21834, 43.89164 ], [ -72.21808, 43.89258 ], [ -72.21819, 43.89294 ], [ -72.21749, 43.89314 ], [ -72.2162, 43.89382 ], [ -72.21573, 43.89435 ], [ -72.21504, 43.89468 ], [ -72.21504, 43.89496 ], [ -72.21456, 43.89526 ], [ -72.21444, 43.89586 ], [ -72.21389, 43.89655 ], [ -72.21419, 43.89684 ], [ -72.21415, 43.89771 ], [ -72.21339, 43.89959 ], [ -72.21315, 43.89976 ], [ -72.21221, 43.89976 ], [ -72.21104, 43.90009 ], [ -72.21051, 43.89995 ], [ -72.21021, 43.89959 ], [ -72.20999, 43.8989 ], [ -72.2097, 43.89865 ], [ -72.20957, 43.89814 ], [ -72.20928, 43.89793 ], [ -72.20948, 43.8972 ], [ -72.21, 43.89699 ], [ -72.21014, 43.89663 ], [ -72.20979, 43.8959 ], [ -72.21051, 43.89518 ], [ -72.21045, 43.89504 ], [ -72.21094, 43.89453 ], [ -72.21111, 43.8941 ], [ -72.21229, 43.8933 ], [ -72.2128, 43.89321 ], [ -72.21347, 43.89186 ], [ -72.21409, 43.89179 ], [ -72.21433, 43.89137 ], [ -72.21503, 43.89146 ], [ -72.21539, 43.89121 ], [ -72.21634, 43.88933 ], [ -72.21641, 43.8889 ], [ -72.21713, 43.88796 ], [ -72.21749, 43.88775 ], [ -72.21827, 43.88774 ], [ -72.21867, 43.88738 ], [ -72.21906, 43.88738 ], [ -72.2192, 43.8876 ], [ -72.21972, 43.8877 ], [ -72.22083, 43.88731 ], [ -72.22089, 43.88687 ], [ -72.22125, 43.88628 ], [ -72.22207, 43.88612 ], [ -72.22254, 43.88624 ], [ -72.22357, 43.88601 ], [ -72.22369, 43.88572 ], [ -72.22409, 43.88565 ], [ -72.22402, 43.88536 ], [ -72.22445, 43.88485 ], [ -72.22547, 43.88474 ], [ -72.22648, 43.88435 ], [ -72.22746, 43.88312 ], [ -72.22829, 43.88268 ], [ -72.2285, 43.8824 ], [ -72.22887, 43.8824 ], [ -72.2291, 43.88212 ], [ -72.22946, 43.88205 ], [ -72.23002, 43.88037 ], [ -72.23063, 43.87973 ], [ -72.23157, 43.87958 ], [ -72.23244, 43.87994 ], [ -72.23297, 43.87997 ], [ -72.23344, 43.87948 ], [ -72.234, 43.87936 ] ] } },
{ "type": "Feature", "properties": { "lake": "Fairlee", "depth": 5 }, "geometry": { "type": "LineString", "coordinates": [ [ -72.23579, 43.87904 ], [ -72.23579, 43.87936 ], [ -72.23568, 43.87951 ], [ -72.23532, 43.87958 ], [ -72.23447, 43.88066 ], [ -72.23453, 43.88081 ], [ -72.23433, 43.8811 ], [ -72.23446, 43.8816 ], [ -72.23485, 43.88164 ], [ -72.23556, 43.88114 ], [ -72.23638, 43.88154 ], [ -72.23659, 43.88182 ], [ -72.23661, 43.8822 ], [ -72.23767, 43.8822 ], [ -72.23837, 43.88247 ], [ -72.23919, 43.88238 ], [ -72.23978, 43.88289 ], [ -72.24031, 43.88268 ], [ -72.24072, 43.88204 ], [ -72.2413, 43.88262 ], [ -72.24165, 43.88257 ], [ -72.2422, 43.88218 ], [ -72.24338, 43.88297 ], [ -72.24334, 43.88319 ], [ -72.24294, 43.88355 ], [ -72.2429, 43.88384 ], [ -72.24331, 43.88427 ], [ -72.24332, 43.88449 ], [ -72.24308, 43.88528 ], [ -72.24271, 43.88582 ], [ -72.24122, 43.88651 ], [ -72.2406, 43.88735 ], [ -72.23966, 43.88733 ], [ -72.23837, 43.88669 ], [ -72.23755, 43.8866 ], [ -72.23485, 43.88777 ], [ -72.23356, 43.8879 ], [ -72.23286, 43.88756 ], [ -72.23192, 43.88756 ], [ -72.23127, 43.8881 ], [ -72.23115, 43.88846 ], [ -72.23125, 43.88861 ], [ -72.23086, 43.88906 ], [ -72.22983, 43.88926 ], [ -72.22917, 43.88962 ], [ -72.22924, 43.88976 ], [ -72.2291, 43.88988 ], [ -72.22852, 43.89013 ], [ -72.22781, 43.89001 ], [ -72.22758, 43.8902 ], [ -72.22723, 43.89012 ], [ -72.22641, 43.89031 ], [ -72.22559, 43.89006 ], [ -72.22485, 43.88919 ], [ -72.22456, 43.88817 ], [ -72.2243, 43.88795 ], [ -72.22347, 43.88796 ], [ -72.22324, 43.88877 ], [ -72.22288, 43.88933 ], [ -72.22218, 43.88964 ], [ -72.2223, 43.8901 ], [ -72.22137, 43.89106 ], [ -72.22042, 43.89173 ], [ -72.21937, 43.89183 ], [ -72.21878, 43.89173 ], [ -72.21849, 43.89186 ], [ -72.2183, 43.89207 ], [ -72.2182, 43.89348 ], [ -72.21726, 43.89385 ], [ -72.21655, 43.89381 ], [ -72.21516, 43.89482 ], [ -72.21464, 43.89554 ], [ -72.2146, 43.89626 ], [ -72.21417, 43.89728 ], [ -72.21411, 43.89821 ], [ -72.21362, 43.89994 ], [ -72.21057, 43.90022 ], [ -72.2101, 43.89973 ], [ -72.2092, 43.89793 ], [ -72.20913, 43.8972 ], [ -72.21001, 43.89677 ], [ -72.20983, 43.89612 ], [ -72.20956, 43.8959 ], [ -72.21095, 43.89439 ], [ -72.21116, 43.89398 ], [ -72.2121, 43.89332 ], [ -72.2128, 43.89312 ], [ -72.21339, 43.89176 ], [ -72.21397, 43.89159 ], [ -72.21428, 43.89128 ], [ -72.21491, 43.89133 ], [ -72.21518, 43.89121 ], [ -72.21642, 43.88875 ], [ -72.21714, 43.88781 ], [ -72.21902, 43.88726 ], [ -72.21935, 43.88752 ], [ -72.2201, 43.88752 ], [ -72.22033, 43.88738 ], [ -72.22031, 43.8872 ], [ -72.22078, 43.88712 ], [ -72.22089, 43.8863 ], [ -72.22113, 43.88598 ], [ -72.22218, 43.8859 ], [ -72.22265, 43.88604 ], [ -72.22324, 43.88589 ], [ -72.22394, 43.8855 ], [ -72.224, 43.88521 ], [ -72.2246, 43.88463 ], [ -72.2257, 43.88453 ], [ -72.22664, 43.88409 ], [ -72.22738, 43.88312 ], [ -72.22832, 43.8824 ], [ -72.22887, 43.88229 ], [ -72.22931, 43.88196 ], [ -72.22997, 43.88037 ], [ -72.23063, 43.87964 ], [ -72.23157, 43.8794 ], [ -72.23215, 43.8796 ], [ -72.23309, 43.87964 ], [ -72.2336, 43.87929 ], [ -72.23415, 43.87919 ], [ -72.23433, 43.87936 ], [ -72.2343, 43.87972 ], [ -72.23485, 43.87971 ], [ -72.23579, 43.87929 ], [ -72.23579, 43.87904 ] ] } },
{ "type": "Feature", "properties": { "lake": "Forest (Calais)", "depth": 20 }, "geometry": { "type": "LineString", "coordinates": [ [ -72.44319, 44.407 ], [ -72.44312, 44.40735 ], [ -72.44292, 44.40761 ], [ -72.44316, 44.40761 ], [ -72.44348, 44.4072 ], [ -72.44319, 44.407 ] ] } },
{ "type": "Feature", "properties": { "lake": "Forest (Calais)", "depth": 30 }, "geometry": { "type": "LineString", "coordinates": [ [ -72.44319, 44.40676 ], [ -72.44277, 44.40753 ], [ -72.44285, 44.40788 ], [ -72.44361, 44.40724 ], [ -72.4436, 44.40687 ], [ -72.44319, 44.40676 ] ] } },
{ "type": "Feature", "properties": { "lake": "Forest (Calais)", "depth": 75 }, "geometry": { "type": "LineString", "coordinates": [ [ -72.43887, 44.40551 ], [ -72.44024, 44.40588 ], [ -72.44057, 44.4065 ], [ -72.44045, 44.40695 ], [ -72.44112, 44.40674 ], [ -72.44195, 44.40675 ], [ -72.44221, 44.4069 ], [ -72.44255, 44.40829 ], [ -72.44289, 44.4084 ], [ -72.44334, 44.40813 ], [ -72.44405, 44.40817 ], [ -72.44447, 44.40856 ], [ -72.44439, 44.4093 ], [ -72.44337, 44.41032 ], [ -72.44281, 44.41058 ], [ -72.44225, 44.4106 ], [ -72.44056, 44.40968 ], [ -72.43899, 44.40907 ], [ -72.437, 44.40886 ], [ -72.43707, 44.40812 ], [ -72.43727, 44.40808 ], [ -72.43743, 44.40746 ], [ -72.43721, 44.40716 ], [ -72.43742, 44.40698 ], [ -72.43744, 44.40665 ], [ -72.43887, 44.40551 ] ] } },
{ "type": "Feature", "properties": { "lake": "Forest (Calais)", "depth": 50 }, "geometry": { "type": "LineString", "coordinates": [ [ -72.43924, 44.40459 ], [ -72.43963, 44.40467 ], [ -72.43948, 44.40492 ], [ -72.43951, 44.4054 ], [ -72.4403, 44.40533 ], [ -72.44043, 44.40555 ], [ -72.44071, 44.40558 ], [ -72.44082, 44.40595 ], [ -72.44127, 44.40621 ], [ -72.44251, 44.4062 ], [ -72.44313, 44.40636 ], [ -72.44296, 44.40698 ], [ -72.44261, 44.40742 ], [ -72.4427, 44.40815 ], [ -72.44289, 44.40817 ], [ -72.44409, 44.40714 ], [ -72.44491, 44.40725 ], [ -72.4454, 44.40779 ], [ -72.44577, 44.40845 ], [ -72.4457, 44.40886 ], [ -72.44506, 44.40938 ], [ -72.44484, 44.40988 ], [ -72.44371, 44.41098 ], [ -72.44367, 44.41117 ], [ -72.4424, 44.41143 ], [ -72.44146, 44.41107 ], [ -72.44135, 44.41084 ], [ -72.44082, 44.41055 ], [ -72.44079, 44.41032 ], [ -72.44015, 44.40995 ], [ -72.43944, 44.40989 ], [ -72.43929, 44.40971 ], [ -72.43846, 44.40941 ], [ -72.43722, 44.40941 ], [ -72.43662, 44.40914 ], [ -72.43697, 44.40823 ], [ -72.43692, 44.40786 ], [ -72.43711, 44.40763 ], [ -72.43692, 44.4072 ], [ -72.437, 44.40689 ], [ -72.43869, 44.40545 ], [ -72.43924, 44.40459 ] ] } },
{ "type": "Feature", "properties": { "lake": "Forest (Calais)", "depth": 20 }, "geometry": { "type": "LineString", "coordinates": [ [ -72.44004, 44.40422 ], [ -72.4398, 44.40459 ], [ -72.43989, 44.40483 ], [ -72.4403, 44.40445 ], [ -72.44022, 44.40421 ], [ -72.44004, 44.40422 ] ] } },
{ "type": "Feature", "properties": { "lake": "Forest (Calais)", "depth": 30 }, "geometry": { "type": "LineString", "coordinates": [ [ -72.44025, 44.40276 ], [ -72.44049, 44.40287 ], [ -72.43993, 44.40367 ], [ -72.44008, 44.40393 ], [ -72.43973, 44.40459 ], [ -72.43981, 44.40506 ], [ -72.44041, 44.40456 ], [ -72.44036, 44.40423 ], [ -72.44058, 44.40382 ], [ -72.44101, 44.4038 ], [ -72.44075, 44.40419 ], [ -72.44081, 44.40467 ], [ -72.44044, 44.405 ], [ -72.44052, 44.40516 ], [ -72.44094, 44.40521 ], [ -72.44097, 44.40582 ], [ -72.44202, 44.40603 ], [ -72.44341, 44.40562 ], [ -72.4439, 44.40574 ], [ -72.44484, 44.40638 ], [ -72.44519, 44.40731 ], [ -72.44557, 44.40783 ], [ -72.44679, 44.40867 ], [ -72.44551, 44.4097 ], [ -72.44456, 44.41106 ], [ -72.4433, 44.41173 ], [ -72.44259, 44.41188 ], [ -72.44199, 44.41177 ], [ -72.44161, 44.41159 ], [ -72.44064, 44.4105 ], [ -72.4395, 44.4101 ], [ -72.43917, 44.41014 ], [ -72.43846, 44.40973 ], [ -72.4367, 44.40941 ], [ -72.43648, 44.40915 ], [ -72.43691, 44.40816 ], [ -72.43681, 44.40759 ], [ -72.43661, 44.40739 ], [ -72.43662, 44.40702 ], [ -72.43722, 44.40649 ], [ -72.43749, 44.40645 ], [ -72.43763, 44.40614 ], [ -72.43854, 44.40544 ], [ -72.43894, 44.40467 ], [ -72.43894, 44.40408 ], [ -72.43978, 44.40305 ], [ -72.44025, 44.40276 ] ] } },
{ "type": "Feature", "properties": { "lake": "Forest (Calais)", "depth": 20 }, "geometry": { "type": "LineString", "coordinates": [ [ -72.4405, 44.40217 ], [ -72.44071, 44.40222 ], [ -72.44082, 44.4025 ], [ -72.4406, 44.40318 ], [ -72.44131, 44.403 ], [ -72.44153, 44.40316 ], [ -72.44124, 44.40404 ], [ -72.44104, 44.40408 ], [ -72.44087, 44.40478 ], [ -72.44057, 44.405 ], [ -72.44101, 44.40516 ], [ -72.44105, 44.40581 ], [ -72.44165, 44.40596 ], [ -72.44398, 44.40536 ], [ -72.44502, 44.406 ], [ -72.44506, 44.4066 ], [ -72.44551, 44.40761 ], [ -72.44604, 44.40789 ], [ -72.44622, 44.40818 ], [ -72.44686, 44.40819 ], [ -72.44713, 44.40845 ], [ -72.44687, 44.409 ], [ -72.44607, 44.40948 ], [ -72.44484, 44.41111 ], [ -72.44311, 44.41196 ], [ -72.44206, 44.41194 ], [ -72.44139, 44.41162 ], [ -72.44124, 44.41119 ], [ -72.44067, 44.41082 ], [ -72.44049, 44.41049 ], [ -72.4388, 44.41014 ], [ -72.43876, 44.40998 ], [ -72.43835, 44.40983 ], [ -72.4367, 44.40953 ], [ -72.43635, 44.40919 ], [ -72.43676, 44.40816 ], [ -72.43668, 44.40761 ], [ -72.43636, 44.40734 ], [ -72.43636, 44.407 ], [ -72.43647, 44.40707 ], [ -72.43722, 44.40639 ], [ -72.43749, 44.40643 ], [ -72.43741, 44.40628 ], [ -72.43756, 44.4061 ], [ -72.43869, 44.40518 ], [ -72.43872, 44.40417 ], [ -72.4405, 44.40217 ] ] } },
{ "type": "Feature", "properties": { "lake": "Forest (Calais)", "depth": 10 }, "geometry": { "type": "LineString", "coordinates": [ [ -72.4406, 44.40187 ], [ -72.44101, 44.40198 ], [ -72.44103, 44.40235 ], [ -72.44067, 44.40294 ], [ -72.44072, 44.40309 ], [ -72.44131, 44.40285 ], [ -72.44189, 44.40287 ], [ -72.44096, 44.40485 ], [ -72.44112, 44.40568 ], [ -72.44157, 44.40582 ], [ -72.44364, 44.40522 ], [ -72.44439, 44.40518 ], [ -72.4451, 44.40593 ], [ -72.44559, 44.4075 ], [ -72.44619, 44.40778 ], [ -72.4463, 44.408 ], [ -72.44705, 44.40817 ], [ -72.4472, 44.40838 ], [ -72.44697, 44.40912 ], [ -72.44592, 44.40981 ], [ -72.445, 44.41121 ], [ -72.44435, 44.41138 ], [ -72.44345, 44.41209 ], [ -72.44216, 44.41224 ], [ -72.44139, 44.41171 ], [ -72.44116, 44.41125 ], [ -72.44015, 44.4105 ], [ -72.4388, 44.41017 ], [ -72.43846, 44.40995 ], [ -72.4367, 44.40969 ], [ -72.43621, 44.40919 ], [ -72.43666, 44.40816 ], [ -72.43626, 44.40746 ], [ -72.43628, 44.40691 ], [ -72.43836, 44.4054 ], [ -72.43863, 44.40489 ], [ -72.43856, 44.40419 ], [ -72.4387, 44.40389 ], [ -72.43895, 44.40375 ], [ -72.43936, 44.40304 ], [ -72.43978, 44.40298 ], [ -72.43981, 44.40266 ], [ -72.4406, 44.40187 ] ] } },
{ "type": "Feature", "properties": { "lake": "Forest (Calais)", "depth": 5 }, "geometry": { "type": "LineString", "coordinates": [ [ -72.44065, 44.40176 ], [ -72.44101, 44.4018 ], [ -72.44109, 44.40213 ], [ -72.44101, 44.40272 ], [ -72.44075, 44.40303 ], [ -72.44154, 44.40264 ], [ -72.44195, 44.40265 ], [ -72.44205, 44.40279 ], [ -72.44129, 44.40415 ], [ -72.44111, 44.40485 ], [ -72.44112, 44.40566 ], [ -72.4421, 44.40569 ], [ -72.44371, 44.40511 ], [ -72.44454, 44.40509 ], [ -72.44525, 44.40609 ], [ -72.44536, 44.40684 ], [ -72.44566, 44.4075 ], [ -72.44645, 44.40789 ], [ -72.44705, 44.40799 ], [ -72.44727, 44.40837 ], [ -72.44705, 44.40912 ], [ -72.44592, 44.40993 ], [ -72.44557, 44.41036 ], [ -72.44571, 44.41058 ], [ -72.4451, 44.41133 ], [ -72.44435, 44.41151 ], [ -72.44338, 44.4122 ], [ -72.44199, 44.41224 ], [ -72.4413, 44.41168 ], [ -72.44109, 44.41122 ], [ -72.44007, 44.41051 ], [ -72.43839, 44.40999 ], [ -72.4369, 44.40977 ], [ -72.43614, 44.40921 ], [ -72.43661, 44.40816 ], [ -72.4362, 44.40746 ], [ -72.43621, 44.4069 ], [ -72.43835, 44.40533 ], [ -72.43855, 44.40489 ], [ -72.43865, 44.40381 ], [ -72.43906, 44.4035 ], [ -72.43936, 44.40292 ], [ -72.43962, 44.40284 ], [ -72.44037, 44.40191 ], [ -72.44065, 44.40176 ] ] } },
{ "type": "Feature", "properties": { "lake": "Glen", "depth": 50 }, "geometry": { "type": "LineString", "coordinates": [ [ -73.2425, 43.66349 ], [ -73.24331, 43.66355 ], [ -73.24332, 43.66395 ], [ -73.24299, 43.66454 ], [ -73.24245, 43.66499 ], [ -73.24167, 43.66641 ], [ -73.24131, 43.66676 ], [ -73.24104, 43.66749 ], [ -73.24024, 43.66853 ], [ -73.24026, 43.66879 ], [ -73.23999, 43.66888 ], [ -73.23931, 43.66964 ], [ -73.23872, 43.66959 ], [ -73.2387, 43.66903 ], [ -73.23895, 43.66888 ], [ -73.23883, 43.66818 ], [ -73.23917, 43.66657 ], [ -73.23892, 43.66642 ], [ -73.23923, 43.66591 ], [ -73.23942, 43.66511 ], [ -73.23927, 43.66489 ], [ -73.24013, 43.6644 ], [ -73.24086, 43.66432 ], [ -73.24158, 43.66379 ], [ -73.2425, 43.66349 ] ] } },
{ "type": "Feature", "properties": { "lake": "Glen", "depth": 30 }, "geometry": { "type": "LineString", "coordinates": [ [ -73.23612, 43.65836 ], [ -73.23627, 43.65852 ], [ -73.23699, 43.65862 ], [ -73.23763, 43.6589 ], [ -73.23822, 43.65938 ], [ -73.23858, 43.65941 ], [ -73.23883, 43.65982 ], [ -73.23895, 43.66012 ], [ -73.23882, 43.66067 ], [ -73.23845, 43.66118 ], [ -73.2379, 43.66135 ], [ -73.23764, 43.66208 ], [ -73.23772, 43.66234 ], [ -73.23795, 43.66244 ], [ -73.2379, 43.66281 ], [ -73.23836, 43.66336 ], [ -73.23831, 43.66385 ], [ -73.23904, 43.6643 ], [ -73.24026, 43.6641 ], [ -73.24169, 43.66365 ], [ -73.24178, 43.66319 ], [ -73.24212, 43.66284 ], [ -73.242, 43.66254 ], [ -73.24225, 43.66198 ], [ -73.24218, 43.66168 ], [ -73.24255, 43.66113 ], [ -73.24258, 43.66073 ], [ -73.24376, 43.6599 ], [ -73.24389, 43.65921 ], [ -73.24422, 43.65875 ], [ -73.24445, 43.65876 ], [ -73.24503, 43.65953 ], [ -73.24528, 43.65962 ], [ -73.24549, 43.66057 ], [ -73.24576, 43.66098 ], [ -73.24572, 43.66113 ], [ -73.24522, 43.66122 ], [ -73.24484, 43.66213 ], [ -73.24528, 43.66304 ], [ -73.24476, 43.66385 ], [ -73.2439, 43.66446 ], [ -73.24313, 43.66558 ], [ -73.24195, 43.66657 ], [ -73.24135, 43.66749 ], [ -73.24099, 43.66777 ], [ -73.24104, 43.66796 ], [ -73.24067, 43.66828 ], [ -73.23958, 43.67015 ], [ -73.23904, 43.67038 ], [ -73.23877, 43.67081 ], [ -73.23813, 43.6713 ], [ -73.23786, 43.6713 ], [ -73.23771, 43.67065 ], [ -73.23828, 43.66934 ], [ -73.23827, 43.66883 ], [ -73.23866, 43.66777 ], [ -73.2386, 43.66752 ], [ -73.23895, 43.66672 ], [ -73.23868, 43.66621 ], [ -73.23858, 43.66538 ], [ -73.23808, 43.66517 ], [ -73.23749, 43.6652 ], [ -73.23681, 43.66484 ], [ -73.23595, 43.6648 ], [ -73.23536, 43.66446 ], [ -73.23445, 43.66453 ], [ -73.23427, 43.66439 ], [ -73.23426, 43.66329 ], [ -73.23405, 43.66279 ], [ -73.2338, 43.66264 ], [ -73.23393, 43.66208 ], [ -73.23375, 43.66128 ], [ -73.2339, 43.66098 ], [ -73.23362, 43.66072 ], [ -73.23391, 43.66047 ], [ -73.23375, 43.65942 ], [ -73.23395, 43.65873 ], [ -73.23445, 43.65855 ], [ -73.23518, 43.65875 ], [ -73.23612, 43.65836 ] ] } },
{ "type": "Feature", "properties": { "lake": "Glen", "depth": 20 }, "geometry": { "type": "LineString", "coordinates": [ [ -73.23622, 43.65821 ], [ -73.23695, 43.65833 ], [ -73.23727, 43.65862 ], [ -73.23845, 43.6589 ], [ -73.23922, 43.66002 ], [ -73.23917, 43.66024 ], [ -73.23943, 43.66037 ], [ -73.23886, 43.66082 ], [ -73.238, 43.66193 ], [ -73.23818, 43.66284 ], [ -73.23864, 43.66309 ], [ -73.23852, 43.6638 ], [ -73.23917, 43.66422 ], [ -73.24167, 43.66355 ], [ -73.2418, 43.66304 ], [ -73.24202, 43.66284 ], [ -73.24195, 43.66221 ], [ -73.2421, 43.66208 ], [ -73.24207, 43.66158 ], [ -73.24236, 43.66108 ], [ -73.24239, 43.66072 ], [ -73.24376, 43.65972 ], [ -73.24371, 43.65911 ], [ -73.24384, 43.65866 ], [ -73.24435, 43.65856 ], [ -73.24463, 43.65878 ], [ -73.24503, 43.65942 ], [ -73.24542, 43.65967 ], [ -73.24562, 43.66047 ], [ -73.24593, 43.66078 ], [ -73.2459, 43.66104 ], [ -73.24535, 43.66136 ], [ -73.24503, 43.66183 ], [ -73.245, 43.66234 ], [ -73.24544, 43.66304 ], [ -73.24512, 43.6637 ], [ -73.24463, 43.66433 ], [ -73.24358, 43.66515 ], [ -73.24317, 43.66576 ], [ -73.24258, 43.6661 ], [ -73.24217, 43.66667 ], [ -73.24179, 43.66692 ], [ -73.23974, 43.67019 ], [ -73.23904, 43.67056 ], [ -73.2391, 43.67085 ], [ -73.23847, 43.6714 ], [ -73.23795, 43.67158 ], [ -73.23752, 43.67135 ], [ -73.23769, 43.671 ], [ -73.23772, 43.66994 ], [ -73.2382, 43.66929 ], [ -73.23819, 43.66868 ], [ -73.23863, 43.66767 ], [ -73.23847, 43.66752 ], [ -73.23877, 43.66702 ], [ -73.23881, 43.66657 ], [ -73.23852, 43.66581 ], [ -73.23859, 43.66561 ], [ -73.23831, 43.66535 ], [ -73.23699, 43.66549 ], [ -73.23686, 43.66523 ], [ -73.23627, 43.66523 ], [ -73.23549, 43.66491 ], [ -73.23445, 43.66506 ], [ -73.23418, 43.66493 ], [ -73.23397, 43.6646 ], [ -73.23406, 43.66365 ], [ -73.23393, 43.66299 ], [ -73.23345, 43.66244 ], [ -73.23365, 43.66118 ], [ -73.23358, 43.66067 ], [ -73.23373, 43.66047 ], [ -73.23356, 43.65926 ], [ -73.23377, 43.65861 ], [ -73.2345, 43.65834 ], [ -73.23527, 43.65861 ], [ -73.23622, 43.65821 ] ] } },
{ "type": "Feature", "properties": { "lake": "Glen", "depth": 10 }, "geometry": { "type": "LineString", "coordinates": [ [ -73.23619, 43.65801 ], [ -73.23695, 43.65815 ], [ -73.23708, 43.65844 ], [ -73.2374, 43.65853 ], [ -73.23763, 43.65842 ], [ -73.23845, 43.65864 ], [ -73.23923, 43.65977 ], [ -73.2393, 43.66022 ], [ -73.23972, 43.66042 ], [ -73.23963, 43.66065 ], [ -73.23904, 43.66083 ], [ -73.23832, 43.66163 ], [ -73.23821, 43.66198 ], [ -73.23831, 43.66271 ], [ -73.23879, 43.66294 ], [ -73.23882, 43.66395 ], [ -73.23917, 43.66417 ], [ -73.24022, 43.66381 ], [ -73.24013, 43.66374 ], [ -73.24154, 43.66356 ], [ -73.24189, 43.66284 ], [ -73.2419, 43.66219 ], [ -73.24204, 43.66208 ], [ -73.24192, 43.66193 ], [ -73.24205, 43.66178 ], [ -73.2419, 43.66153 ], [ -73.24193, 43.66098 ], [ -73.24245, 43.66025 ], [ -73.24365, 43.65972 ], [ -73.24366, 43.65886 ], [ -73.24403, 43.65846 ], [ -73.24444, 43.65851 ], [ -73.24478, 43.65876 ], [ -73.24517, 43.65941 ], [ -73.24558, 43.65966 ], [ -73.24562, 43.66017 ], [ -73.24611, 43.66083 ], [ -73.24612, 43.66109 ], [ -73.24535, 43.6615 ], [ -73.24514, 43.66188 ], [ -73.24513, 43.66234 ], [ -73.24561, 43.66294 ], [ -73.24493, 43.6641 ], [ -73.24358, 43.66531 ], [ -73.24313, 43.66598 ], [ -73.24245, 43.66632 ], [ -73.24111, 43.66803 ], [ -73.24004, 43.66994 ], [ -73.23928, 43.67049 ], [ -73.23923, 43.67085 ], [ -73.2389, 43.6713 ], [ -73.2385, 43.67155 ], [ -73.23858, 43.67161 ], [ -73.23808, 43.67171 ], [ -73.2374, 43.67155 ], [ -73.23739, 43.67135 ], [ -73.23755, 43.6709 ], [ -73.23753, 43.67009 ], [ -73.23811, 43.66908 ], [ -73.23816, 43.66863 ], [ -73.23832, 43.66858 ], [ -73.23821, 43.66853 ], [ -73.23828, 43.66803 ], [ -73.23847, 43.66767 ], [ -73.23832, 43.66752 ], [ -73.23866, 43.66697 ], [ -73.23849, 43.66563 ], [ -73.23831, 43.66543 ], [ -73.23763, 43.66563 ], [ -73.23672, 43.6656 ], [ -73.23572, 43.6651 ], [ -73.23472, 43.66524 ], [ -73.23396, 43.66506 ], [ -73.23363, 43.66455 ], [ -73.2338, 43.66365 ], [ -73.23363, 43.66314 ], [ -73.23373, 43.66299 ], [ -73.23301, 43.66234 ], [ -73.23304, 43.66203 ], [ -73.23342, 43.66158 ], [ -73.23355, 43.66022 ], [ -73.23336, 43.65982 ], [ -73.23358, 43.65962 ], [ -73.23335, 43.65931 ], [ -73.23364, 43.65901 ], [ -73.23362, 43.65856 ], [ -73.23459, 43.65822 ], [ -73.23527, 43.65851 ], [ -73.23619, 43.65801 ] ] } },
{ "type": "Feature", "properties": { "lake": "Glen", "depth": 5 }, "geometry": { "type": "LineString", "coordinates": [ [ -73.23639, 43.65785 ], [ -73.23695, 43.65808 ], [ -73.2374, 43.65848 ], [ -73.23758, 43.65834 ], [ -73.23845, 43.65846 ], [ -73.23877, 43.65876 ], [ -73.23885, 43.65921 ], [ -73.23932, 43.65967 ], [ -73.23943, 43.66017 ], [ -73.24011, 43.66042 ], [ -73.24005, 43.66067 ], [ -73.23972, 43.66086 ], [ -73.23917, 43.66077 ], [ -73.239, 43.66118 ], [ -73.2383, 43.66193 ], [ -73.23831, 43.6626 ], [ -73.23884, 43.66279 ], [ -73.23901, 43.66344 ], [ -73.23886, 43.66388 ], [ -73.23917, 43.66402 ], [ -73.23974, 43.66395 ], [ -73.24013, 43.6637 ], [ -73.2415, 43.66354 ], [ -73.24177, 43.66314 ], [ -73.24192, 43.66213 ], [ -73.24192, 43.66173 ], [ -73.24158, 43.66128 ], [ -73.24161, 43.66093 ], [ -73.24245, 43.66018 ], [ -73.24317, 43.65999 ], [ -73.24354, 43.6597 ], [ -73.24356, 43.65896 ], [ -73.24381, 43.65837 ], [ -73.24426, 43.65831 ], [ -73.24494, 43.65879 ], [ -73.24519, 43.65937 ], [ -73.24572, 43.65969 ], [ -73.24566, 43.66017 ], [ -73.24614, 43.66088 ], [ -73.24612, 43.66113 ], [ -73.24553, 43.66143 ], [ -73.24516, 43.66188 ], [ -73.24518, 43.66234 ], [ -73.24564, 43.66294 ], [ -73.24495, 43.6641 ], [ -73.24426, 43.66491 ], [ -73.24358, 43.66533 ], [ -73.24313, 43.66602 ], [ -73.24276, 43.66611 ], [ -73.24179, 43.66707 ], [ -73.24067, 43.66871 ], [ -73.24006, 43.66994 ], [ -73.23931, 43.67054 ], [ -73.2389, 43.67133 ], [ -73.23818, 43.67183 ], [ -73.2374, 43.67164 ], [ -73.23735, 43.67135 ], [ -73.23749, 43.67009 ], [ -73.23811, 43.66903 ], [ -73.23832, 43.66833 ], [ -73.23819, 43.66803 ], [ -73.23832, 43.66798 ], [ -73.2383, 43.66742 ], [ -73.23863, 43.66694 ], [ -73.23864, 43.66631 ], [ -73.23838, 43.66561 ], [ -73.23818, 43.66555 ], [ -73.23745, 43.66584 ], [ -73.23672, 43.66581 ], [ -73.23595, 43.66558 ], [ -73.23549, 43.66514 ], [ -73.23518, 43.66541 ], [ -73.23481, 43.66544 ], [ -73.23368, 43.665 ], [ -73.23365, 43.66304 ], [ -73.23327, 43.66265 ], [ -73.23286, 43.66261 ], [ -73.23281, 43.66229 ], [ -73.23325, 43.66163 ], [ -73.23318, 43.66141 ], [ -73.23346, 43.66078 ], [ -73.23327, 43.66072 ], [ -73.23343, 43.66022 ], [ -73.23317, 43.65972 ], [ -73.2333, 43.65962 ], [ -73.23326, 43.65926 ], [ -73.23354, 43.65901 ], [ -73.2335, 43.65855 ], [ -73.23427, 43.65836 ], [ -73.23412, 43.65826 ], [ -73.23445, 43.65817 ], [ -73.23495, 43.6582 ], [ -73.23513, 43.65841 ], [ -73.23536, 43.65842 ], [ -73.23639, 43.65785 ] ] } },
{ "type": "Feature", "properties": { "lake": "Great Averill", "depth": 100 }, "geometry": { "type": "LineString", "coordinates": [ [ -71.6962, 44.98331 ], [ -71.69707, 44.9833 ], [ -71.69708, 44.98347 ], [ -71.69682, 44.98381 ], [ -71.6964, 44.98363 ], [ -71.6962, 44.98331 ] ] } },
{ "type": "Feature", "properties": { "lake": "Great Averill", "depth": 75 }, "geometry": { "type": "LineString", "coordinates": [ [ -71.69366, 44.981 ], [ -71.69407, 44.981 ], [ -71.695, 44.9816 ], [ -71.69743, 44.98202 ], [ -71.6984, 44.98243 ], [ -71.70107, 44.98411 ], [ -71.70181, 44.98475 ], [ -71.7026, 44.98562 ], [ -71.70331, 44.98674 ], [ -71.7036, 44.98769 ], [ -71.70408, 44.98857 ], [ -71.70443, 44.99001 ], [ -71.70436, 44.99057 ], [ -71.70363, 44.99087 ], [ -71.70309, 44.99056 ], [ -71.70136, 44.98873 ], [ -71.70046, 44.98714 ], [ -71.69938, 44.98637 ], [ -71.69741, 44.98538 ], [ -71.69579, 44.98426 ], [ -71.69467, 44.98275 ], [ -71.69453, 44.98227 ], [ -71.69366, 44.981 ] ] } },
{ "type": "Feature", "properties": { "lake": "Great Averill", "depth": 50 }, "geometry": { "type": "LineString", "coordinates": [ [ -71.69264, 44.97916 ], [ -71.69415, 44.97962 ], [ -71.69579, 44.98052 ], [ -71.69691, 44.98076 ], [ -71.6995, 44.98173 ], [ -71.70205, 44.98337 ], [ -71.70377, 44.98498 ], [ -71.70678, 44.98602 ], [ -71.70889, 44.98714 ], [ -71.70932, 44.98761 ], [ -71.71056, 44.98831 ], [ -71.71226, 44.98854 ], [ -71.71305, 44.98889 ], [ -71.71377, 44.98961 ], [ -71.71399, 44.9912 ], [ -71.71349, 44.9916 ], [ -71.71324, 44.99216 ], [ -71.71301, 44.99224 ], [ -71.71133, 44.99184 ], [ -71.70947, 44.99239 ], [ -71.70837, 44.99305 ], [ -71.70764, 44.99298 ], [ -71.70605, 44.9924 ], [ -71.704, 44.99216 ], [ -71.70309, 44.99168 ], [ -71.70157, 44.98996 ], [ -71.69986, 44.9885 ], [ -71.69962, 44.98809 ], [ -71.69622, 44.98546 ], [ -71.6958, 44.98498 ], [ -71.69583, 44.98482 ], [ -71.69549, 44.98469 ], [ -71.69474, 44.98387 ], [ -71.69373, 44.98227 ], [ -71.69269, 44.98131 ], [ -71.69189, 44.98004 ], [ -71.69171, 44.97996 ], [ -71.69172, 44.97962 ], [ -71.69208, 44.97925 ], [ -71.69264, 44.97916 ] ] } },
{ "type": "Feature", "properties": { "lake": "Great Averill", "depth": 30 }, "geometry": { "type": "LineString", "coordinates": [ [ -71.69236, 44.97797 ], [ -71.69318, 44.97802 ], [ -71.69391, 44.9784 ], [ -71.69427, 44.97838 ], [ -71.69537, 44.97878 ], [ -71.69938, 44.97953 ], [ -71.70084, 44.97963 ], [ -71.70229, 44.97948 ], [ -71.70351, 44.97961 ], [ -71.704, 44.97947 ], [ -71.70485, 44.98019 ], [ -71.70542, 44.981 ], [ -71.70547, 44.98131 ], [ -71.70514, 44.98163 ], [ -71.70495, 44.98235 ], [ -71.70556, 44.98315 ], [ -71.7068, 44.98371 ], [ -71.70935, 44.98537 ], [ -71.71061, 44.98586 ], [ -71.71129, 44.98631 ], [ -71.71353, 44.98714 ], [ -71.71421, 44.98775 ], [ -71.71518, 44.98771 ], [ -71.71569, 44.98809 ], [ -71.71645, 44.98929 ], [ -71.71669, 44.99009 ], [ -71.71663, 44.9904 ], [ -71.71612, 44.99088 ], [ -71.71614, 44.99208 ], [ -71.71591, 44.99254 ], [ -71.71542, 44.99299 ], [ -71.71433, 44.99346 ], [ -71.71311, 44.99308 ], [ -71.71202, 44.99247 ], [ -71.71132, 44.99272 ], [ -71.7108, 44.99319 ], [ -71.70971, 44.99359 ], [ -71.70887, 44.99431 ], [ -71.70849, 44.99441 ], [ -71.70733, 44.99383 ], [ -71.70631, 44.99368 ], [ -71.70315, 44.99223 ], [ -71.70193, 44.99079 ], [ -71.70151, 44.99056 ], [ -71.70153, 44.9904 ], [ -71.70017, 44.98945 ], [ -71.69778, 44.98737 ], [ -71.69616, 44.98634 ], [ -71.6948, 44.98482 ], [ -71.69458, 44.98419 ], [ -71.69433, 44.98403 ], [ -71.69344, 44.98251 ], [ -71.69147, 44.98052 ], [ -71.69108, 44.97996 ], [ -71.69102, 44.979 ], [ -71.69131, 44.97852 ], [ -71.69181, 44.97813 ], [ -71.69236, 44.97797 ] ] } },
{ "type": "Feature", "properties": { "lake": "Great Averill", "depth": 20 }, "geometry": { "type": "LineString", "coordinates": [ [ -71.69243, 44.97765 ], [ -71.6933, 44.97766 ], [ -71.69464, 44.97832 ], [ -71.69573, 44.97846 ], [ -71.6961, 44.97865 ], [ -71.69986, 44.97916 ], [ -71.70035, 44.97902 ], [ -71.70181, 44.97903 ], [ -71.70266, 44.97875 ], [ -71.70437, 44.97892 ], [ -71.70536, 44.9798 ], [ -71.70594, 44.98092 ], [ -71.7075, 44.98307 ], [ -71.70922, 44.98473 ], [ -71.71287, 44.98658 ], [ -71.71542, 44.98743 ], [ -71.7169, 44.98865 ], [ -71.71741, 44.99104 ], [ -71.71654, 44.9928 ], [ -71.71652, 44.99315 ], [ -71.71542, 44.99371 ], [ -71.71311, 44.9937 ], [ -71.71297, 44.99367 ], [ -71.71302, 44.99343 ], [ -71.71284, 44.99312 ], [ -71.71234, 44.9928 ], [ -71.71248, 44.99335 ], [ -71.71228, 44.99359 ], [ -71.71202, 44.99368 ], [ -71.71178, 44.99353 ], [ -71.71153, 44.99373 ], [ -71.7108, 44.99376 ], [ -71.71037, 44.99399 ], [ -71.71022, 44.99439 ], [ -71.70983, 44.99471 ], [ -71.70898, 44.99516 ], [ -71.70862, 44.99515 ], [ -71.70813, 44.99503 ], [ -71.70676, 44.99415 ], [ -71.70564, 44.99375 ], [ -71.70467, 44.99319 ], [ -71.70451, 44.99296 ], [ -71.70424, 44.99295 ], [ -71.70315, 44.99233 ], [ -71.70023, 44.98969 ], [ -71.6995, 44.98935 ], [ -71.69927, 44.98897 ], [ -71.69853, 44.98835 ], [ -71.69816, 44.98829 ], [ -71.69823, 44.98809 ], [ -71.6961, 44.9865 ], [ -71.69571, 44.98594 ], [ -71.69427, 44.98473 ], [ -71.69391, 44.98379 ], [ -71.69307, 44.98243 ], [ -71.6918, 44.98116 ], [ -71.69138, 44.98092 ], [ -71.69074, 44.97988 ], [ -71.69073, 44.97908 ], [ -71.69148, 44.97804 ], [ -71.69243, 44.97765 ] ] } },
{ "type": "Feature", "properties": { "lake": "Great Averill", "depth": 10 }, "geometry": { "type": "LineString", "coordinates": [ [ -71.69095, 44.97533 ], [ -71.69208, 44.97547 ], [ -71.69233, 44.97532 ], [ -71.69293, 44.97532 ], [ -71.69379, 44.97574 ], [ -71.69573, 44.97577 ], [ -71.69731, 44.97621 ], [ -71.69913, 44.97598 ], [ -71.70059, 44.97626 ], [ -71.70096, 44.97617 ], [ -71.70217, 44.97653 ], [ -71.70384, 44.97789 ], [ -71.70436, 44.97802 ], [ -71.70501, 44.97876 ], [ -71.70546, 44.97897 ], [ -71.70653, 44.98044 ], [ -71.70662, 44.98092 ], [ -71.70701, 44.98116 ], [ -71.7083, 44.98307 ], [ -71.70951, 44.98426 ], [ -71.71129, 44.98537 ], [ -71.71554, 44.98704 ], [ -71.71669, 44.98777 ], [ -71.71756, 44.98905 ], [ -71.71806, 44.9912 ], [ -71.71773, 44.99193 ], [ -71.71723, 44.99248 ], [ -71.71701, 44.99359 ], [ -71.71652, 44.99406 ], [ -71.71615, 44.99412 ], [ -71.71494, 44.99389 ], [ -71.71238, 44.99397 ], [ -71.7108, 44.99451 ], [ -71.70959, 44.99543 ], [ -71.70849, 44.99552 ], [ -71.70764, 44.99531 ], [ -71.70704, 44.99465 ], [ -71.70631, 44.99423 ], [ -71.7057, 44.99409 ], [ -71.70373, 44.99288 ], [ -71.70042, 44.99016 ], [ -71.69929, 44.98945 ], [ -71.69856, 44.98865 ], [ -71.698, 44.98833 ], [ -71.69796, 44.98809 ], [ -71.69737, 44.98769 ], [ -71.69732, 44.98745 ], [ -71.69637, 44.9869 ], [ -71.69558, 44.98602 ], [ -71.69473, 44.98538 ], [ -71.69381, 44.98426 ], [ -71.69372, 44.98379 ], [ -71.6933, 44.98347 ], [ -71.69294, 44.98251 ], [ -71.6913, 44.98123 ], [ -71.69068, 44.98036 ], [ -71.6902, 44.98012 ], [ -71.69009, 44.97964 ], [ -71.68977, 44.97944 ], [ -71.68889, 44.97749 ], [ -71.68899, 44.97669 ], [ -71.68869, 44.97645 ], [ -71.68864, 44.97605 ], [ -71.6891, 44.97557 ], [ -71.68977, 44.9754 ], [ -71.69062, 44.97551 ], [ -71.69095, 44.97533 ] ] } },
{ "type": "Feature", "properties": { "lake": "Great Averill", "depth": 5 }, "geometry": { "type": "LineString", "coordinates": [ [ -71.68818, 44.97326 ], [ -71.68882, 44.97326 ], [ -71.68953, 44.97383 ], [ -71.69075, 44.97365 ], [ -71.69113, 44.97382 ], [ -71.69111, 44.97401 ], [ -71.69148, 44.97399 ], [ -71.69415, 44.97488 ], [ -71.69464, 44.97477 ], [ -71.69695, 44.97527 ], [ -71.69768, 44.97514 ], [ -71.69816, 44.9747 ], [ -71.69986, 44.97429 ], [ -71.70023, 44.97423 ], [ -71.70084, 44.97441 ], [ -71.70121, 44.97502 ], [ -71.70197, 44.97549 ], [ -71.70312, 44.97677 ], [ -71.70356, 44.97693 ], [ -71.70477, 44.97797 ], [ -71.70505, 44.97805 ], [ -71.70589, 44.97892 ], [ -71.70655, 44.9797 ], [ -71.70764, 44.98155 ], [ -71.70852, 44.98251 ], [ -71.70842, 44.98267 ], [ -71.70855, 44.98291 ], [ -71.70912, 44.98355 ], [ -71.71056, 44.98462 ], [ -71.71361, 44.9853 ], [ -71.71409, 44.98574 ], [ -71.71565, 44.98642 ], [ -71.71768, 44.98833 ], [ -71.71877, 44.98881 ], [ -71.71869, 44.98985 ], [ -71.71962, 44.9908 ], [ -71.71907, 44.99178 ], [ -71.71858, 44.992 ], [ -71.71786, 44.99272 ], [ -71.71773, 44.9935 ], [ -71.71725, 44.99405 ], [ -71.71652, 44.99442 ], [ -71.71579, 44.99438 ], [ -71.71494, 44.99409 ], [ -71.71348, 44.99418 ], [ -71.71259, 44.99407 ], [ -71.71132, 44.99455 ], [ -71.71067, 44.99495 ], [ -71.71057, 44.99511 ], [ -71.71068, 44.99519 ], [ -71.71007, 44.99533 ], [ -71.71007, 44.99548 ], [ -71.70813, 44.99591 ], [ -71.70716, 44.99568 ], [ -71.70696, 44.99503 ], [ -71.70655, 44.99465 ], [ -71.70473, 44.99372 ], [ -71.70245, 44.99208 ], [ -71.70157, 44.9912 ], [ -71.69915, 44.98945 ], [ -71.69903, 44.98921 ], [ -71.69787, 44.98833 ], [ -71.69786, 44.98817 ], [ -71.69605, 44.98682 ], [ -71.69573, 44.98639 ], [ -71.69484, 44.98586 ], [ -71.6948, 44.98562 ], [ -71.6937, 44.98434 ], [ -71.69349, 44.98387 ], [ -71.69308, 44.98355 ], [ -71.69242, 44.98219 ], [ -71.69119, 44.98139 ], [ -71.69027, 44.98052 ], [ -71.6892, 44.97892 ], [ -71.68816, 44.97781 ], [ -71.68682, 44.97749 ], [ -71.68613, 44.97715 ], [ -71.68535, 44.97645 ], [ -71.68524, 44.97629 ], [ -71.68538, 44.97557 ], [ -71.6859, 44.97533 ], [ -71.6858, 44.9751 ], [ -71.68597, 44.97478 ], [ -71.68731, 44.97366 ], [ -71.68818, 44.97326 ] ] } },
{ "type": "Feature", "properties": { "lake": "Great Hosmer", "depth": 50 }, "geometry": { "type": "LineString", "coordinates": [ [ -72.35805, 44.70343 ], [ -72.35827, 44.70343 ], [ -72.35795, 44.70462 ], [ -72.35748, 44.7052 ], [ -72.357, 44.70512 ], [ -72.35748, 44.70444 ], [ -72.35775, 44.70352 ], [ -72.35805, 44.70343 ] ] } },
{ "type": "Feature", "properties": { "lake": "Great Hosmer", "depth": 30 }, "geometry": { "type": "LineString", "coordinates": [ [ -72.35815, 44.70278 ], [ -72.35856, 44.70301 ], [ -72.3586, 44.70324 ], [ -72.35857, 44.70398 ], [ -72.35819, 44.70517 ], [ -72.35729, 44.70603 ], [ -72.35651, 44.70588 ], [ -72.35631, 44.70573 ], [ -72.35632, 44.7049 ], [ -72.35709, 44.70427 ], [ -72.3573, 44.7037 ], [ -72.35719, 44.70348 ], [ -72.35763, 44.703 ], [ -72.35815, 44.70278 ] ] } },
{ "type": "Feature", "properties": { "lake": "Great Hosmer", "depth": 20 }, "geometry": { "type": "LineString", "coordinates": [ [ -72.35785, 44.70251 ], [ -72.3587, 44.70251 ], [ -72.35882, 44.70306 ], [ -72.35856, 44.70462 ], [ -72.35817, 44.70563 ], [ -72.35709, 44.70637 ], [ -72.35612, 44.70633 ], [ -72.35571, 44.70582 ], [ -72.35605, 44.7049 ], [ -72.35705, 44.70407 ], [ -72.35707, 44.70343 ], [ -72.35754, 44.70269 ], [ -72.35785, 44.70251 ] ] } },
{ "type": "Feature", "properties": { "lake": "Great Hosmer", "depth": 10 }, "geometry": { "type": "LineString", "coordinates": [ [ -72.35865, 44.70159 ], [ -72.35906, 44.70159 ], [ -72.35884, 44.70232 ], [ -72.35884, 44.70361 ], [ -72.35812, 44.70597 ], [ -72.35753, 44.7065 ], [ -72.357, 44.70651 ], [ -72.35601, 44.70701 ], [ -72.35563, 44.70687 ], [ -72.35558, 44.70708 ], [ -72.35495, 44.70709 ], [ -72.35474, 44.70692 ], [ -72.35482, 44.70637 ], [ -72.3546, 44.70628 ], [ -72.35491, 44.70563 ], [ -72.35483, 44.70554 ], [ -72.35515, 44.70536 ], [ -72.35509, 44.70489 ], [ -72.35563, 44.70457 ], [ -72.35631, 44.70453 ], [ -72.35656, 44.70436 ], [ -72.35695, 44.70396 ], [ -72.35697, 44.70333 ], [ -72.35756, 44.70214 ], [ -72.3578, 44.70205 ], [ -72.35783, 44.70174 ], [ -72.35865, 44.70159 ] ] } },
{ "type": "Feature", "properties": { "lake": "Great Hosmer", "depth": 30 }, "geometry": { "type": "LineString", "coordinates": [ [ -72.36009, 44.69552 ], [ -72.36061, 44.6956 ], [ -72.36056, 44.69598 ], [ -72.3604, 44.69607 ], [ -72.36056, 44.69625 ], [ -72.36055, 44.69662 ], [ -72.35988, 44.69716 ], [ -72.35929, 44.69718 ], [ -72.35905, 44.69681 ], [ -72.35918, 44.69625 ], [ -72.35958, 44.6957 ], [ -72.36009, 44.69552 ] ] } },
{ "type": "Feature", "properties": { "lake": "Great Hosmer", "depth": 30 }, "geometry": { "type": "LineString", "coordinates": [ [ -72.36538, 44.68412 ], [ -72.36568, 44.68408 ], [ -72.36581, 44.68421 ], [ -72.3659, 44.68495 ], [ -72.36539, 44.68578 ], [ -72.36535, 44.68623 ], [ -72.36516, 44.68642 ], [ -72.36526, 44.6866 ], [ -72.36513, 44.68697 ], [ -72.36492, 44.68706 ], [ -72.36495, 44.68754 ], [ -72.36402, 44.68925 ], [ -72.36408, 44.68973 ], [ -72.36391, 44.68982 ], [ -72.36383, 44.69034 ], [ -72.36275, 44.69145 ], [ -72.36276, 44.69028 ], [ -72.3626, 44.68982 ], [ -72.36278, 44.68963 ], [ -72.36261, 44.68927 ], [ -72.36252, 44.68816 ], [ -72.36313, 44.6866 ], [ -72.36305, 44.68627 ], [ -72.36466, 44.68526 ], [ -72.36466, 44.68474 ], [ -72.3649, 44.68469 ], [ -72.36538, 44.68412 ] ] } },
{ "type": "Feature", "properties": { "lake": "Great Hosmer", "depth": 20 }, "geometry": { "type": "LineString", "coordinates": [ [ -72.36568, 44.68246 ], [ -72.36602, 44.68241 ], [ -72.36632, 44.68262 ], [ -72.36649, 44.6832 ], [ -72.36607, 44.68408 ], [ -72.36602, 44.68509 ], [ -72.36559, 44.6855 ], [ -72.36554, 44.68605 ], [ -72.36519, 44.68682 ], [ -72.36524, 44.68706 ], [ -72.36454, 44.68881 ], [ -72.36398, 44.69101 ], [ -72.36319, 44.69176 ], [ -72.36295, 44.69221 ], [ -72.36217, 44.69274 ], [ -72.36203, 44.69304 ], [ -72.36172, 44.69304 ], [ -72.36134, 44.6936 ], [ -72.36144, 44.69414 ], [ -72.36119, 44.69429 ], [ -72.36101, 44.69478 ], [ -72.36077, 44.69616 ], [ -72.36095, 44.69671 ], [ -72.36073, 44.69727 ], [ -72.35992, 44.69792 ], [ -72.359, 44.69766 ], [ -72.35831, 44.69768 ], [ -72.35803, 44.69745 ], [ -72.35806, 44.69653 ], [ -72.35831, 44.6962 ], [ -72.35924, 44.69579 ], [ -72.35953, 44.69484 ], [ -72.36007, 44.69464 ], [ -72.36036, 44.69407 ], [ -72.36206, 44.6923 ], [ -72.36229, 44.69184 ], [ -72.36236, 44.69098 ], [ -72.36258, 44.69065 ], [ -72.36241, 44.68981 ], [ -72.36267, 44.68954 ], [ -72.36231, 44.68853 ], [ -72.36292, 44.68642 ], [ -72.36285, 44.68584 ], [ -72.36311, 44.68559 ], [ -72.36324, 44.68506 ], [ -72.36402, 44.6847 ], [ -72.36427, 44.68436 ], [ -72.36471, 44.68366 ], [ -72.36466, 44.68338 ], [ -72.3649, 44.68271 ], [ -72.36568, 44.68246 ] ] } },
{ "type": "Feature", "properties": { "lake": "Great Hosmer", "depth": 10 }, "geometry": { "type": "LineString", "coordinates": [ [ -72.36573, 44.68145 ], [ -72.36632, 44.68156 ], [ -72.36723, 44.68228 ], [ -72.36728, 44.68292 ], [ -72.367, 44.6832 ], [ -72.36678, 44.6832 ], [ -72.36624, 44.68403 ], [ -72.36613, 44.68449 ], [ -72.36632, 44.68512 ], [ -72.36583, 44.68546 ], [ -72.36562, 44.68587 ], [ -72.36456, 44.68908 ], [ -72.36447, 44.69019 ], [ -72.3642, 44.69065 ], [ -72.3642, 44.69101 ], [ -72.36367, 44.69138 ], [ -72.36353, 44.69177 ], [ -72.36324, 44.69192 ], [ -72.3631, 44.69223 ], [ -72.36151, 44.69359 ], [ -72.36158, 44.69392 ], [ -72.3609, 44.69568 ], [ -72.36098, 44.69736 ], [ -72.36077, 44.69754 ], [ -72.36041, 44.69865 ], [ -72.36012, 44.69873 ], [ -72.35994, 44.69837 ], [ -72.35924, 44.69779 ], [ -72.35758, 44.69834 ], [ -72.35738, 44.69763 ], [ -72.35759, 44.69754 ], [ -72.35756, 44.69717 ], [ -72.35803, 44.69625 ], [ -72.35914, 44.6957 ], [ -72.35934, 44.69473 ], [ -72.36018, 44.69423 ], [ -72.36046, 44.69366 ], [ -72.36202, 44.69205 ], [ -72.36223, 44.69157 ], [ -72.36247, 44.68918 ], [ -72.36216, 44.68872 ], [ -72.36277, 44.6866 ], [ -72.36279, 44.68568 ], [ -72.363, 44.68501 ], [ -72.36349, 44.68434 ], [ -72.36418, 44.68421 ], [ -72.36445, 44.68375 ], [ -72.3649, 44.68196 ], [ -72.36519, 44.68163 ], [ -72.36573, 44.68145 ] ] } },
{ "type": "Feature", "properties": { "lake": "Great Hosmer", "depth": 5 }, "geometry": { "type": "LineString", "coordinates": [ [ -72.36569, 44.68099 ], [ -72.36612, 44.68098 ], [ -72.36697, 44.68173 ], [ -72.36705, 44.68196 ], [ -72.36727, 44.682 ], [ -72.36743, 44.68301 ], [ -72.3671, 44.68353 ], [ -72.36645, 44.68393 ], [ -72.36617, 44.68444 ], [ -72.3664, 44.68513 ], [ -72.36583, 44.68557 ], [ -72.36563, 44.68597 ], [ -72.36524, 44.68748 ], [ -72.36468, 44.68881 ], [ -72.36448, 44.69037 ], [ -72.36425, 44.69101 ], [ -72.36378, 44.69142 ], [ -72.36358, 44.69184 ], [ -72.3617, 44.6934 ], [ -72.36098, 44.69561 ], [ -72.36101, 44.69763 ], [ -72.36066, 44.69802 ], [ -72.36051, 44.69907 ], [ -72.35951, 44.70168 ], [ -72.35895, 44.7022 ], [ -72.35881, 44.70389 ], [ -72.35815, 44.706 ], [ -72.35748, 44.70662 ], [ -72.35698, 44.70655 ], [ -72.35622, 44.70739 ], [ -72.35548, 44.70775 ], [ -72.355, 44.70764 ], [ -72.35465, 44.7074 ], [ -72.35448, 44.70701 ], [ -72.35449, 44.70664 ], [ -72.35473, 44.70646 ], [ -72.35454, 44.70628 ], [ -72.35463, 44.70573 ], [ -72.35368, 44.70512 ], [ -72.35368, 44.70499 ], [ -72.35475, 44.7048 ], [ -72.35553, 44.70445 ], [ -72.35626, 44.70445 ], [ -72.35665, 44.70415 ], [ -72.35763, 44.70177 ], [ -72.35758, 44.70139 ], [ -72.35797, 44.70113 ], [ -72.35841, 44.70051 ], [ -72.35919, 44.6986 ], [ -72.35968, 44.69846 ], [ -72.35948, 44.69797 ], [ -72.35919, 44.69784 ], [ -72.35851, 44.69809 ], [ -72.35792, 44.69872 ], [ -72.35758, 44.69878 ], [ -72.35722, 44.69828 ], [ -72.35721, 44.69782 ], [ -72.35787, 44.69633 ], [ -72.35831, 44.69596 ], [ -72.359, 44.6957 ], [ -72.35917, 44.69534 ], [ -72.35919, 44.69454 ], [ -72.36012, 44.69417 ], [ -72.36046, 44.69355 ], [ -72.36095, 44.69321 ], [ -72.36202, 44.69199 ], [ -72.36235, 44.68945 ], [ -72.3623, 44.68899 ], [ -72.36208, 44.68881 ], [ -72.36274, 44.6866 ], [ -72.36276, 44.68559 ], [ -72.36317, 44.68458 ], [ -72.3628, 44.68338 ], [ -72.36353, 44.68348 ], [ -72.36392, 44.6841 ], [ -72.36417, 44.68404 ], [ -72.36438, 44.68375 ], [ -72.36446, 44.68301 ], [ -72.36487, 44.68228 ], [ -72.36475, 44.68181 ], [ -72.36569, 44.68099 ] ] } },
{ "type": "Feature", "properties": { "lake": "Greenwood", "depth": 20 }, "geometry": { "type": "LineString", "coordinates": [ [ -72.42407, 44.46257 ], [ -72.42423, 44.46306 ], [ -72.42392, 44.46359 ], [ -72.42355, 44.46376 ], [ -72.42355, 44.46414 ], [ -72.42328, 44.4645 ], [ -72.42244, 44.46473 ], [ -72.42137, 44.46461 ], [ -72.42137, 44.46432 ], [ -72.42297, 44.46323 ], [ -72.42305, 44.46301 ], [ -72.42407, 44.46257 ] ] } },
{ "type": "Feature", "properties": { "lake": "Greenwood", "depth": 20 }, "geometry": { "type": "LineString", "coordinates": [ [ -72.42506, 44.45862 ], [ -72.42523, 44.45862 ], [ -72.42505, 44.45913 ], [ -72.42518, 44.45934 ], [ -72.42469, 44.45958 ], [ -72.42461, 44.45991 ], [ -72.42385, 44.46053 ], [ -72.42286, 44.45957 ], [ -72.4231, 44.45926 ], [ -72.42408, 44.45877 ], [ -72.42506, 44.45862 ] ] } },
{ "type": "Feature", "properties": { "lake": "Greenwood", "depth": 30 }, "geometry": { "type": "LineString", "coordinates": [ [ -72.42639, 44.45675 ], [ -72.42664, 44.45692 ], [ -72.42583, 44.45719 ], [ -72.42548, 44.45757 ], [ -72.42514, 44.45758 ], [ -72.42522, 44.45723 ], [ -72.4259, 44.45682 ], [ -72.42639, 44.45675 ] ] } },
{ "type": "Feature", "properties": { "lake": "Greenwood", "depth": 5 }, "geometry": { "type": "LineString", "coordinates": [ [ -72.42697, 44.45491 ], [ -72.42602, 44.45539 ], [ -72.4259, 44.45575 ], [ -72.42678, 44.456 ], [ -72.42781, 44.45579 ], [ -72.42777, 44.45527 ], [ -72.42731, 44.45494 ], [ -72.42697, 44.45491 ] ] } },
{ "type": "Feature", "properties": { "lake": "Greenwood", "depth": 20 }, "geometry": { "type": "LineString", "coordinates": [ [ -72.4259, 44.45492 ], [ -72.42617, 44.4549 ], [ -72.42617, 44.45509 ], [ -72.42551, 44.45543 ], [ -72.42564, 44.45602 ], [ -72.4264, 44.45626 ], [ -72.42777, 44.45617 ], [ -72.42796, 44.45634 ], [ -72.42797, 44.45679 ], [ -72.42765, 44.45687 ], [ -72.42724, 44.45673 ], [ -72.42701, 44.45695 ], [ -72.42598, 44.45726 ], [ -72.42594, 44.45751 ], [ -72.42543, 44.45785 ], [ -72.42529, 44.45845 ], [ -72.42488, 44.4584 ], [ -72.42468, 44.45819 ], [ -72.42475, 44.45751 ], [ -72.42537, 44.45664 ], [ -72.4251, 44.45636 ], [ -72.42457, 44.45645 ], [ -72.42396, 44.45629 ], [ -72.42377, 44.45598 ], [ -72.4237, 44.45526 ], [ -72.42446, 44.45498 ], [ -72.4259, 44.45492 ] ] } },
{ "type": "Feature", "properties": { "lake": "Greenwood", "depth": 10 }, "geometry": { "type": "LineString", "coordinates": [ [ -72.42708, 44.45483 ], [ -72.42659, 44.45496 ], [ -72.4259, 44.45541 ], [ -72.42582, 44.45577 ], [ -72.4264, 44.45608 ], [ -72.42799, 44.45586 ], [ -72.42758, 44.45496 ], [ -72.42708, 44.45483 ] ] } },
{ "type": "Feature", "properties": { "lake": "Greenwood", "depth": 30 }, "geometry": { "type": "LineString", "coordinates": [ [ -72.42918, 44.45378 ], [ -72.42979, 44.45382 ], [ -72.42971, 44.45404 ], [ -72.42845, 44.45498 ], [ -72.42819, 44.45504 ], [ -72.42804, 44.45491 ], [ -72.42804, 44.45437 ], [ -72.42918, 44.45378 ] ] } },
{ "type": "Feature", "properties": { "lake": "Greenwood", "depth": 20 }, "geometry": { "type": "LineString", "coordinates": [ [ -72.42982, 44.45339 ], [ -72.43036, 44.45353 ], [ -72.43017, 44.4539 ], [ -72.4288, 44.45484 ], [ -72.42864, 44.45529 ], [ -72.42842, 44.45532 ], [ -72.42834, 44.45557 ], [ -72.42819, 44.45565 ], [ -72.428, 44.45551 ], [ -72.42777, 44.45487 ], [ -72.42745, 44.45458 ], [ -72.42823, 44.45393 ], [ -72.42982, 44.45339 ] ] } },
{ "type": "Feature", "properties": { "lake": "Greenwood", "depth": 5 }, "geometry": { "type": "LineString", "coordinates": [ [ -72.43012, 44.45305 ], [ -72.43055, 44.45307 ], [ -72.43085, 44.45327 ], [ -72.43074, 44.45375 ], [ -72.43047, 44.45402 ], [ -72.42975, 44.4543 ], [ -72.42842, 44.45559 ], [ -72.42827, 44.45586 ], [ -72.42838, 44.45612 ], [ -72.42884, 44.45632 ], [ -72.42836, 44.4573 ], [ -72.42779, 44.45802 ], [ -72.42743, 44.45806 ], [ -72.42741, 44.45773 ], [ -72.42701, 44.45719 ], [ -72.42636, 44.45737 ], [ -72.42562, 44.45802 ], [ -72.42558, 44.45832 ], [ -72.42579, 44.45875 ], [ -72.42457, 44.46012 ], [ -72.42467, 44.46053 ], [ -72.42454, 44.461 ], [ -72.42465, 44.46112 ], [ -72.42526, 44.46092 ], [ -72.42579, 44.46104 ], [ -72.42595, 44.46117 ], [ -72.42599, 44.46168 ], [ -72.424, 44.46381 ], [ -72.42412, 44.46401 ], [ -72.42404, 44.46435 ], [ -72.42137, 44.46523 ], [ -72.42031, 44.46543 ], [ -72.41989, 44.4653 ], [ -72.42007, 44.46486 ], [ -72.42054, 44.46448 ], [ -72.42259, 44.46329 ], [ -72.42293, 44.46257 ], [ -72.42386, 44.4624 ], [ -72.42381, 44.46228 ], [ -72.42305, 44.46241 ], [ -72.42266, 44.46219 ], [ -72.42267, 44.46185 ], [ -72.4229, 44.46172 ], [ -72.42301, 44.46129 ], [ -72.4234, 44.46083 ], [ -72.42248, 44.46045 ], [ -72.42209, 44.45934 ], [ -72.42229, 44.45914 ], [ -72.42445, 44.45849 ], [ -72.42442, 44.45743 ], [ -72.42485, 44.45683 ], [ -72.42361, 44.45671 ], [ -72.42324, 44.45643 ], [ -72.42309, 44.45586 ], [ -72.42248, 44.45558 ], [ -72.42227, 44.45518 ], [ -72.42389, 44.45479 ], [ -72.42518, 44.45486 ], [ -72.42587, 44.45473 ], [ -72.43012, 44.45305 ] ] } },
{ "type": "Feature", "properties": { "lake": "Greenwood", "depth": 10 }, "geometry": { "type": "LineString", "coordinates": [ [ -72.4302, 44.45305 ], [ -72.43055, 44.45309 ], [ -72.43074, 44.45331 ], [ -72.43061, 44.45339 ], [ -72.43075, 44.45352 ], [ -72.43066, 44.45377 ], [ -72.42967, 44.45431 ], [ -72.42822, 44.45581 ], [ -72.4283, 44.4562 ], [ -72.42872, 44.45627 ], [ -72.42875, 44.45641 ], [ -72.4282, 44.45734 ], [ -72.42785, 44.45764 ], [ -72.42705, 44.45703 ], [ -72.42621, 44.45743 ], [ -72.42552, 44.45809 ], [ -72.42568, 44.45875 ], [ -72.42447, 44.46023 ], [ -72.42463, 44.46049 ], [ -72.42444, 44.46096 ], [ -72.42449, 44.46168 ], [ -72.42482, 44.4621 ], [ -72.42483, 44.46287 ], [ -72.42389, 44.46387 ], [ -72.42398, 44.46431 ], [ -72.42366, 44.46454 ], [ -72.42175, 44.46508 ], [ -72.42103, 44.46507 ], [ -72.42073, 44.46473 ], [ -72.42072, 44.46448 ], [ -72.42244, 44.46346 ], [ -72.42304, 44.46265 ], [ -72.42398, 44.4624 ], [ -72.42396, 44.46213 ], [ -72.42343, 44.46159 ], [ -72.4233, 44.46113 ], [ -72.42354, 44.46079 ], [ -72.42267, 44.4603 ], [ -72.42236, 44.45938 ], [ -72.42343, 44.4588 ], [ -72.42472, 44.4585 ], [ -72.42449, 44.45836 ], [ -72.42438, 44.45794 ], [ -72.4245, 44.45737 ], [ -72.42504, 44.45675 ], [ -72.4248, 44.45659 ], [ -72.42396, 44.45673 ], [ -72.42343, 44.45637 ], [ -72.42324, 44.45524 ], [ -72.42351, 44.455 ], [ -72.42414, 44.45484 ], [ -72.42537, 44.45486 ], [ -72.42678, 44.45441 ], [ -72.42705, 44.45446 ], [ -72.42849, 44.45367 ], [ -72.4302, 44.45305 ] ] } },
{ "type": "Feature", "properties": { "lake": "Groton", "depth": 30 }, "geometry": { "type": "LineString", "coordinates": [ [ -72.26672, 44.27687 ], [ -72.26694, 44.27701 ], [ -72.26709, 44.27758 ], [ -72.26738, 44.27781 ], [ -72.26758, 44.27829 ], [ -72.26753, 44.27853 ], [ -72.26778, 44.279 ], [ -72.26778, 44.28027 ], [ -72.26733, 44.28013 ], [ -72.26656, 44.28022 ], [ -72.26585, 44.27999 ], [ -72.26558, 44.27971 ], [ -72.26534, 44.27888 ], [ -72.26501, 44.2784 ], [ -72.26499, 44.2777 ], [ -72.26527, 44.2771 ], [ -72.26672, 44.27687 ] ] } },
{ "type": "Feature", "properties": { "lake": "Groton", "depth": 20 }, "geometry": { "type": "LineString", "coordinates": [ [ -72.26673, 44.27474 ], [ -72.2674, 44.27495 ], [ -72.26773, 44.27521 ], [ -72.26817, 44.27594 ], [ -72.26843, 44.27601 ], [ -72.26836, 44.27651 ], [ -72.26908, 44.27767 ], [ -72.26917, 44.279 ], [ -72.26949, 44.27947 ], [ -72.26936, 44.27983 ], [ -72.26946, 44.28018 ], [ -72.26918, 44.28054 ], [ -72.26933, 44.28119 ], [ -72.26858, 44.28219 ], [ -72.26824, 44.2824 ], [ -72.2672, 44.28221 ], [ -72.26465, 44.2803 ], [ -72.26417, 44.27937 ], [ -72.26425, 44.27888 ], [ -72.26384, 44.27805 ], [ -72.26406, 44.27781 ], [ -72.26392, 44.27734 ], [ -72.26438, 44.27557 ], [ -72.26468, 44.27555 ], [ -72.26546, 44.27495 ], [ -72.26673, 44.27474 ] ] } },
{ "type": "Feature", "properties": { "lake": "Groton", "depth": 20 }, "geometry": { "type": "LineString", "coordinates": [ [ -72.26757, 44.27119 ], [ -72.26778, 44.27116 ], [ -72.26801, 44.27142 ], [ -72.26785, 44.27207 ], [ -72.2674, 44.2719 ], [ -72.26757, 44.27119 ] ] } },
{ "type": "Feature", "properties": { "lake": "Groton", "depth": 20 }, "geometry": { "type": "LineString", "coordinates": [ [ -72.26583, 44.26515 ], [ -72.26624, 44.26527 ], [ -72.26608, 44.26562 ], [ -72.26636, 44.26586 ], [ -72.26623, 44.26608 ], [ -72.26595, 44.26598 ], [ -72.26563, 44.2655 ], [ -72.26583, 44.26515 ] ] } },
{ "type": "Feature", "properties": { "lake": "Groton", "depth": 10 }, "geometry": { "type": "LineString", "coordinates": [ [ -72.2584, 44.25674 ], [ -72.25907, 44.25712 ], [ -72.26004, 44.25725 ], [ -72.26049, 44.25753 ], [ -72.26055, 44.25743 ], [ -72.26165, 44.25793 ], [ -72.2621, 44.25797 ], [ -72.26301, 44.25854 ], [ -72.26391, 44.25947 ], [ -72.26531, 44.26053 ], [ -72.2664, 44.26231 ], [ -72.26707, 44.26299 ], [ -72.26714, 44.26359 ], [ -72.26743, 44.26408 ], [ -72.26734, 44.26444 ], [ -72.26769, 44.26479 ], [ -72.26765, 44.26515 ], [ -72.26788, 44.2655 ], [ -72.26775, 44.26621 ], [ -72.26892, 44.26752 ], [ -72.26875, 44.2687 ], [ -72.2686, 44.26882 ], [ -72.26879, 44.26894 ], [ -72.26879, 44.26965 ], [ -72.26927, 44.26999 ], [ -72.26929, 44.27024 ], [ -72.26875, 44.27071 ], [ -72.26883, 44.27142 ], [ -72.26871, 44.27201 ], [ -72.26888, 44.27239 ], [ -72.26948, 44.27272 ], [ -72.26966, 44.27315 ], [ -72.26999, 44.27332 ], [ -72.26971, 44.27367 ], [ -72.26996, 44.27403 ], [ -72.26985, 44.27431 ], [ -72.26942, 44.27521 ], [ -72.26914, 44.27545 ], [ -72.26898, 44.27604 ], [ -72.26963, 44.2771 ], [ -72.26954, 44.27734 ], [ -72.2698, 44.2777 ], [ -72.26988, 44.27853 ], [ -72.26978, 44.27876 ], [ -72.26997, 44.27935 ], [ -72.27028, 44.27959 ], [ -72.27055, 44.28066 ], [ -72.27048, 44.28101 ], [ -72.27134, 44.28267 ], [ -72.27159, 44.28404 ], [ -72.27095, 44.28428 ], [ -72.26979, 44.28422 ], [ -72.26966, 44.28397 ], [ -72.26901, 44.28394 ], [ -72.26778, 44.28339 ], [ -72.26714, 44.28296 ], [ -72.26709, 44.28255 ], [ -72.26681, 44.28231 ], [ -72.2652, 44.28161 ], [ -72.26456, 44.28089 ], [ -72.26336, 44.28006 ], [ -72.26328, 44.27876 ], [ -72.263, 44.27805 ], [ -72.26368, 44.2777 ], [ -72.26329, 44.27675 ], [ -72.26338, 44.27639 ], [ -72.26296, 44.27568 ], [ -72.26297, 44.27521 ], [ -72.2637, 44.27415 ], [ -72.2636, 44.2732 ], [ -72.26373, 44.27237 ], [ -72.26357, 44.27142 ], [ -72.26462, 44.27024 ], [ -72.26462, 44.26998 ], [ -72.26488, 44.26974 ], [ -72.2651, 44.26965 ], [ -72.26527, 44.26986 ], [ -72.26507, 44.27048 ], [ -72.26514, 44.27101 ], [ -72.26572, 44.27071 ], [ -72.26613, 44.26977 ], [ -72.26574, 44.26823 ], [ -72.26528, 44.26775 ], [ -72.26489, 44.26763 ], [ -72.2643, 44.26669 ], [ -72.26416, 44.26669 ], [ -72.26423, 44.26694 ], [ -72.264, 44.26669 ], [ -72.26382, 44.26633 ], [ -72.264, 44.26598 ], [ -72.26386, 44.26574 ], [ -72.26404, 44.26542 ], [ -72.26532, 44.26503 ], [ -72.26555, 44.26444 ], [ -72.26492, 44.26373 ], [ -72.26391, 44.26172 ], [ -72.26307, 44.26141 ], [ -72.26209, 44.26018 ], [ -72.26081, 44.25943 ], [ -72.26036, 44.25869 ], [ -72.25958, 44.25855 ], [ -72.25938, 44.25817 ], [ -72.25891, 44.25781 ], [ -72.2584, 44.25674 ] ] } },
{ "type": "Feature", "properties": { "lake": "Groton", "depth": 5 }, "geometry": { "type": "LineString", "coordinates": [ [ -72.25418, 44.2526 ], [ -72.2547, 44.25308 ], [ -72.25474, 44.25362 ], [ -72.25532, 44.25377 ], [ -72.25552, 44.25414 ], [ -72.25636, 44.25476 ], [ -72.25811, 44.25544 ], [ -72.2586, 44.25592 ], [ -72.25894, 44.25658 ], [ -72.25997, 44.25693 ], [ -72.26068, 44.25684 ], [ -72.26126, 44.25739 ], [ -72.26171, 44.25731 ], [ -72.26223, 44.25747 ], [ -72.26294, 44.25816 ], [ -72.26372, 44.25858 ], [ -72.26391, 44.25907 ], [ -72.26507, 44.25958 ], [ -72.26585, 44.26056 ], [ -72.26664, 44.26231 ], [ -72.26719, 44.26266 ], [ -72.26757, 44.26373 ], [ -72.26805, 44.26397 ], [ -72.26867, 44.2655 ], [ -72.26819, 44.2661 ], [ -72.26824, 44.26633 ], [ -72.26901, 44.26711 ], [ -72.26934, 44.26775 ], [ -72.269, 44.26835 ], [ -72.26881, 44.26917 ], [ -72.26887, 44.26965 ], [ -72.2694, 44.26988 ], [ -72.26954, 44.27012 ], [ -72.26893, 44.27071 ], [ -72.26894, 44.2719 ], [ -72.26982, 44.27272 ], [ -72.27022, 44.27367 ], [ -72.26906, 44.27604 ], [ -72.26985, 44.27705 ], [ -72.26999, 44.27864 ], [ -72.27069, 44.28018 ], [ -72.27071, 44.28101 ], [ -72.27153, 44.28241 ], [ -72.27206, 44.28397 ], [ -72.27198, 44.28426 ], [ -72.27166, 44.28435 ], [ -72.27157, 44.28456 ], [ -72.27211, 44.28492 ], [ -72.27205, 44.28529 ], [ -72.27121, 44.28528 ], [ -72.27056, 44.28442 ], [ -72.26966, 44.28449 ], [ -72.26946, 44.28419 ], [ -72.26895, 44.28416 ], [ -72.26836, 44.28372 ], [ -72.26746, 44.28341 ], [ -72.26682, 44.28279 ], [ -72.26684, 44.28255 ], [ -72.26572, 44.28226 ], [ -72.26501, 44.28158 ], [ -72.26448, 44.28148 ], [ -72.26352, 44.28094 ], [ -72.26276, 44.28018 ], [ -72.26285, 44.27995 ], [ -72.26261, 44.27947 ], [ -72.26284, 44.27829 ], [ -72.26251, 44.27793 ], [ -72.26315, 44.2777 ], [ -72.26326, 44.2771 ], [ -72.26294, 44.27604 ], [ -72.26257, 44.27568 ], [ -72.26261, 44.27545 ], [ -72.26243, 44.27521 ], [ -72.26296, 44.27462 ], [ -72.26294, 44.27415 ], [ -72.2634, 44.27272 ], [ -72.26345, 44.27225 ], [ -72.26311, 44.27142 ], [ -72.2635, 44.27119 ], [ -72.26423, 44.27012 ], [ -72.26414, 44.27 ], [ -72.26447, 44.2687 ], [ -72.26436, 44.26811 ], [ -72.26374, 44.26763 ], [ -72.26343, 44.26716 ], [ -72.26335, 44.26621 ], [ -72.26236, 44.26589 ], [ -72.26193, 44.26539 ], [ -72.26151, 44.26456 ], [ -72.26146, 44.26432 ], [ -72.2616, 44.2642 ], [ -72.26119, 44.26373 ], [ -72.26137, 44.26361 ], [ -72.26133, 44.2634 ], [ -72.26054, 44.26266 ], [ -72.26081, 44.26247 ], [ -72.26017, 44.26238 ], [ -72.2602, 44.26172 ], [ -72.25913, 44.2596 ], [ -72.25881, 44.25833 ], [ -72.25854, 44.25817 ], [ -72.25829, 44.25751 ], [ -72.25733, 44.25674 ], [ -72.25673, 44.25663 ], [ -72.25677, 44.25639 ], [ -72.25648, 44.25633 ], [ -72.25551, 44.25532 ], [ -72.25538, 44.25509 ], [ -72.25552, 44.25494 ], [ -72.25521, 44.25485 ], [ -72.25373, 44.25308 ], [ -72.25418, 44.2526 ] ] } },
{ "type": "Feature", "properties": { "lake": "Halls", "depth": 20 }, "geometry": { "type": "LineString", "coordinates": [ [ -72.12279, 44.0835 ], [ -72.12385, 44.08377 ], [ -72.12472, 44.08363 ], [ -72.12499, 44.08406 ], [ -72.125, 44.08449 ], [ -72.12531, 44.0848 ], [ -72.12517, 44.08491 ], [ -72.12516, 44.0855 ], [ -72.12461, 44.08614 ], [ -72.12449, 44.08661 ], [ -72.12456, 44.08762 ], [ -72.12487, 44.0879 ], [ -72.12456, 44.08815 ], [ -72.12467, 44.08836 ], [ -72.12454, 44.08856 ], [ -72.12378, 44.08911 ], [ -72.12324, 44.08909 ], [ -72.12324, 44.08924 ], [ -72.12359, 44.08927 ], [ -72.12341, 44.08955 ], [ -72.12304, 44.08952 ], [ -72.12258, 44.08989 ], [ -72.12191, 44.09003 ], [ -72.12184, 44.0899 ], [ -72.12202, 44.08972 ], [ -72.12172, 44.08962 ], [ -72.12191, 44.08948 ], [ -72.1214, 44.08892 ], [ -72.12158, 44.08808 ], [ -72.12128, 44.08767 ], [ -72.12127, 44.08691 ], [ -72.12146, 44.08674 ], [ -72.12152, 44.08614 ], [ -72.12182, 44.08596 ], [ -72.12196, 44.08547 ], [ -72.12222, 44.08533 ], [ -72.12216, 44.08477 ], [ -72.12234, 44.0847 ], [ -72.12216, 44.08466 ], [ -72.12209, 44.08441 ], [ -72.12259, 44.08392 ], [ -72.12239, 44.08361 ], [ -72.12279, 44.0835 ] ] } },
{ "type": "Feature", "properties": { "lake": "Halls", "depth": 10 }, "geometry": { "type": "LineString", "coordinates": [ [ -72.12352, 44.08255 ], [ -72.12423, 44.08271 ], [ -72.12442, 44.08296 ], [ -72.12505, 44.08322 ], [ -72.12543, 44.08459 ], [ -72.12532, 44.08544 ], [ -72.12543, 44.08544 ], [ -72.12544, 44.08582 ], [ -72.12493, 44.08614 ], [ -72.12493, 44.08691 ], [ -72.12548, 44.08762 ], [ -72.12537, 44.08818 ], [ -72.12555, 44.08846 ], [ -72.12523, 44.08911 ], [ -72.12481, 44.0892 ], [ -72.12486, 44.08934 ], [ -72.12456, 44.08932 ], [ -72.12398, 44.0899 ], [ -72.12258, 44.09051 ], [ -72.12184, 44.09046 ], [ -72.12159, 44.09035 ], [ -72.12163, 44.09008 ], [ -72.12133, 44.08963 ], [ -72.12151, 44.08947 ], [ -72.12108, 44.08914 ], [ -72.12095, 44.08878 ], [ -72.12126, 44.08818 ], [ -72.12107, 44.08783 ], [ -72.12119, 44.08769 ], [ -72.12108, 44.08681 ], [ -72.12126, 44.08675 ], [ -72.12128, 44.08641 ], [ -72.12155, 44.08579 ], [ -72.12177, 44.08566 ], [ -72.12184, 44.08525 ], [ -72.12202, 44.08519 ], [ -72.12159, 44.08469 ], [ -72.12179, 44.08378 ], [ -72.12159, 44.08344 ], [ -72.12279, 44.08266 ], [ -72.12295, 44.08279 ], [ -72.12317, 44.08257 ], [ -72.12352, 44.08255 ] ] } },
{ "type": "Feature", "properties": { "lake": "Halls", "depth": 5 }, "geometry": { "type": "LineString", "coordinates": [ [ -72.12127, 44.08185 ], [ -72.12221, 44.08208 ], [ -72.12235, 44.08237 ], [ -72.1234, 44.08223 ], [ -72.12398, 44.08238 ], [ -72.12442, 44.08281 ], [ -72.12516, 44.08317 ], [ -72.12536, 44.08412 ], [ -72.12548, 44.08587 ], [ -72.1253, 44.08608 ], [ -72.12493, 44.08617 ], [ -72.12493, 44.08663 ], [ -72.12537, 44.08743 ], [ -72.12573, 44.08762 ], [ -72.12555, 44.08949 ], [ -72.12423, 44.09024 ], [ -72.12295, 44.09072 ], [ -72.12159, 44.09054 ], [ -72.1214, 44.09026 ], [ -72.12138, 44.08983 ], [ -72.12115, 44.0896 ], [ -72.12126, 44.08942 ], [ -72.12076, 44.08878 ], [ -72.12107, 44.08822 ], [ -72.12095, 44.08797 ], [ -72.12103, 44.08679 ], [ -72.12126, 44.08661 ], [ -72.12142, 44.08575 ], [ -72.12163, 44.0857 ], [ -72.12183, 44.08519 ], [ -72.12177, 44.08487 ], [ -72.12147, 44.0847 ], [ -72.12163, 44.08406 ], [ -72.12139, 44.08315 ], [ -72.12158, 44.08269 ], [ -72.12127, 44.08185 ] ] } },
{ "type": "Feature", "properties": { "lake": "Hardwick", "depth": 5 }, "geometry": { "type": "LineString", "coordinates": [ [ -72.37344, 44.52322 ], [ -72.3744, 44.52325 ], [ -72.3744, 44.52339 ], [ -72.37377, 44.52343 ], [ -72.37383, 44.52412 ], [ -72.37408, 44.52483 ], [ -72.3744, 44.52484 ], [ -72.37458, 44.52467 ], [ -72.37459, 44.52486 ], [ -72.37496, 44.52496 ], [ -72.37496, 44.52514 ], [ -72.37478, 44.52522 ], [ -72.37483, 44.52635 ], [ -72.3742, 44.52815 ], [ -72.37365, 44.52817 ], [ -72.3735, 44.52847 ], [ -72.3732, 44.52851 ], [ -72.37338, 44.52872 ], [ -72.37269, 44.52964 ], [ -72.37252, 44.53022 ], [ -72.37262, 44.53122 ], [ -72.37252, 44.53143 ], [ -72.37289, 44.53293 ], [ -72.37313, 44.5332 ], [ -72.37307, 44.53338 ], [ -72.37301, 44.53351 ], [ -72.37269, 44.5335 ], [ -72.37232, 44.53314 ], [ -72.3725, 44.533 ], [ -72.37156, 44.53322 ], [ -72.37231, 44.53411 ], [ -72.37213, 44.53463 ], [ -72.37226, 44.53476 ], [ -72.37201, 44.5348 ], [ -72.37168, 44.53532 ], [ -72.37107, 44.53526 ], [ -72.37112, 44.53444 ], [ -72.37099, 44.53428 ], [ -72.37131, 44.53275 ], [ -72.37155, 44.53225 ], [ -72.3715, 44.52965 ], [ -72.37207, 44.52873 ], [ -72.37301, 44.52847 ], [ -72.37313, 44.52767 ], [ -72.37246, 44.52755 ], [ -72.37231, 44.52665 ], [ -72.37206, 44.52632 ], [ -72.37276, 44.52593 ], [ -72.37275, 44.52574 ], [ -72.37238, 44.52557 ], [ -72.37244, 44.52512 ], [ -72.37225, 44.52489 ], [ -72.37181, 44.52486 ], [ -72.37131, 44.52459 ], [ -72.37119, 44.5243 ], [ -72.37144, 44.52324 ], [ -72.37162, 44.5233 ], [ -72.37174, 44.52387 ], [ -72.37156, 44.52401 ], [ -72.3718, 44.52403 ], [ -72.37207, 44.52376 ], [ -72.37313, 44.52357 ], [ -72.37295, 44.52333 ], [ -72.37344, 44.52322 ] ] } },
{ "type": "Feature", "properties": { "lake": "Hardwick", "depth": 5 }, "geometry": { "type": "LineString", "coordinates": [ [ -72.37156, 44.52225 ], [ -72.37186, 44.5223 ], [ -72.37181, 44.52246 ], [ -72.3722, 44.52267 ], [ -72.37313, 44.52252 ], [ -72.37338, 44.52295 ], [ -72.37181, 44.52291 ], [ -72.37156, 44.52225 ] ] } },
{ "type": "Feature", "properties": { "lake": "Harveys", "depth": 100 }, "geometry": { "type": "LineString", "coordinates": [ [ -72.13985, 44.28839 ], [ -72.14037, 44.2886 ], [ -72.14003, 44.28939 ], [ -72.14024, 44.28961 ], [ -72.13982, 44.29061 ], [ -72.14013, 44.29168 ], [ -72.14016, 44.29255 ], [ -72.13965, 44.29291 ], [ -72.14007, 44.2932 ], [ -72.14081, 44.29316 ], [ -72.14122, 44.29334 ], [ -72.14116, 44.29405 ], [ -72.14154, 44.2941 ], [ -72.14166, 44.29456 ], [ -72.14154, 44.29552 ], [ -72.14082, 44.29628 ], [ -72.14086, 44.29653 ], [ -72.14126, 44.29671 ], [ -72.14149, 44.29735 ], [ -72.14177, 44.2975 ], [ -72.14164, 44.29833 ], [ -72.14133, 44.29872 ], [ -72.14096, 44.29865 ], [ -72.14081, 44.29828 ], [ -72.13976, 44.29824 ], [ -72.13877, 44.29794 ], [ -72.13783, 44.2969 ], [ -72.13749, 44.29628 ], [ -72.13757, 44.29606 ], [ -72.13725, 44.29595 ], [ -72.13689, 44.29542 ], [ -72.13657, 44.29518 ], [ -72.13563, 44.29496 ], [ -72.13527, 44.29457 ], [ -72.1349, 44.29448 ], [ -72.13474, 44.29409 ], [ -72.13391, 44.29394 ], [ -72.1338, 44.29373 ], [ -72.13485, 44.29235 ], [ -72.13479, 44.29171 ], [ -72.13542, 44.29099 ], [ -72.13584, 44.29099 ], [ -72.13709, 44.29026 ], [ -72.13842, 44.28896 ], [ -72.13985, 44.28839 ] ] } },
{ "type": "Feature", "properties": { "lake": "Harveys", "depth": 75 }, "geometry": { "type": "LineString", "coordinates": [ [ -72.14017, 44.28667 ], [ -72.14102, 44.28672 ], [ -72.14154, 44.28723 ], [ -72.14112, 44.28863 ], [ -72.14063, 44.28918 ], [ -72.1407, 44.2901 ], [ -72.14053, 44.29075 ], [ -72.14075, 44.29207 ], [ -72.14122, 44.29222 ], [ -72.14154, 44.29265 ], [ -72.1418, 44.29492 ], [ -72.14201, 44.29513 ], [ -72.1419, 44.29535 ], [ -72.14223, 44.29599 ], [ -72.14169, 44.29678 ], [ -72.1418, 44.29739 ], [ -72.14235, 44.29786 ], [ -72.14216, 44.29807 ], [ -72.14235, 44.29836 ], [ -72.14222, 44.29921 ], [ -72.1418, 44.29925 ], [ -72.14112, 44.29987 ], [ -72.14039, 44.29979 ], [ -72.13997, 44.29953 ], [ -72.1395, 44.29857 ], [ -72.13908, 44.29822 ], [ -72.13824, 44.29793 ], [ -72.13809, 44.29766 ], [ -72.13725, 44.29714 ], [ -72.13699, 44.29633 ], [ -72.13549, 44.29578 ], [ -72.13511, 44.29587 ], [ -72.13506, 44.2956 ], [ -72.13485, 44.29548 ], [ -72.13401, 44.29553 ], [ -72.13338, 44.29576 ], [ -72.13315, 44.29614 ], [ -72.1326, 44.29639 ], [ -72.13124, 44.29649 ], [ -72.13187, 44.29476 ], [ -72.13202, 44.29485 ], [ -72.13265, 44.29382 ], [ -72.13312, 44.29361 ], [ -72.13346, 44.29262 ], [ -72.13385, 44.29234 ], [ -72.13401, 44.29171 ], [ -72.13438, 44.29122 ], [ -72.13479, 44.29081 ], [ -72.13626, 44.29041 ], [ -72.13699, 44.29001 ], [ -72.13725, 44.28957 ], [ -72.13843, 44.2886 ], [ -72.13845, 44.28789 ], [ -72.13877, 44.28744 ], [ -72.14017, 44.28667 ] ] } },
{ "type": "Feature", "properties": { "lake": "Harveys", "depth": 50 }, "geometry": { "type": "LineString", "coordinates": [ [ -72.14061, 44.28559 ], [ -72.14164, 44.28569 ], [ -72.14245, 44.28659 ], [ -72.14233, 44.28731 ], [ -72.14178, 44.28774 ], [ -72.14143, 44.28925 ], [ -72.14095, 44.28982 ], [ -72.14117, 44.291 ], [ -72.14144, 44.29111 ], [ -72.14107, 44.29118 ], [ -72.14095, 44.29154 ], [ -72.14164, 44.29179 ], [ -72.1419, 44.29434 ], [ -72.14211, 44.2946 ], [ -72.14217, 44.29533 ], [ -72.14269, 44.29664 ], [ -72.14253, 44.29723 ], [ -72.14227, 44.29741 ], [ -72.14253, 44.29759 ], [ -72.14276, 44.29807 ], [ -72.14267, 44.29836 ], [ -72.14285, 44.29843 ], [ -72.14268, 44.29893 ], [ -72.14278, 44.29936 ], [ -72.1419, 44.29984 ], [ -72.14201, 44.30013 ], [ -72.14179, 44.3003 ], [ -72.14154, 44.301 ], [ -72.14096, 44.3011 ], [ -72.14028, 44.30079 ], [ -72.14027, 44.30058 ], [ -72.14007, 44.30059 ], [ -72.14002, 44.30028 ], [ -72.13934, 44.29948 ], [ -72.13908, 44.2986 ], [ -72.13767, 44.29768 ], [ -72.13694, 44.29744 ], [ -72.13631, 44.29701 ], [ -72.13626, 44.2967 ], [ -72.13574, 44.29644 ], [ -72.13401, 44.29643 ], [ -72.13218, 44.29713 ], [ -72.13119, 44.2977 ], [ -72.13082, 44.29757 ], [ -72.13035, 44.29766 ], [ -72.12983, 44.29729 ], [ -72.13004, 44.29671 ], [ -72.13072, 44.29604 ], [ -72.13087, 44.29548 ], [ -72.13129, 44.29536 ], [ -72.13208, 44.29363 ], [ -72.13291, 44.29304 ], [ -72.13328, 44.29168 ], [ -72.13354, 44.29151 ], [ -72.13391, 44.29084 ], [ -72.13636, 44.29009 ], [ -72.13777, 44.28877 ], [ -72.13814, 44.28791 ], [ -72.13851, 44.28758 ], [ -72.13877, 44.28692 ], [ -72.13913, 44.28651 ], [ -72.13987, 44.28584 ], [ -72.14061, 44.28559 ] ] } },
{ "type": "Feature", "properties": { "lake": "Harveys", "depth": 30 }, "geometry": { "type": "LineString", "coordinates": [ [ -72.14026, 44.28502 ], [ -72.14201, 44.28512 ], [ -72.14264, 44.28577 ], [ -72.14269, 44.28616 ], [ -72.14296, 44.28631 ], [ -72.14277, 44.28645 ], [ -72.14285, 44.28731 ], [ -72.14213, 44.28796 ], [ -72.14222, 44.28958 ], [ -72.14175, 44.29007 ], [ -72.14149, 44.28989 ], [ -72.14138, 44.29018 ], [ -72.14185, 44.29033 ], [ -72.14215, 44.29068 ], [ -72.14211, 44.2918 ], [ -72.14187, 44.29212 ], [ -72.14213, 44.29233 ], [ -72.14214, 44.29449 ], [ -72.14248, 44.29575 ], [ -72.14317, 44.297 ], [ -72.1429, 44.29755 ], [ -72.14288, 44.29857 ], [ -72.14319, 44.29922 ], [ -72.14285, 44.29988 ], [ -72.14246, 44.30015 ], [ -72.14256, 44.3008 ], [ -72.14215, 44.30195 ], [ -72.14225, 44.30231 ], [ -72.14201, 44.30282 ], [ -72.14049, 44.30347 ], [ -72.13987, 44.30342 ], [ -72.1396, 44.3026 ], [ -72.13922, 44.30216 ], [ -72.13913, 44.30174 ], [ -72.13952, 44.30065 ], [ -72.13898, 44.29882 ], [ -72.13872, 44.29849 ], [ -72.13788, 44.29799 ], [ -72.13642, 44.29751 ], [ -72.13516, 44.29662 ], [ -72.13443, 44.29698 ], [ -72.13349, 44.29711 ], [ -72.13291, 44.29752 ], [ -72.13129, 44.29808 ], [ -72.13046, 44.29797 ], [ -72.12999, 44.29756 ], [ -72.12934, 44.29728 ], [ -72.12936, 44.29709 ], [ -72.12967, 44.29691 ], [ -72.12993, 44.29647 ], [ -72.1304, 44.29615 ], [ -72.13077, 44.29533 ], [ -72.1311, 44.2952 ], [ -72.13111, 44.29477 ], [ -72.13141, 44.29434 ], [ -72.13155, 44.29375 ], [ -72.1326, 44.29272 ], [ -72.13249, 44.29251 ], [ -72.13281, 44.29204 ], [ -72.13286, 44.29158 ], [ -72.13338, 44.29076 ], [ -72.13359, 44.29058 ], [ -72.13558, 44.29018 ], [ -72.13658, 44.28961 ], [ -72.13652, 44.28952 ], [ -72.13757, 44.28869 ], [ -72.13778, 44.28832 ], [ -72.13772, 44.28809 ], [ -72.1384, 44.28743 ], [ -72.13913, 44.28566 ], [ -72.13955, 44.28527 ], [ -72.14026, 44.28502 ] ] } },
{ "type": "Feature", "properties": { "lake": "Harveys", "depth": 20 }, "geometry": { "type": "LineString", "coordinates": [ [ -72.13986, 44.28487 ], [ -72.14201, 44.2849 ], [ -72.14253, 44.28515 ], [ -72.14305, 44.28594 ], [ -72.14296, 44.28652 ], [ -72.14316, 44.28731 ], [ -72.14244, 44.2881 ], [ -72.14265, 44.28832 ], [ -72.14258, 44.28895 ], [ -72.14269, 44.2892 ], [ -72.14295, 44.28922 ], [ -72.14298, 44.28946 ], [ -72.14287, 44.29025 ], [ -72.14236, 44.29111 ], [ -72.14235, 44.29233 ], [ -72.14222, 44.29262 ], [ -72.14235, 44.29334 ], [ -72.14217, 44.29431 ], [ -72.14232, 44.29433 ], [ -72.14269, 44.29592 ], [ -72.14341, 44.29664 ], [ -72.14337, 44.29719 ], [ -72.14308, 44.2975 ], [ -72.14307, 44.2985 ], [ -72.14352, 44.29922 ], [ -72.14279, 44.30015 ], [ -72.14278, 44.30087 ], [ -72.14254, 44.30137 ], [ -72.14264, 44.3021 ], [ -72.14227, 44.3025 ], [ -72.14222, 44.30291 ], [ -72.14023, 44.30382 ], [ -72.13976, 44.30371 ], [ -72.13952, 44.30338 ], [ -72.1395, 44.30286 ], [ -72.13903, 44.3024 ], [ -72.13899, 44.30152 ], [ -72.13931, 44.30116 ], [ -72.13903, 44.30101 ], [ -72.13912, 44.29972 ], [ -72.13872, 44.29861 ], [ -72.13804, 44.29832 ], [ -72.13798, 44.29814 ], [ -72.13725, 44.29798 ], [ -72.13699, 44.29771 ], [ -72.13631, 44.29779 ], [ -72.13584, 44.29725 ], [ -72.13537, 44.29703 ], [ -72.13359, 44.29734 ], [ -72.1326, 44.29785 ], [ -72.13108, 44.29826 ], [ -72.13014, 44.29793 ], [ -72.12999, 44.29762 ], [ -72.12962, 44.29779 ], [ -72.12914, 44.29735 ], [ -72.12972, 44.29641 ], [ -72.1304, 44.29591 ], [ -72.13046, 44.29557 ], [ -72.13084, 44.2952 ], [ -72.13087, 44.29466 ], [ -72.13119, 44.29448 ], [ -72.13145, 44.29362 ], [ -72.13202, 44.29315 ], [ -72.13234, 44.29264 ], [ -72.13276, 44.2914 ], [ -72.13328, 44.29068 ], [ -72.13359, 44.29045 ], [ -72.13516, 44.29018 ], [ -72.13689, 44.28919 ], [ -72.13713, 44.28875 ], [ -72.13757, 44.2885 ], [ -72.13757, 44.28817 ], [ -72.13804, 44.28742 ], [ -72.13851, 44.28704 ], [ -72.13876, 44.28595 ], [ -72.13889, 44.28588 ], [ -72.13877, 44.28564 ], [ -72.13898, 44.28566 ], [ -72.13924, 44.28519 ], [ -72.13986, 44.28487 ] ] } },
{ "type": "Feature", "properties": { "lake": "Harveys", "depth": 10 }, "geometry": { "type": "LineString", "coordinates": [ [ -72.1393, 44.28451 ], [ -72.14185, 44.28457 ], [ -72.14285, 44.28498 ], [ -72.14326, 44.28584 ], [ -72.14318, 44.28645 ], [ -72.14341, 44.28695 ], [ -72.14326, 44.28759 ], [ -72.14289, 44.28789 ], [ -72.14287, 44.28839 ], [ -72.14316, 44.28873 ], [ -72.14326, 44.28954 ], [ -72.14245, 44.2914 ], [ -72.14236, 44.29427 ], [ -72.14279, 44.29575 ], [ -72.14363, 44.29655 ], [ -72.14363, 44.29719 ], [ -72.1431, 44.29822 ], [ -72.14342, 44.29883 ], [ -72.14373, 44.29896 ], [ -72.14396, 44.29929 ], [ -72.14363, 44.29991 ], [ -72.14311, 44.3001 ], [ -72.14299, 44.30037 ], [ -72.14275, 44.30152 ], [ -72.14285, 44.30209 ], [ -72.14253, 44.30281 ], [ -72.14185, 44.30335 ], [ -72.14159, 44.30331 ], [ -72.14143, 44.30359 ], [ -72.14081, 44.30374 ], [ -72.1407, 44.30389 ], [ -72.13966, 44.3038 ], [ -72.13922, 44.30331 ], [ -72.13929, 44.30287 ], [ -72.13919, 44.30266 ], [ -72.13903, 44.30276 ], [ -72.13876, 44.30231 ], [ -72.13887, 44.30166 ], [ -72.13874, 44.30152 ], [ -72.13889, 44.30116 ], [ -72.13876, 44.30087 ], [ -72.13898, 44.30061 ], [ -72.13899, 44.29972 ], [ -72.13887, 44.2994 ], [ -72.13866, 44.29931 ], [ -72.13851, 44.29868 ], [ -72.13783, 44.29837 ], [ -72.13767, 44.29813 ], [ -72.13678, 44.2979 ], [ -72.13621, 44.29795 ], [ -72.13589, 44.29784 ], [ -72.13574, 44.29742 ], [ -72.13532, 44.29744 ], [ -72.13479, 44.29721 ], [ -72.13338, 44.29769 ], [ -72.13312, 44.29792 ], [ -72.13218, 44.29804 ], [ -72.13192, 44.29831 ], [ -72.13077, 44.29851 ], [ -72.13072, 44.29831 ], [ -72.1303, 44.29809 ], [ -72.12925, 44.29787 ], [ -72.12894, 44.29735 ], [ -72.12936, 44.29656 ], [ -72.13019, 44.29586 ], [ -72.13033, 44.29542 ], [ -72.13072, 44.29523 ], [ -72.13077, 44.29457 ], [ -72.1311, 44.29427 ], [ -72.13134, 44.29354 ], [ -72.13192, 44.29306 ], [ -72.13187, 44.29278 ], [ -72.13227, 44.29248 ], [ -72.13246, 44.29162 ], [ -72.1326, 44.29154 ], [ -72.13239, 44.29127 ], [ -72.13281, 44.291 ], [ -72.13317, 44.29046 ], [ -72.1337, 44.29018 ], [ -72.13406, 44.29026 ], [ -72.13506, 44.29007 ], [ -72.13678, 44.28918 ], [ -72.13673, 44.2888 ], [ -72.13736, 44.28845 ], [ -72.13777, 44.28783 ], [ -72.13783, 44.28744 ], [ -72.13851, 44.28631 ], [ -72.13875, 44.28516 ], [ -72.1393, 44.28451 ] ] } },
{ "type": "Feature", "properties": { "lake": "Harveys", "depth": 5 }, "geometry": { "type": "LineString", "coordinates": [ [ -72.14006, 44.28372 ], [ -72.14211, 44.28386 ], [ -72.14328, 44.28552 ], [ -72.14349, 44.2871 ], [ -72.14306, 44.28817 ], [ -72.14332, 44.28954 ], [ -72.14316, 44.2902 ], [ -72.14246, 44.29154 ], [ -72.14246, 44.2947 ], [ -72.1429, 44.29589 ], [ -72.14374, 44.29657 ], [ -72.14373, 44.2972 ], [ -72.14363, 44.29761 ], [ -72.14331, 44.29786 ], [ -72.14329, 44.2985 ], [ -72.14417, 44.29922 ], [ -72.14384, 44.29982 ], [ -72.14317, 44.30022 ], [ -72.14279, 44.30152 ], [ -72.14285, 44.30243 ], [ -72.14237, 44.30317 ], [ -72.14232, 44.30367 ], [ -72.14081, 44.30402 ], [ -72.13945, 44.30393 ], [ -72.1395, 44.30359 ], [ -72.13892, 44.30333 ], [ -72.13863, 44.30152 ], [ -72.13866, 44.30086 ], [ -72.1389, 44.30058 ], [ -72.13873, 44.30022 ], [ -72.1389, 44.30001 ], [ -72.13889, 44.29951 ], [ -72.13856, 44.29925 ], [ -72.1383, 44.29857 ], [ -72.13772, 44.29837 ], [ -72.13767, 44.29818 ], [ -72.13678, 44.29795 ], [ -72.1361, 44.29803 ], [ -72.13469, 44.29732 ], [ -72.13312, 44.29802 ], [ -72.13208, 44.29828 ], [ -72.13171, 44.29853 ], [ -72.13077, 44.2986 ], [ -72.13019, 44.29813 ], [ -72.12925, 44.298 ], [ -72.12883, 44.2975 ], [ -72.12915, 44.29666 ], [ -72.13, 44.29592 ], [ -72.13025, 44.29535 ], [ -72.13061, 44.29504 ], [ -72.13072, 44.29441 ], [ -72.13119, 44.29391 ], [ -72.13142, 44.29327 ], [ -72.13164, 44.29319 ], [ -72.13173, 44.29276 ], [ -72.13214, 44.29233 ], [ -72.13229, 44.2913 ], [ -72.1327, 44.29099 ], [ -72.13286, 44.29056 ], [ -72.13391, 44.28987 ], [ -72.13506, 44.29 ], [ -72.13549, 44.28975 ], [ -72.13563, 44.28946 ], [ -72.13657, 44.28912 ], [ -72.13662, 44.28882 ], [ -72.13736, 44.28834 ], [ -72.13751, 44.28793 ], [ -72.13769, 44.28789 ], [ -72.13772, 44.28744 ], [ -72.13843, 44.28624 ], [ -72.13842, 44.28573 ], [ -72.13877, 44.2847 ], [ -72.13966, 44.28386 ], [ -72.14006, 44.28372 ] ] } },
{ "type": "Feature", "properties": { "lake": "Hortonia", "depth": 5 }, "geometry": { "type": "LineString", "coordinates": [ [ -73.20337, 43.7575 ], [ -73.20323, 43.75817 ], [ -73.20346, 43.75856 ], [ -73.20361, 43.75817 ], [ -73.20337, 43.7575 ] ] } },
{ "type": "Feature", "properties": { "lake": "Hortonia", "depth": 10 }, "geometry": { "type": "LineString", "coordinates": [ [ -73.20337, 43.75724 ], [ -73.20313, 43.75755 ], [ -73.20305, 43.75806 ], [ -73.20323, 43.75857 ], [ -73.20346, 43.75866 ], [ -73.20376, 43.75806 ], [ -73.20351, 43.75786 ], [ -73.20337, 43.75724 ] ] } },
{ "type": "Feature", "properties": { "lake": "Hortonia", "depth": 20 }, "geometry": { "type": "LineString", "coordinates": [ [ -73.20327, 43.75688 ], [ -73.20302, 43.75735 ], [ -73.20289, 43.75817 ], [ -73.20299, 43.75866 ], [ -73.20337, 43.75903 ], [ -73.20382, 43.75857 ], [ -73.20385, 43.75796 ], [ -73.20327, 43.75688 ] ] } },
{ "type": "Feature", "properties": { "lake": "Hortonia", "depth": 30 }, "geometry": { "type": "LineString", "coordinates": [ [ -73.20299, 43.75673 ], [ -73.20283, 43.75868 ], [ -73.20318, 43.75915 ], [ -73.20346, 43.75926 ], [ -73.20374, 43.75912 ], [ -73.20395, 43.75878 ], [ -73.20393, 43.75796 ], [ -73.20344, 43.75674 ], [ -73.20299, 43.75673 ] ] } },
{ "type": "Feature", "properties": { "lake": "Hortonia", "depth": 50 }, "geometry": { "type": "LineString", "coordinates": [ [ -73.20205, 43.75307 ], [ -73.2029, 43.75331 ], [ -73.20294, 43.75368 ], [ -73.20337, 43.7538 ], [ -73.20349, 43.75409 ], [ -73.20388, 43.75429 ], [ -73.20401, 43.7547 ], [ -73.20384, 43.75493 ], [ -73.2036, 43.7549 ], [ -73.20374, 43.75521 ], [ -73.20337, 43.75558 ], [ -73.2028, 43.75577 ], [ -73.20224, 43.75661 ], [ -73.2013, 43.75741 ], [ -73.20018, 43.75778 ], [ -73.19927, 43.75755 ], [ -73.199, 43.75715 ], [ -73.19894, 43.75643 ], [ -73.19922, 43.75511 ], [ -73.20121, 43.75333 ], [ -73.20205, 43.75307 ] ] } },
{ "type": "Feature", "properties": { "lake": "Hortonia", "depth": 30 }, "geometry": { "type": "LineString", "coordinates": [ [ -73.20207, 43.75123 ], [ -73.20299, 43.7515 ], [ -73.20402, 43.7514 ], [ -73.20429, 43.75164 ], [ -73.20425, 43.75205 ], [ -73.20343, 43.75225 ], [ -73.20347, 43.75246 ], [ -73.20388, 43.75276 ], [ -73.20363, 43.75297 ], [ -73.20371, 43.75337 ], [ -73.20412, 43.75361 ], [ -73.20459, 43.75364 ], [ -73.20488, 43.75409 ], [ -73.20435, 43.75592 ], [ -73.20412, 43.75613 ], [ -73.20425, 43.75633 ], [ -73.20419, 43.75694 ], [ -73.20474, 43.75786 ], [ -73.20475, 43.75929 ], [ -73.20459, 43.75952 ], [ -73.20224, 43.76017 ], [ -73.2013, 43.76092 ], [ -73.19952, 43.76078 ], [ -73.19811, 43.76154 ], [ -73.19792, 43.76181 ], [ -73.19764, 43.76171 ], [ -73.19709, 43.76122 ], [ -73.19726, 43.76102 ], [ -73.19718, 43.76071 ], [ -73.1974, 43.76051 ], [ -73.19744, 43.7599 ], [ -73.1976, 43.7598 ], [ -73.19801, 43.75837 ], [ -73.19781, 43.75653 ], [ -73.19805, 43.75623 ], [ -73.19809, 43.75572 ], [ -73.19787, 43.75531 ], [ -73.19746, 43.75509 ], [ -73.19736, 43.75455 ], [ -73.19709, 43.75419 ], [ -73.19815, 43.75327 ], [ -73.19969, 43.75266 ], [ -73.20028, 43.75225 ], [ -73.2008, 43.75184 ], [ -73.20083, 43.75153 ], [ -73.20207, 43.75123 ] ] } },
{ "type": "Feature", "properties": { "lake": "Hortonia", "depth": 20 }, "geometry": { "type": "LineString", "coordinates": [ [ -73.20203, 43.75103 ], [ -73.2029, 43.75128 ], [ -73.2044, 43.75125 ], [ -73.20477, 43.75164 ], [ -73.20469, 43.75195 ], [ -73.2044, 43.75221 ], [ -73.20387, 43.75235 ], [ -73.20401, 43.75276 ], [ -73.20374, 43.75307 ], [ -73.20393, 43.75334 ], [ -73.20473, 43.75337 ], [ -73.20515, 43.75368 ], [ -73.20513, 43.75449 ], [ -73.20468, 43.75527 ], [ -73.20465, 43.75592 ], [ -73.20443, 43.75613 ], [ -73.20462, 43.75735 ], [ -73.20506, 43.75786 ], [ -73.20492, 43.75878 ], [ -73.20516, 43.75939 ], [ -73.20487, 43.75984 ], [ -73.20402, 43.7599 ], [ -73.20322, 43.76051 ], [ -73.20224, 43.76054 ], [ -73.20158, 43.76135 ], [ -73.20112, 43.76136 ], [ -73.20102, 43.76114 ], [ -73.20074, 43.76105 ], [ -73.19971, 43.76104 ], [ -73.19811, 43.76197 ], [ -73.19708, 43.76173 ], [ -73.19687, 43.76112 ], [ -73.19736, 43.76023 ], [ -73.19776, 43.75837 ], [ -73.1976, 43.75735 ], [ -73.19769, 43.75674 ], [ -73.19745, 43.75613 ], [ -73.19794, 43.75582 ], [ -73.19692, 43.7547 ], [ -73.1964, 43.7546 ], [ -73.19631, 43.75378 ], [ -73.19746, 43.7536 ], [ -73.19764, 43.75335 ], [ -73.19961, 43.75246 ], [ -73.19971, 43.75211 ], [ -73.20044, 43.75164 ], [ -73.2013, 43.75119 ], [ -73.20203, 43.75103 ] ] } },
{ "type": "Feature", "properties": { "lake": "Hortonia", "depth": 10 }, "geometry": { "type": "LineString", "coordinates": [ [ -73.20468, 43.75001 ], [ -73.20477, 43.74992 ], [ -73.20515, 43.75016 ], [ -73.2056, 43.75062 ], [ -73.20568, 43.75093 ], [ -73.20504, 43.75184 ], [ -73.20487, 43.75243 ], [ -73.20412, 43.75242 ], [ -73.20392, 43.75307 ], [ -73.20402, 43.75328 ], [ -73.20459, 43.75318 ], [ -73.2048, 43.75286 ], [ -73.20477, 43.7526 ], [ -73.20506, 43.75301 ], [ -73.20581, 43.75356 ], [ -73.20505, 43.7548 ], [ -73.20461, 43.75633 ], [ -73.20469, 43.75704 ], [ -73.2054, 43.75796 ], [ -73.20522, 43.75827 ], [ -73.20521, 43.75878 ], [ -73.20569, 43.75929 ], [ -73.20543, 43.75974 ], [ -73.20515, 43.76011 ], [ -73.20423, 43.76041 ], [ -73.20187, 43.76179 ], [ -73.20121, 43.76178 ], [ -73.20093, 43.76152 ], [ -73.19961, 43.76154 ], [ -73.19924, 43.76163 ], [ -73.19868, 43.76218 ], [ -73.19811, 43.76225 ], [ -73.19671, 43.76183 ], [ -73.19652, 43.76143 ], [ -73.19717, 43.7602 ], [ -73.19742, 43.75919 ], [ -73.19731, 43.75745 ], [ -73.19743, 43.75674 ], [ -73.19709, 43.75623 ], [ -73.19739, 43.75572 ], [ -73.19695, 43.75541 ], [ -73.1968, 43.75487 ], [ -73.19595, 43.75493 ], [ -73.19562, 43.7548 ], [ -73.19566, 43.75378 ], [ -73.19736, 43.75339 ], [ -73.19746, 43.75316 ], [ -73.19811, 43.75309 ], [ -73.19905, 43.75245 ], [ -73.19933, 43.75248 ], [ -73.19941, 43.75205 ], [ -73.19972, 43.75174 ], [ -73.20119, 43.75093 ], [ -73.20215, 43.75059 ], [ -73.2029, 43.75079 ], [ -73.20384, 43.7508 ], [ -73.20444, 43.75042 ], [ -73.2045, 43.75011 ], [ -73.20468, 43.75001 ] ] } },
{ "type": "Feature", "properties": { "lake": "Hortonia", "depth": 10 }, "geometry": { "type": "LineString", "coordinates": [ [ -73.20769, 43.74624 ], [ -73.20853, 43.7462 ], [ -73.20902, 43.74664 ], [ -73.20866, 43.74736 ], [ -73.20853, 43.74848 ], [ -73.20826, 43.74889 ], [ -73.20833, 43.74991 ], [ -73.20817, 43.75042 ], [ -73.20693, 43.75051 ], [ -73.20599, 43.74997 ], [ -73.20556, 43.74929 ], [ -73.20568, 43.74899 ], [ -73.20546, 43.74817 ], [ -73.20553, 43.74746 ], [ -73.2059, 43.74701 ], [ -73.20634, 43.74685 ], [ -73.20714, 43.74695 ], [ -73.20769, 43.74624 ] ] } },
{ "type": "Feature", "properties": { "lake": "Hortonia", "depth": 5 }, "geometry": { "type": "LineString", "coordinates": [ [ -73.21378, 43.74446 ], [ -73.21362, 43.74501 ], [ -73.21369, 43.74521 ], [ -73.21409, 43.74471 ], [ -73.21397, 43.74443 ], [ -73.21378, 43.74446 ] ] } },
{ "type": "Feature", "properties": { "lake": "Hortonia", "depth": 10 }, "geometry": { "type": "LineString", "coordinates": [ [ -73.21407, 43.73951 ], [ -73.21472, 43.73974 ], [ -73.21483, 43.74012 ], [ -73.21609, 43.74175 ], [ -73.21612, 43.74206 ], [ -73.2166, 43.74224 ], [ -73.21726, 43.74307 ], [ -73.21816, 43.74511 ], [ -73.2181, 43.74575 ], [ -73.21688, 43.74582 ], [ -73.21594, 43.74644 ], [ -73.2151, 43.74668 ], [ -73.21498, 43.74654 ], [ -73.21525, 43.74624 ], [ -73.21463, 43.74608 ], [ -73.21437, 43.74562 ], [ -73.21448, 43.74511 ], [ -73.21428, 43.74471 ], [ -73.21441, 43.7445 ], [ -73.21416, 43.74399 ], [ -73.21322, 43.74381 ], [ -73.21294, 43.74409 ], [ -73.21276, 43.74399 ], [ -73.21273, 43.74358 ], [ -73.21297, 43.74338 ], [ -73.21304, 43.74297 ], [ -73.21303, 43.74147 ], [ -73.21337, 43.74063 ], [ -73.21315, 43.74032 ], [ -73.21331, 43.73999 ], [ -73.21397, 43.73978 ], [ -73.21407, 43.73951 ] ] } },
{ "type": "Feature", "properties": { "lake": "Hortonia", "depth": 5 }, "geometry": { "type": "LineString", "coordinates": [ [ -73.21321, 43.73543 ], [ -73.21364, 43.73573 ], [ -73.21362, 43.73869 ], [ -73.21463, 43.73874 ], [ -73.21492, 43.73889 ], [ -73.21575, 43.7401 ], [ -73.21569, 43.74022 ], [ -73.21601, 43.74093 ], [ -73.2165, 43.74115 ], [ -73.21809, 43.74267 ], [ -73.21844, 43.74379 ], [ -73.21894, 43.74458 ], [ -73.21908, 43.74522 ], [ -73.21942, 43.74542 ], [ -73.21941, 43.74573 ], [ -73.21988, 43.74592 ], [ -73.22148, 43.74572 ], [ -73.22158, 43.74583 ], [ -73.22035, 43.74615 ], [ -73.21979, 43.74654 ], [ -73.21922, 43.7466 ], [ -73.21903, 43.74685 ], [ -73.21829, 43.74687 ], [ -73.21716, 43.74647 ], [ -73.21603, 43.74733 ], [ -73.21575, 43.74724 ], [ -73.21547, 43.74737 ], [ -73.21547, 43.74765 ], [ -73.21612, 43.74766 ], [ -73.21527, 43.74807 ], [ -73.21493, 43.74868 ], [ -73.2149, 43.74929 ], [ -73.21425, 43.74951 ], [ -73.21409, 43.75011 ], [ -73.21322, 43.74999 ], [ -73.21256, 43.75022 ], [ -73.21187, 43.7495 ], [ -73.212, 43.74917 ], [ -73.2124, 43.74919 ], [ -73.21237, 43.74878 ], [ -73.21294, 43.74817 ], [ -73.21273, 43.74787 ], [ -73.21284, 43.74746 ], [ -73.21247, 43.74728 ], [ -73.2124, 43.74624 ], [ -73.21265, 43.74654 ], [ -73.21313, 43.74664 ], [ -73.21388, 43.74594 ], [ -73.21369, 43.74572 ], [ -73.21341, 43.74589 ], [ -73.21284, 43.74567 ], [ -73.21207, 43.74593 ], [ -73.21219, 43.74614 ], [ -73.21125, 43.7459 ], [ -73.21069, 43.74606 ], [ -73.2104, 43.74646 ], [ -73.20947, 43.74694 ], [ -73.20883, 43.74766 ], [ -73.20873, 43.74838 ], [ -73.2084, 43.74899 ], [ -73.20873, 43.75042 ], [ -73.20853, 43.75117 ], [ -73.20759, 43.75148 ], [ -73.20721, 43.75141 ], [ -73.20637, 43.75202 ], [ -73.20562, 43.75191 ], [ -73.20535, 43.75215 ], [ -73.20522, 43.75276 ], [ -73.20581, 43.75293 ], [ -73.20596, 43.75327 ], [ -73.20579, 43.75388 ], [ -73.20545, 43.75419 ], [ -73.20492, 43.75531 ], [ -73.20465, 43.75633 ], [ -73.20479, 43.75694 ], [ -73.20567, 43.75796 ], [ -73.20546, 43.75868 ], [ -73.2061, 43.75929 ], [ -73.20558, 43.7601 ], [ -73.20412, 43.76108 ], [ -73.20318, 43.76246 ], [ -73.20252, 43.76224 ], [ -73.20215, 43.76244 ], [ -73.20112, 43.76259 ], [ -73.20055, 43.76219 ], [ -73.1998, 43.762 ], [ -73.19933, 43.76213 ], [ -73.19896, 43.7625 ], [ -73.19858, 43.76263 ], [ -73.19661, 43.76205 ], [ -73.19631, 43.76173 ], [ -73.19632, 43.76112 ], [ -73.19684, 43.76061 ], [ -73.19737, 43.75908 ], [ -73.19712, 43.75684 ], [ -73.1969, 43.75613 ], [ -73.19712, 43.75592 ], [ -73.19712, 43.75572 ], [ -73.19654, 43.75562 ], [ -73.19652, 43.75602 ], [ -73.19676, 43.75613 ], [ -73.1961, 43.75704 ], [ -73.19539, 43.757 ], [ -73.19562, 43.75653 ], [ -73.19546, 43.75643 ], [ -73.19539, 43.75667 ], [ -73.19519, 43.75653 ], [ -73.19533, 43.75633 ], [ -73.19513, 43.75623 ], [ -73.1951, 43.75551 ], [ -73.19527, 43.75541 ], [ -73.19502, 43.75491 ], [ -73.19476, 43.7548 ], [ -73.19511, 43.75367 ], [ -73.19577, 43.75343 ], [ -73.19642, 43.75344 ], [ -73.19746, 43.75294 ], [ -73.19858, 43.75271 ], [ -73.19942, 43.75144 ], [ -73.19961, 43.75152 ], [ -73.20036, 43.75115 ], [ -73.20149, 43.75029 ], [ -73.20177, 43.75045 ], [ -73.2028, 43.75026 ], [ -73.20338, 43.75052 ], [ -73.20351, 43.75011 ], [ -73.20391, 43.74991 ], [ -73.20459, 43.74882 ], [ -73.20474, 43.74736 ], [ -73.20494, 43.74705 ], [ -73.20571, 43.74664 ], [ -73.20693, 43.74647 ], [ -73.2076, 43.74603 ], [ -73.20768, 43.74551 ], [ -73.2087, 43.74511 ], [ -73.20909, 43.74503 ], [ -73.21003, 43.74528 ], [ -73.2105, 43.74522 ], [ -73.21172, 43.74344 ], [ -73.21287, 43.74246 ], [ -73.21282, 43.74042 ], [ -73.21205, 43.7393 ], [ -73.21279, 43.73828 ], [ -73.21268, 43.73798 ], [ -73.21298, 43.73757 ], [ -73.21283, 43.73706 ], [ -73.21295, 43.73696 ], [ -73.21293, 43.73563 ], [ -73.21321, 43.73543 ] ] } },
{ "type": "Feature", "properties": { "lake": "Iroquois", "depth": 10 }, "geometry": { "type": "LineString", "coordinates": [ [ -73.07996, 44.36835 ], [ -73.08028, 44.36873 ], [ -73.07982, 44.36902 ], [ -73.07996, 44.36873 ], [ -73.07996, 44.36835 ] ] } },
{ "type": "Feature", "properties": { "lake": "Iroquois", "depth": 5 }, "geometry": { "type": "LineString", "coordinates": [ [ -73.08064, 44.36777 ], [ -73.0802, 44.36829 ], [ -73.08043, 44.36907 ], [ -73.08059, 44.36895 ], [ -73.08079, 44.3681 ], [ -73.08064, 44.36777 ] ] } },
{ "type": "Feature", "properties": { "lake": "Iroquois", "depth": 20 }, "geometry": { "type": "LineString", "coordinates": [ [ -73.08333, 44.36708 ], [ -73.0832, 44.36729 ], [ -73.08339, 44.36773 ], [ -73.08317, 44.36786 ], [ -73.08316, 44.36823 ], [ -73.08287, 44.36842 ], [ -73.083, 44.36888 ], [ -73.08337, 44.36886 ], [ -73.08383, 44.36835 ], [ -73.08368, 44.36754 ], [ -73.08394, 44.36716 ], [ -73.08333, 44.36708 ] ] } },
{ "type": "Feature", "properties": { "lake": "Iroquois", "depth": 30 }, "geometry": { "type": "LineString", "coordinates": [ [ -73.08341, 44.36684 ], [ -73.08308, 44.36692 ], [ -73.08276, 44.36738 ], [ -73.08293, 44.36766 ], [ -73.08293, 44.36817 ], [ -73.08238, 44.36854 ], [ -73.083, 44.36918 ], [ -73.08382, 44.36901 ], [ -73.08383, 44.36879 ], [ -73.08364, 44.36867 ], [ -73.08397, 44.36842 ], [ -73.08386, 44.36804 ], [ -73.08408, 44.36703 ], [ -73.08394, 44.36681 ], [ -73.08341, 44.36684 ] ] } },
{ "type": "Feature", "properties": { "lake": "Iroquois", "depth": 30 }, "geometry": { "type": "LineString", "coordinates": [ [ -73.08244, 44.3632 ], [ -73.08431, 44.36374 ], [ -73.08508, 44.36444 ], [ -73.08529, 44.365 ], [ -73.08557, 44.36521 ], [ -73.08598, 44.36734 ], [ -73.08633, 44.36785 ], [ -73.08627, 44.36823 ], [ -73.08655, 44.36936 ], [ -73.0868, 44.36995 ], [ -73.08732, 44.37049 ], [ -73.0872, 44.37146 ], [ -73.08633, 44.3715 ], [ -73.08578, 44.3719 ], [ -73.08512, 44.372 ], [ -73.08402, 44.37164 ], [ -73.084, 44.372 ], [ -73.08365, 44.37207 ], [ -73.08375, 44.37162 ], [ -73.08357, 44.37154 ], [ -73.08325, 44.3707 ], [ -73.08288, 44.37049 ], [ -73.08268, 44.37005 ], [ -73.082, 44.3698 ], [ -73.08186, 44.36929 ], [ -73.08134, 44.36873 ], [ -73.08132, 44.36766 ], [ -73.08107, 44.36729 ], [ -73.08109, 44.36616 ], [ -73.08088, 44.36609 ], [ -73.08076, 44.36567 ], [ -73.08023, 44.36569 ], [ -73.08021, 44.36597 ], [ -73.07966, 44.36617 ], [ -73.07914, 44.36584 ], [ -73.07917, 44.36535 ], [ -73.07984, 44.36465 ], [ -73.08104, 44.36429 ], [ -73.08108, 44.36407 ], [ -73.08129, 44.36407 ], [ -73.08161, 44.36362 ], [ -73.08244, 44.3632 ] ] } },
{ "type": "Feature", "properties": { "lake": "Iroquois", "depth": 20 }, "geometry": { "type": "LineString", "coordinates": [ [ -73.08261, 44.3622 ], [ -73.08292, 44.3622 ], [ -73.08337, 44.3625 ], [ -73.08345, 44.36292 ], [ -73.0837, 44.3631 ], [ -73.08406, 44.36307 ], [ -73.08472, 44.36354 ], [ -73.08522, 44.36352 ], [ -73.08549, 44.36408 ], [ -73.08596, 44.3644 ], [ -73.08593, 44.36509 ], [ -73.0866, 44.36622 ], [ -73.0868, 44.36756 ], [ -73.08704, 44.36798 ], [ -73.08691, 44.36854 ], [ -73.08786, 44.37044 ], [ -73.08805, 44.37112 ], [ -73.08786, 44.37173 ], [ -73.0873, 44.37212 ], [ -73.08743, 44.37263 ], [ -73.0872, 44.37275 ], [ -73.0872, 44.37307 ], [ -73.0868, 44.37339 ], [ -73.08663, 44.37403 ], [ -73.08602, 44.37388 ], [ -73.08537, 44.37407 ], [ -73.08516, 44.37399 ], [ -73.085, 44.37303 ], [ -73.08463, 44.37262 ], [ -73.08427, 44.37264 ], [ -73.08414, 44.37282 ], [ -73.08413, 44.37332 ], [ -73.08435, 44.37363 ], [ -73.0841, 44.37388 ], [ -73.08382, 44.37351 ], [ -73.08353, 44.37345 ], [ -73.08361, 44.37272 ], [ -73.08299, 44.37175 ], [ -73.08283, 44.37137 ], [ -73.08292, 44.37107 ], [ -73.08255, 44.3705 ], [ -73.08174, 44.36998 ], [ -73.08061, 44.36967 ], [ -73.08076, 44.36923 ], [ -73.08107, 44.36905 ], [ -73.08104, 44.36886 ], [ -73.08079, 44.36873 ], [ -73.08077, 44.36848 ], [ -73.08096, 44.36832 ], [ -73.08092, 44.36779 ], [ -73.08118, 44.36773 ], [ -73.08072, 44.36657 ], [ -73.07996, 44.36685 ], [ -73.07991, 44.3671 ], [ -73.08006, 44.36733 ], [ -73.0804, 44.36741 ], [ -73.08018, 44.36766 ], [ -73.08015, 44.36808 ], [ -73.07974, 44.36809 ], [ -73.07966, 44.36823 ], [ -73.07925, 44.36817 ], [ -73.07916, 44.3676 ], [ -73.07926, 44.36747 ], [ -73.07882, 44.36722 ], [ -73.0789, 44.36685 ], [ -73.07859, 44.36609 ], [ -73.07897, 44.36553 ], [ -73.07878, 44.36509 ], [ -73.07921, 44.36501 ], [ -73.08011, 44.36406 ], [ -73.08072, 44.36391 ], [ -73.08113, 44.36331 ], [ -73.08141, 44.36328 ], [ -73.08161, 44.36295 ], [ -73.08198, 44.36276 ], [ -73.08206, 44.36245 ], [ -73.08261, 44.3622 ] ] } },
{ "type": "Feature", "properties": { "lake": "Iroquois", "depth": 10 }, "geometry": { "type": "LineString", "coordinates": [ [ -73.08268, 44.36188 ], [ -73.08325, 44.36208 ], [ -73.0837, 44.36283 ], [ -73.08406, 44.36288 ], [ -73.08427, 44.36308 ], [ -73.0848, 44.36311 ], [ -73.08484, 44.36333 ], [ -73.08533, 44.36343 ], [ -73.08565, 44.36411 ], [ -73.0859, 44.36411 ], [ -73.08629, 44.36446 ], [ -73.08632, 44.36515 ], [ -73.08696, 44.36607 ], [ -73.0868, 44.36615 ], [ -73.08678, 44.36653 ], [ -73.08708, 44.36721 ], [ -73.08691, 44.36741 ], [ -73.08716, 44.36767 ], [ -73.08723, 44.36854 ], [ -73.08766, 44.36923 ], [ -73.0877, 44.36974 ], [ -73.08849, 44.37099 ], [ -73.08847, 44.37137 ], [ -73.08798, 44.37192 ], [ -73.08756, 44.37212 ], [ -73.08772, 44.37244 ], [ -73.08742, 44.37288 ], [ -73.08761, 44.37313 ], [ -73.08747, 44.37357 ], [ -73.08757, 44.37376 ], [ -73.08699, 44.37388 ], [ -73.08718, 44.37464 ], [ -73.0871, 44.37483 ], [ -73.08725, 44.37507 ], [ -73.08753, 44.37513 ], [ -73.08747, 44.37558 ], [ -73.08773, 44.37608 ], [ -73.08804, 44.37621 ], [ -73.08786, 44.37684 ], [ -73.08635, 44.37685 ], [ -73.08614, 44.37573 ], [ -73.08553, 44.37574 ], [ -73.08521, 44.37545 ], [ -73.0848, 44.37541 ], [ -73.08387, 44.37464 ], [ -73.08361, 44.37379 ], [ -73.08339, 44.37363 ], [ -73.08327, 44.37307 ], [ -73.08338, 44.37282 ], [ -73.08313, 44.37212 ], [ -73.08275, 44.37175 ], [ -73.08256, 44.37074 ], [ -73.08227, 44.37046 ], [ -73.08043, 44.37022 ], [ -73.07986, 44.36991 ], [ -73.07974, 44.3693 ], [ -73.08002, 44.3694 ], [ -73.08023, 44.36921 ], [ -73.08043, 44.36932 ], [ -73.08065, 44.36923 ], [ -73.08066, 44.36848 ], [ -73.08085, 44.3681 ], [ -73.08076, 44.36712 ], [ -73.08054, 44.36716 ], [ -73.08051, 44.36779 ], [ -73.08019, 44.3682 ], [ -73.0799, 44.36831 ], [ -73.079, 44.36845 ], [ -73.0783, 44.36766 ], [ -73.07843, 44.36747 ], [ -73.07832, 44.36672 ], [ -73.07869, 44.36578 ], [ -73.07858, 44.36546 ], [ -73.0787, 44.36509 ], [ -73.07909, 44.36485 ], [ -73.07902, 44.36471 ], [ -73.07941, 44.36431 ], [ -73.07979, 44.36421 ], [ -73.07986, 44.36388 ], [ -73.08096, 44.3634 ], [ -73.08112, 44.36289 ], [ -73.08174, 44.3627 ], [ -73.08206, 44.36208 ], [ -73.08268, 44.36188 ] ] } },
{ "type": "Feature", "properties": { "lake": "Iroquois", "depth": 5 }, "geometry": { "type": "LineString", "coordinates": [ [ -73.08351, 44.36144 ], [ -73.08389, 44.36157 ], [ -73.08382, 44.36197 ], [ -73.08351, 44.36207 ], [ -73.08357, 44.36243 ], [ -73.0841, 44.36278 ], [ -73.08521, 44.36304 ], [ -73.08571, 44.36408 ], [ -73.08594, 44.3641 ], [ -73.08647, 44.3646 ], [ -73.08654, 44.36521 ], [ -73.08701, 44.3659 ], [ -73.087, 44.36659 ], [ -73.08733, 44.36729 ], [ -73.08725, 44.36791 ], [ -73.08741, 44.36798 ], [ -73.08746, 44.36835 ], [ -73.08768, 44.36861 ], [ -73.08759, 44.36898 ], [ -73.08861, 44.37099 ], [ -73.08858, 44.37156 ], [ -73.08782, 44.373 ], [ -73.08798, 44.37432 ], [ -73.08771, 44.37439 ], [ -73.08792, 44.37458 ], [ -73.0879, 44.37509 ], [ -73.08829, 44.37539 ], [ -73.0887, 44.37546 ], [ -73.08904, 44.37594 ], [ -73.0892, 44.37709 ], [ -73.08911, 44.37734 ], [ -73.08887, 44.3774 ], [ -73.0888, 44.37772 ], [ -73.08814, 44.37775 ], [ -73.08828, 44.37822 ], [ -73.08851, 44.37841 ], [ -73.0881, 44.37861 ], [ -73.08749, 44.37857 ], [ -73.08655, 44.37884 ], [ -73.08586, 44.37877 ], [ -73.08536, 44.37847 ], [ -73.08547, 44.37803 ], [ -73.08535, 44.37759 ], [ -73.08511, 44.37747 ], [ -73.08508, 44.37722 ], [ -73.08472, 44.37706 ], [ -73.08453, 44.37602 ], [ -73.08426, 44.37571 ], [ -73.08419, 44.37528 ], [ -73.08406, 44.37511 ], [ -73.08369, 44.37508 ], [ -73.08354, 44.37476 ], [ -73.08355, 44.3742 ], [ -73.0833, 44.37363 ], [ -73.08339, 44.37351 ], [ -73.08292, 44.37216 ], [ -73.08251, 44.37172 ], [ -73.08243, 44.37083 ], [ -73.08198, 44.3705 ], [ -73.08121, 44.37038 ], [ -73.08091, 44.37037 ], [ -73.08072, 44.37062 ], [ -73.08051, 44.37061 ], [ -73.08015, 44.37027 ], [ -73.07974, 44.37019 ], [ -73.07927, 44.36967 ], [ -73.07949, 44.36879 ], [ -73.0786, 44.36886 ], [ -73.07868, 44.36836 ], [ -73.07822, 44.36766 ], [ -73.07822, 44.36685 ], [ -73.07856, 44.3659 ], [ -73.07855, 44.36528 ], [ -73.07916, 44.36446 ], [ -73.0797, 44.3641 ], [ -73.07986, 44.3638 ], [ -73.08084, 44.36331 ], [ -73.08113, 44.36263 ], [ -73.08174, 44.36248 ], [ -73.08206, 44.36189 ], [ -73.08263, 44.36161 ], [ -73.083, 44.36184 ], [ -73.08326, 44.36182 ], [ -73.08351, 44.36144 ] ] } },
{ "type": "Feature", "properties": { "lake": "Island", "depth": 20 }, "geometry": { "type": "LineString", "coordinates": [ [ -71.87041, 44.81176 ], [ -71.87029, 44.81194 ], [ -71.87059, 44.81256 ], [ -71.87088, 44.81248 ], [ -71.87138, 44.81285 ], [ -71.87166, 44.81271 ], [ -71.87138, 44.81195 ], [ -71.87041, 44.81176 ] ] } },
{ "type": "Feature", "properties": { "lake": "Island", "depth": 5 }, "geometry": { "type": "LineString", "coordinates": [ [ -71.86732, 44.80683 ], [ -71.86707, 44.80708 ], [ -71.86713, 44.80793 ], [ -71.86773, 44.81001 ], [ -71.86842, 44.81024 ], [ -71.8689, 44.81067 ], [ -71.8695, 44.81077 ], [ -71.86995, 44.81063 ], [ -71.87049, 44.80924 ], [ -71.87033, 44.80878 ], [ -71.86882, 44.80714 ], [ -71.86762, 44.80708 ], [ -71.86732, 44.80683 ] ] } },
{ "type": "Feature", "properties": { "lake": "Island", "depth": 10 }, "geometry": { "type": "LineString", "coordinates": [ [ -71.86724, 44.80676 ], [ -71.86691, 44.80685 ], [ -71.8669, 44.80731 ], [ -71.8673, 44.80924 ], [ -71.86758, 44.8097 ], [ -71.86749, 44.80986 ], [ -71.86898, 44.81078 ], [ -71.8695, 44.81085 ], [ -71.86995, 44.8107 ], [ -71.8706, 44.80955 ], [ -71.87042, 44.8087 ], [ -71.86905, 44.80716 ], [ -71.86724, 44.80676 ] ] } },
{ "type": "Feature", "properties": { "lake": "Island", "depth": 20 }, "geometry": { "type": "LineString", "coordinates": [ [ -71.86657, 44.80621 ], [ -71.86614, 44.80662 ], [ -71.86657, 44.80744 ], [ -71.86687, 44.80747 ], [ -71.86679, 44.8077 ], [ -71.86701, 44.80824 ], [ -71.86675, 44.80878 ], [ -71.86754, 44.81006 ], [ -71.86886, 44.81086 ], [ -71.86958, 44.81099 ], [ -71.86995, 44.8109 ], [ -71.87048, 44.81039 ], [ -71.87088, 44.81032 ], [ -71.87115, 44.81009 ], [ -71.87103, 44.80986 ], [ -71.87115, 44.80932 ], [ -71.87078, 44.80875 ], [ -71.8697, 44.80785 ], [ -71.86962, 44.80747 ], [ -71.8692, 44.8071 ], [ -71.86852, 44.80691 ], [ -71.86762, 44.80629 ], [ -71.86657, 44.80621 ] ] } },
{ "type": "Feature", "properties": { "lake": "Island", "depth": 30 }, "geometry": { "type": "LineString", "coordinates": [ [ -71.86657, 44.8059 ], [ -71.8659, 44.80646 ], [ -71.8659, 44.80662 ], [ -71.86624, 44.80693 ], [ -71.86665, 44.80801 ], [ -71.86653, 44.80824 ], [ -71.86669, 44.80855 ], [ -71.8665, 44.80909 ], [ -71.86724, 44.80965 ], [ -71.86747, 44.81012 ], [ -71.86875, 44.81089 ], [ -71.86928, 44.81094 ], [ -71.8695, 44.81122 ], [ -71.87078, 44.81055 ], [ -71.87123, 44.81055 ], [ -71.87139, 44.8104 ], [ -71.87153, 44.81017 ], [ -71.87134, 44.80932 ], [ -71.87078, 44.8083 ], [ -71.87055, 44.80824 ], [ -71.87041, 44.80795 ], [ -71.8698, 44.80771 ], [ -71.86988, 44.80747 ], [ -71.8692, 44.80689 ], [ -71.86852, 44.80673 ], [ -71.86759, 44.80608 ], [ -71.86657, 44.8059 ] ] } },
{ "type": "Feature", "properties": { "lake": "Island", "depth": 50 }, "geometry": { "type": "LineString", "coordinates": [ [ -71.86318, 44.80415 ], [ -71.86333, 44.8041 ], [ -71.86416, 44.80456 ], [ -71.86449, 44.80507 ], [ -71.8655, 44.80731 ], [ -71.86541, 44.80816 ], [ -71.86566, 44.80878 ], [ -71.86498, 44.80882 ], [ -71.86453, 44.80846 ], [ -71.864, 44.80839 ], [ -71.86303, 44.80744 ], [ -71.86287, 44.80662 ], [ -71.86243, 44.80639 ], [ -71.86226, 44.80492 ], [ -71.86318, 44.80415 ] ] } },
{ "type": "Feature", "properties": { "lake": "Island", "depth": 20 }, "geometry": { "type": "LineString", "coordinates": [ [ -71.86325, 44.80148 ], [ -71.86316, 44.80183 ], [ -71.8634, 44.80209 ], [ -71.86449, 44.80276 ], [ -71.86459, 44.80237 ], [ -71.86416, 44.80184 ], [ -71.8637, 44.80146 ], [ -71.86325, 44.80148 ] ] } },
{ "type": "Feature", "properties": { "lake": "Island", "depth": 30 }, "geometry": { "type": "LineString", "coordinates": [ [ -71.87015, 44.80106 ], [ -71.87086, 44.80114 ], [ -71.87161, 44.80101 ], [ -71.87221, 44.80118 ], [ -71.87322, 44.80199 ], [ -71.8739, 44.8023 ], [ -71.87432, 44.80285 ], [ -71.87483, 44.80315 ], [ -71.87545, 44.80407 ], [ -71.87553, 44.80477 ], [ -71.87583, 44.80512 ], [ -71.87626, 44.80623 ], [ -71.87681, 44.80646 ], [ -71.87705, 44.80723 ], [ -71.8766, 44.80777 ], [ -71.87644, 44.80831 ], [ -71.87653, 44.80924 ], [ -71.87676, 44.80963 ], [ -71.87662, 44.81009 ], [ -71.87769, 44.81179 ], [ -71.87741, 44.81225 ], [ -71.87658, 44.81258 ], [ -71.87545, 44.81278 ], [ -71.8747, 44.81287 ], [ -71.87379, 44.81277 ], [ -71.87251, 44.8124 ], [ -71.87191, 44.81195 ], [ -71.87151, 44.81186 ], [ -71.8714, 44.81163 ], [ -71.87025, 44.81137 ], [ -71.86961, 44.81194 ], [ -71.86958, 44.81316 ], [ -71.86928, 44.81325 ], [ -71.868, 44.81295 ], [ -71.86738, 44.81263 ], [ -71.86559, 44.8098 ], [ -71.86393, 44.80887 ], [ -71.86167, 44.80889 ], [ -71.86117, 44.80824 ], [ -71.86117, 44.80793 ], [ -71.86032, 44.80767 ], [ -71.85973, 44.807 ], [ -71.85972, 44.80685 ], [ -71.86032, 44.80634 ], [ -71.86107, 44.8065 ], [ -71.86192, 44.80646 ], [ -71.8615, 44.80623 ], [ -71.8613, 44.80577 ], [ -71.86103, 44.80569 ], [ -71.86145, 44.80495 ], [ -71.86138, 44.80407 ], [ -71.86172, 44.80361 ], [ -71.86131, 44.80307 ], [ -71.86125, 44.80268 ], [ -71.86105, 44.80261 ], [ -71.86099, 44.80207 ], [ -71.86069, 44.80194 ], [ -71.86079, 44.80153 ], [ -71.86122, 44.80129 ], [ -71.86182, 44.80127 ], [ -71.8634, 44.80261 ], [ -71.86506, 44.8032 ], [ -71.86532, 44.80315 ], [ -71.86543, 44.80284 ], [ -71.86527, 44.80199 ], [ -71.86589, 44.80179 ], [ -71.86625, 44.80207 ], [ -71.86657, 44.80202 ], [ -71.86694, 44.80234 ], [ -71.86739, 44.80244 ], [ -71.86928, 44.8038 ], [ -71.86995, 44.804 ], [ -71.87078, 44.80367 ], [ -71.87093, 44.80315 ], [ -71.87159, 44.80276 ], [ -71.87098, 44.80191 ], [ -71.87039, 44.80168 ], [ -71.87004, 44.80129 ], [ -71.87015, 44.80106 ] ] } },
{ "type": "Feature", "properties": { "lake": "Island", "depth": 10 }, "geometry": { "type": "LineString", "coordinates": [ [ -71.86717, 44.80051 ], [ -71.86693, 44.80075 ], [ -71.86709, 44.80126 ], [ -71.86807, 44.80229 ], [ -71.86855, 44.80268 ], [ -71.86882, 44.80268 ], [ -71.86864, 44.80183 ], [ -71.8683, 44.80164 ], [ -71.86785, 44.80091 ], [ -71.86717, 44.80051 ] ] } },
{ "type": "Feature", "properties": { "lake": "Island", "depth": 30 }, "geometry": { "type": "LineString", "coordinates": [ [ -71.8682, 44.79983 ], [ -71.86822, 44.79977 ], [ -71.86908, 44.80037 ], [ -71.86852, 44.8003 ], [ -71.8682, 44.79983 ] ] } },
{ "type": "Feature", "properties": { "lake": "Island", "depth": 20 }, "geometry": { "type": "LineString", "coordinates": [ [ -71.86769, 44.79972 ], [ -71.86619, 44.80004 ], [ -71.86575, 44.80045 ], [ -71.86633, 44.80099 ], [ -71.86626, 44.80137 ], [ -71.86664, 44.80148 ], [ -71.86928, 44.80356 ], [ -71.86982, 44.80361 ], [ -71.86998, 44.8033 ], [ -71.86933, 44.80276 ], [ -71.86896, 44.80176 ], [ -71.86852, 44.80137 ], [ -71.86804, 44.80037 ], [ -71.868, 44.79983 ], [ -71.86769, 44.79972 ] ] } },
{ "type": "Feature", "properties": { "lake": "Island", "depth": 20 }, "geometry": { "type": "LineString", "coordinates": [ [ -71.86385, 44.79535 ], [ -71.86368, 44.79597 ], [ -71.86385, 44.79619 ], [ -71.86423, 44.79651 ], [ -71.8655, 44.79682 ], [ -71.86529, 44.7963 ], [ -71.86461, 44.79595 ], [ -71.86453, 44.79529 ], [ -71.86385, 44.79535 ] ] } },
{ "type": "Feature", "properties": { "lake": "Island", "depth": 5 }, "geometry": { "type": "LineString", "coordinates": [ [ -71.86083, 44.79397 ], [ -71.86122, 44.79404 ], [ -71.86121, 44.79443 ], [ -71.86149, 44.79458 ], [ -71.86107, 44.79489 ], [ -71.86062, 44.79596 ], [ -71.85994, 44.79603 ], [ -71.86005, 44.79589 ], [ -71.85994, 44.79583 ], [ -71.85836, 44.79517 ], [ -71.85837, 44.79505 ], [ -71.85889, 44.79495 ], [ -71.85888, 44.79474 ], [ -71.85955, 44.79458 ], [ -71.85979, 44.79427 ], [ -71.86083, 44.79397 ] ] } },
{ "type": "Feature", "properties": { "lake": "Island", "depth": 20 }, "geometry": { "type": "LineString", "coordinates": [ [ -71.86309, 44.79343 ], [ -71.86446, 44.7935 ], [ -71.86475, 44.79373 ], [ -71.86507, 44.79443 ], [ -71.86618, 44.79528 ], [ -71.86649, 44.79534 ], [ -71.86754, 44.79643 ], [ -71.86769, 44.79683 ], [ -71.868, 44.79696 ], [ -71.8683, 44.79689 ], [ -71.86865, 44.79713 ], [ -71.86866, 44.79775 ], [ -71.86829, 44.79852 ], [ -71.86847, 44.79921 ], [ -71.86928, 44.7998 ], [ -71.87041, 44.80012 ], [ -71.87056, 44.80032 ], [ -71.87138, 44.8 ], [ -71.87229, 44.80052 ], [ -71.87287, 44.80099 ], [ -71.87319, 44.80173 ], [ -71.87377, 44.80191 ], [ -71.87432, 44.80272 ], [ -71.87495, 44.80315 ], [ -71.87516, 44.80361 ], [ -71.87583, 44.80417 ], [ -71.87628, 44.80518 ], [ -71.87658, 44.80547 ], [ -71.87722, 44.80708 ], [ -71.87705, 44.80747 ], [ -71.87696, 44.80878 ], [ -71.87668, 44.80909 ], [ -71.87693, 44.81024 ], [ -71.87756, 44.81138 ], [ -71.87891, 44.81232 ], [ -71.87929, 44.81288 ], [ -71.87929, 44.81318 ], [ -71.87824, 44.81351 ], [ -71.87718, 44.8136 ], [ -71.8765, 44.81406 ], [ -71.87507, 44.81339 ], [ -71.87417, 44.81331 ], [ -71.87335, 44.81356 ], [ -71.87284, 44.81426 ], [ -71.87184, 44.81406 ], [ -71.87056, 44.81427 ], [ -71.86973, 44.8136 ], [ -71.86823, 44.81318 ], [ -71.8673, 44.81271 ], [ -71.86569, 44.8104 ], [ -71.86557, 44.80993 ], [ -71.86475, 44.80955 ], [ -71.86453, 44.80926 ], [ -71.8634, 44.80892 ], [ -71.8628, 44.80903 ], [ -71.8625, 44.80894 ], [ -71.86205, 44.80912 ], [ -71.86155, 44.80901 ], [ -71.86107, 44.80871 ], [ -71.86099, 44.80815 ], [ -71.85976, 44.80754 ], [ -71.85952, 44.80685 ], [ -71.86012, 44.80623 ], [ -71.86062, 44.80616 ], [ -71.86107, 44.8064 ], [ -71.86136, 44.80631 ], [ -71.86114, 44.80601 ], [ -71.86092, 44.80596 ], [ -71.86062, 44.80615 ], [ -71.86045, 44.806 ], [ -71.86119, 44.80531 ], [ -71.86127, 44.80484 ], [ -71.86113, 44.80469 ], [ -71.86118, 44.8043 ], [ -71.86093, 44.80392 ], [ -71.86106, 44.80369 ], [ -71.86095, 44.80268 ], [ -71.86047, 44.80217 ], [ -71.86001, 44.80224 ], [ -71.85996, 44.80199 ], [ -71.86024, 44.80122 ], [ -71.86029, 44.80037 ], [ -71.86055, 44.79998 ], [ -71.86069, 44.7985 ], [ -71.86167, 44.79863 ], [ -71.86205, 44.79884 ], [ -71.86227, 44.79838 ], [ -71.86267, 44.79836 ], [ -71.86282, 44.79821 ], [ -71.86265, 44.79819 ], [ -71.86254, 44.7979 ], [ -71.86237, 44.79628 ], [ -71.8621, 44.79589 ], [ -71.86191, 44.79481 ], [ -71.86205, 44.7942 ], [ -71.86309, 44.79343 ] ] } },
{ "type": "Feature", "properties": { "lake": "Island", "depth": 10 }, "geometry": { "type": "LineString", "coordinates": [ [ -71.86397, 44.79304 ], [ -71.86545, 44.7935 ], [ -71.86571, 44.79373 ], [ -71.86577, 44.79412 ], [ -71.86619, 44.79474 ], [ -71.86649, 44.79488 ], [ -71.86743, 44.79613 ], [ -71.86906, 44.79713 ], [ -71.86919, 44.79736 ], [ -71.86852, 44.79886 ], [ -71.86863, 44.79913 ], [ -71.86897, 44.79945 ], [ -71.8698, 44.79974 ], [ -71.87041, 44.79978 ], [ -71.87116, 44.79961 ], [ -71.87146, 44.79971 ], [ -71.87274, 44.8006 ], [ -71.87358, 44.80168 ], [ -71.87424, 44.80224 ], [ -71.87432, 44.80257 ], [ -71.8747, 44.80301 ], [ -71.87507, 44.80304 ], [ -71.87552, 44.80373 ], [ -71.87619, 44.8043 ], [ -71.87643, 44.80484 ], [ -71.87637, 44.80507 ], [ -71.8769, 44.80554 ], [ -71.87742, 44.80685 ], [ -71.87742, 44.8077 ], [ -71.87698, 44.80909 ], [ -71.87694, 44.8097 ], [ -71.87741, 44.81094 ], [ -71.87786, 44.81148 ], [ -71.87816, 44.81148 ], [ -71.87824, 44.81175 ], [ -71.87862, 44.81179 ], [ -71.87956, 44.81248 ], [ -71.87972, 44.81318 ], [ -71.87945, 44.81364 ], [ -71.87824, 44.81377 ], [ -71.87778, 44.81407 ], [ -71.87763, 44.814 ], [ -71.87703, 44.81452 ], [ -71.87696, 44.81478 ], [ -71.87628, 44.81458 ], [ -71.87583, 44.81406 ], [ -71.8747, 44.81383 ], [ -71.87405, 44.81387 ], [ -71.87274, 44.81444 ], [ -71.87048, 44.81432 ], [ -71.87003, 44.81413 ], [ -71.86973, 44.81374 ], [ -71.8689, 44.81364 ], [ -71.86769, 44.81315 ], [ -71.86709, 44.81273 ], [ -71.86592, 44.81094 ], [ -71.86539, 44.81047 ], [ -71.86532, 44.81009 ], [ -71.86461, 44.8096 ], [ -71.86452, 44.80939 ], [ -71.8634, 44.809 ], [ -71.86205, 44.80927 ], [ -71.86092, 44.80896 ], [ -71.86039, 44.80831 ], [ -71.85945, 44.80762 ], [ -71.85951, 44.80731 ], [ -71.85929, 44.80685 ], [ -71.85986, 44.80615 ], [ -71.85994, 44.80545 ], [ -71.86015, 44.80515 ], [ -71.86077, 44.80499 ], [ -71.86101, 44.80461 ], [ -71.86076, 44.80392 ], [ -71.86088, 44.80376 ], [ -71.86077, 44.80315 ], [ -71.85986, 44.80284 ], [ -71.85954, 44.80253 ], [ -71.85956, 44.80154 ], [ -71.8602, 44.79998 ], [ -71.85992, 44.79929 ], [ -71.85994, 44.79878 ], [ -71.86032, 44.79821 ], [ -71.86084, 44.79787 ], [ -71.86104, 44.79744 ], [ -71.86145, 44.79729 ], [ -71.8617, 44.79651 ], [ -71.86151, 44.79589 ], [ -71.8617, 44.79543 ], [ -71.86157, 44.79505 ], [ -71.86182, 44.79474 ], [ -71.8619, 44.79389 ], [ -71.86227, 44.79347 ], [ -71.86273, 44.79327 ], [ -71.86397, 44.79304 ] ] } },
{ "type": "Feature", "properties": { "lake": "Island", "depth": 5 }, "geometry": { "type": "LineString", "coordinates": [ [ -71.86395, 44.79281 ], [ -71.86506, 44.79313 ], [ -71.86544, 44.79296 ], [ -71.86604, 44.79301 ], [ -71.86664, 44.79343 ], [ -71.86649, 44.79451 ], [ -71.86677, 44.79497 ], [ -71.86767, 44.7962 ], [ -71.86851, 44.79643 ], [ -71.8686, 44.79665 ], [ -71.86882, 44.79656 ], [ -71.86936, 44.79736 ], [ -71.8692, 44.79798 ], [ -71.86875, 44.79859 ], [ -71.86895, 44.79921 ], [ -71.8695, 44.79953 ], [ -71.87116, 44.79948 ], [ -71.87174, 44.79967 ], [ -71.87284, 44.80045 ], [ -71.87357, 44.80148 ], [ -71.87418, 44.80191 ], [ -71.87432, 44.80231 ], [ -71.87478, 44.80268 ], [ -71.87473, 44.80284 ], [ -71.87507, 44.80291 ], [ -71.87552, 44.80351 ], [ -71.87609, 44.80392 ], [ -71.87683, 44.80531 ], [ -71.87739, 44.806 ], [ -71.8775, 44.80646 ], [ -71.87759, 44.80762 ], [ -71.87738, 44.80878 ], [ -71.87717, 44.80916 ], [ -71.87748, 44.80963 ], [ -71.87747, 44.81086 ], [ -71.87835, 44.81171 ], [ -71.87974, 44.81217 ], [ -71.88002, 44.8124 ], [ -71.88002, 44.81263 ], [ -71.87981, 44.81271 ], [ -71.87974, 44.81372 ], [ -71.87899, 44.81402 ], [ -71.87811, 44.8141 ], [ -71.87748, 44.81452 ], [ -71.87741, 44.81488 ], [ -71.8768, 44.81519 ], [ -71.87552, 44.81515 ], [ -71.87498, 44.81464 ], [ -71.87319, 44.8148 ], [ -71.87179, 44.81441 ], [ -71.87048, 44.81436 ], [ -71.86742, 44.8131 ], [ -71.86656, 44.81225 ], [ -71.86483, 44.80972 ], [ -71.86416, 44.80937 ], [ -71.86333, 44.8092 ], [ -71.86205, 44.80934 ], [ -71.86077, 44.80908 ], [ -71.86002, 44.80862 ], [ -71.85986, 44.80817 ], [ -71.85919, 44.80766 ], [ -71.85917, 44.80685 ], [ -71.85976, 44.80585 ], [ -71.85993, 44.80507 ], [ -71.86059, 44.80477 ], [ -71.86078, 44.80369 ], [ -71.86054, 44.8032 ], [ -71.85974, 44.80307 ], [ -71.85926, 44.80281 ], [ -71.85912, 44.80253 ], [ -71.85907, 44.80183 ], [ -71.8594, 44.80106 ], [ -71.85961, 44.80091 ], [ -71.85963, 44.80029 ], [ -71.85986, 44.79998 ], [ -71.85988, 44.79952 ], [ -71.85962, 44.79921 ], [ -71.85968, 44.79867 ], [ -71.85988, 44.79844 ], [ -71.85979, 44.79829 ], [ -71.86002, 44.79767 ], [ -71.86056, 44.79728 ], [ -71.86069, 44.79688 ], [ -71.861, 44.79667 ], [ -71.86124, 44.79589 ], [ -71.8611, 44.79543 ], [ -71.86145, 44.79522 ], [ -71.86146, 44.79489 ], [ -71.86162, 44.79481 ], [ -71.86148, 44.79451 ], [ -71.86193, 44.7935 ], [ -71.86395, 44.79281 ] ] } },
{ "type": "Feature", "properties": { "lake": "Joes (Danvll)", "depth": 10 }, "geometry": { "type": "LineString", "coordinates": [ [ -72.22354, 44.4194 ], [ -72.22471, 44.42004 ], [ -72.2246, 44.42036 ], [ -72.22361, 44.42023 ], [ -72.22329, 44.41997 ], [ -72.2233, 44.41966 ], [ -72.22354, 44.4194 ] ] } },
{ "type": "Feature", "properties": { "lake": "Joes (Danvll)", "depth": 5 }, "geometry": { "type": "LineString", "coordinates": [ [ -72.22422, 44.41873 ], [ -72.22368, 44.41897 ], [ -72.22373, 44.41921 ], [ -72.22499, 44.41985 ], [ -72.22532, 44.41979 ], [ -72.2251, 44.41914 ], [ -72.22422, 44.41873 ] ] } },
{ "type": "Feature", "properties": { "lake": "Joes (Danvll)", "depth": 30 }, "geometry": { "type": "LineString", "coordinates": [ [ -72.22181, 44.41711 ], [ -72.22216, 44.41717 ], [ -72.22218, 44.41749 ], [ -72.22254, 44.41813 ], [ -72.22362, 44.41838 ], [ -72.22291, 44.41883 ], [ -72.22204, 44.41864 ], [ -72.22196, 44.41819 ], [ -72.22182, 44.41813 ], [ -72.22181, 44.41711 ] ] } },
{ "type": "Feature", "properties": { "lake": "Joes (Danvll)", "depth": 10 }, "geometry": { "type": "LineString", "coordinates": [ [ -72.22422, 44.41642 ], [ -72.22396, 44.41666 ], [ -72.22379, 44.41716 ], [ -72.22433, 44.4171 ], [ -72.22461, 44.41679 ], [ -72.2247, 44.41647 ], [ -72.22422, 44.41642 ] ] } },
{ "type": "Feature", "properties": { "lake": "Joes (Danvll)", "depth": 10 }, "geometry": { "type": "LineString", "coordinates": [ [ -72.22357, 44.41464 ], [ -72.22358, 44.41513 ], [ -72.22401, 44.41545 ], [ -72.22409, 44.4152 ], [ -72.2239, 44.41477 ], [ -72.22357, 44.41464 ] ] } },
{ "type": "Feature", "properties": { "lake": "Joes (Danvll)", "depth": 20 }, "geometry": { "type": "LineString", "coordinates": [ [ -72.22534, 44.41469 ], [ -72.22557, 44.41469 ], [ -72.22551, 44.41513 ], [ -72.22564, 44.41558 ], [ -72.22632, 44.41583 ], [ -72.22582, 44.4166 ], [ -72.2268, 44.41724 ], [ -72.22685, 44.41748 ], [ -72.22597, 44.41789 ], [ -72.22499, 44.41789 ], [ -72.22334, 44.41889 ], [ -72.22247, 44.41897 ], [ -72.22219, 44.41921 ], [ -72.22062, 44.41907 ], [ -72.22007, 44.4187 ], [ -72.22178, 44.41838 ], [ -72.22174, 44.41787 ], [ -72.22127, 44.4173 ], [ -72.22129, 44.41711 ], [ -72.22156, 44.41698 ], [ -72.2228, 44.41722 ], [ -72.22287, 44.41743 ], [ -72.22269, 44.41781 ], [ -72.22313, 44.41807 ], [ -72.22346, 44.41809 ], [ -72.22433, 44.41759 ], [ -72.2251, 44.41746 ], [ -72.22514, 44.41711 ], [ -72.2255, 44.41679 ], [ -72.2255, 44.4166 ], [ -72.22532, 44.41633 ], [ -72.22466, 44.41611 ], [ -72.22455, 44.4159 ], [ -72.22477, 44.41522 ], [ -72.22529, 44.41488 ], [ -72.22534, 44.41469 ] ] } },
{ "type": "Feature", "properties": { "lake": "Joes (Danvll)", "depth": 10 }, "geometry": { "type": "LineString", "coordinates": [ [ -72.22149, 44.4114 ], [ -72.22116, 44.41162 ], [ -72.22051, 44.41145 ], [ -72.22031, 44.41157 ], [ -72.22087, 44.41182 ], [ -72.22127, 44.41166 ], [ -72.2216, 44.41182 ], [ -72.22193, 44.41176 ], [ -72.22172, 44.41144 ], [ -72.22149, 44.4114 ] ] } },
{ "type": "Feature", "properties": { "lake": "Joes (Danvll)", "depth": 10 }, "geometry": { "type": "LineString", "coordinates": [ [ -72.22083, 44.41041 ], [ -72.22059, 44.41067 ], [ -72.22081, 44.41112 ], [ -72.22138, 44.41103 ], [ -72.22145, 44.41061 ], [ -72.22083, 44.41041 ] ] } },
{ "type": "Feature", "properties": { "lake": "Joes (Danvll)", "depth": 20 }, "geometry": { "type": "LineString", "coordinates": [ [ -72.20031, 44.40908 ], [ -72.20084, 44.40927 ], [ -72.20089, 44.40959 ], [ -72.20071, 44.40978 ], [ -72.20006, 44.40982 ], [ -72.19981, 44.40966 ], [ -72.19977, 44.40927 ], [ -72.20031, 44.40908 ] ] } },
{ "type": "Feature", "properties": { "lake": "Joes (Danvll)", "depth": 10 }, "geometry": { "type": "LineString", "coordinates": [ [ -72.20359, 44.40876 ], [ -72.20439, 44.40883 ], [ -72.20394, 44.40915 ], [ -72.20262, 44.40946 ], [ -72.20279, 44.40907 ], [ -72.20312, 44.40898 ], [ -72.20323, 44.40879 ], [ -72.20359, 44.40876 ] ] } },
{ "type": "Feature", "properties": { "lake": "Joes (Danvll)", "depth": 10 }, "geometry": { "type": "LineString", "coordinates": [ [ -72.20081, 44.40851 ], [ -72.20107, 44.40857 ], [ -72.20124, 44.40985 ], [ -72.20104, 44.40994 ], [ -72.19984, 44.41007 ], [ -72.1994, 44.40996 ], [ -72.1985, 44.40921 ], [ -72.19907, 44.4087 ], [ -72.20081, 44.40851 ] ] } },
{ "type": "Feature", "properties": { "lake": "Joes (Danvll)", "depth": 5 }, "geometry": { "type": "LineString", "coordinates": [ [ -72.19683, 44.40906 ], [ -72.19962, 44.40824 ], [ -72.20017, 44.40819 ], [ -72.20027, 44.40836 ], [ -72.20082, 44.40817 ], [ -72.20104, 44.40794 ], [ -72.20159, 44.4079 ], [ -72.20181, 44.40813 ], [ -72.2017, 44.40842 ], [ -72.20147, 44.40851 ], [ -72.20118, 44.40921 ], [ -72.20137, 44.40954 ], [ -72.20235, 44.40991 ], [ -72.20191, 44.41025 ], [ -72.20115, 44.40999 ], [ -72.19951, 44.41029 ], [ -72.19683, 44.4091 ] ] } },
{ "type": "Feature", "properties": { "lake": "Joes (Danvll)", "depth": 50 }, "geometry": { "type": "LineString", "coordinates": [ [ -72.21854, 44.4071 ], [ -72.2181, 44.40779 ], [ -72.21887, 44.40825 ], [ -72.21941, 44.40817 ], [ -72.21951, 44.408 ], [ -72.21922, 44.40711 ], [ -72.21854, 44.4071 ] ] } },
{ "type": "Feature", "properties": { "lake": "Joes (Danvll)", "depth": 20 }, "geometry": { "type": "LineString", "coordinates": [ [ -72.2081, 44.40692 ], [ -72.20913, 44.40739 ], [ -72.21045, 44.40743 ], [ -72.21001, 44.40774 ], [ -72.20913, 44.40779 ], [ -72.2088, 44.40814 ], [ -72.20785, 44.40825 ], [ -72.2076, 44.40865 ], [ -72.20716, 44.4088 ], [ -72.20673, 44.40811 ], [ -72.20507, 44.40755 ], [ -72.20515, 44.40717 ], [ -72.20662, 44.40693 ], [ -72.20687, 44.40717 ], [ -72.20676, 44.40743 ], [ -72.20637, 44.40762 ], [ -72.20646, 44.40787 ], [ -72.20716, 44.4079 ], [ -72.20762, 44.40717 ], [ -72.2081, 44.40692 ] ] } },
{ "type": "Feature", "properties": { "lake": "Joes (Danvll)", "depth": 5 }, "geometry": { "type": "LineString", "coordinates": [ [ -72.20593, 44.40685 ], [ -72.20837, 44.40681 ], [ -72.21044, 44.40715 ], [ -72.21083, 44.40749 ], [ -72.20977, 44.40819 ], [ -72.20946, 44.40874 ], [ -72.20793, 44.40899 ], [ -72.20716, 44.40957 ], [ -72.20673, 44.40962 ], [ -72.20629, 44.40941 ], [ -72.20621, 44.40902 ], [ -72.20572, 44.40864 ], [ -72.2053, 44.40855 ], [ -72.20476, 44.40878 ], [ -72.20443, 44.40919 ], [ -72.20246, 44.40953 ], [ -72.20257, 44.40902 ], [ -72.20356, 44.40845 ], [ -72.20372, 44.408 ], [ -72.20432, 44.40732 ], [ -72.20593, 44.40685 ] ] } },
{ "type": "Feature", "properties": { "lake": "Joes (Danvll)", "depth": 10 }, "geometry": { "type": "LineString", "coordinates": [ [ -72.20628, 44.40685 ], [ -72.20837, 44.40686 ], [ -72.21034, 44.4072 ], [ -72.21068, 44.40749 ], [ -72.20957, 44.40812 ], [ -72.20924, 44.4087 ], [ -72.20777, 44.40876 ], [ -72.20752, 44.40921 ], [ -72.20705, 44.40948 ], [ -72.2064, 44.40926 ], [ -72.20658, 44.40876 ], [ -72.20605, 44.40851 ], [ -72.20563, 44.40834 ], [ -72.20443, 44.40849 ], [ -72.2041, 44.40821 ], [ -72.20454, 44.40731 ], [ -72.20628, 44.40685 ] ] } },
{ "type": "Feature", "properties": { "lake": "Joes (Danvll)", "depth": 75 }, "geometry": { "type": "LineString", "coordinates": [ [ -72.22075, 44.40679 ], [ -72.22138, 44.40681 ], [ -72.22157, 44.40698 ], [ -72.22105, 44.40733 ], [ -72.22025, 44.40704 ], [ -72.2204, 44.40685 ], [ -72.22075, 44.40679 ] ] } },
{ "type": "Feature", "properties": { "lake": "Joes (Danvll)", "depth": 75 }, "geometry": { "type": "LineString", "coordinates": [ [ -72.21928, 44.4059 ], [ -72.22007, 44.40587 ], [ -72.22033, 44.40602 ], [ -72.22034, 44.40628 ], [ -72.22007, 44.40644 ], [ -72.21906, 44.40628 ], [ -72.21928, 44.4059 ] ] } },
{ "type": "Feature", "properties": { "lake": "Joes (Danvll)", "depth": 50 }, "geometry": { "type": "LineString", "coordinates": [ [ -72.22003, 44.40462 ], [ -72.22014, 44.4052 ], [ -72.22094, 44.40564 ], [ -72.22105, 44.40629 ], [ -72.22171, 44.40631 ], [ -72.22274, 44.40666 ], [ -72.22244, 44.40743 ], [ -72.22204, 44.4077 ], [ -72.22193, 44.40807 ], [ -72.22127, 44.40883 ], [ -72.22128, 44.40908 ], [ -72.22015, 44.40927 ], [ -72.21988, 44.41004 ], [ -72.21952, 44.41007 ], [ -72.2193, 44.40985 ], [ -72.21821, 44.40954 ], [ -72.21766, 44.40952 ], [ -72.21733, 44.40967 ], [ -72.21679, 44.40952 ], [ -72.21653, 44.40934 ], [ -72.21646, 44.40853 ], [ -72.21569, 44.40814 ], [ -72.21558, 44.40791 ], [ -72.21509, 44.40787 ], [ -72.21487, 44.40768 ], [ -72.21493, 44.4074 ], [ -72.2158, 44.40736 ], [ -72.21766, 44.40632 ], [ -72.21799, 44.40629 ], [ -72.21855, 44.40571 ], [ -72.21887, 44.40498 ], [ -72.21936, 44.40469 ], [ -72.22003, 44.40462 ] ] } },
{ "type": "Feature", "properties": { "lake": "Joes (Danvll)", "depth": 20 }, "geometry": { "type": "LineString", "coordinates": [ [ -72.22074, 44.40354 ], [ -72.22182, 44.40359 ], [ -72.22262, 44.4043 ], [ -72.22269, 44.40507 ], [ -72.22301, 44.40552 ], [ -72.22292, 44.4059 ], [ -72.22342, 44.40615 ], [ -72.22354, 44.40692 ], [ -72.22385, 44.40711 ], [ -72.2238, 44.40787 ], [ -72.22436, 44.40857 ], [ -72.2249, 44.40966 ], [ -72.22515, 44.41029 ], [ -72.22506, 44.41048 ], [ -72.22561, 44.41093 ], [ -72.22554, 44.41118 ], [ -72.22501, 44.41118 ], [ -72.22453, 44.41169 ], [ -72.2246, 44.41201 ], [ -72.22506, 44.4122 ], [ -72.22488, 44.41235 ], [ -72.22357, 44.41224 ], [ -72.22302, 44.41171 ], [ -72.22216, 44.41163 ], [ -72.22199, 44.41138 ], [ -72.22216, 44.41112 ], [ -72.22204, 44.41084 ], [ -72.22237, 44.41073 ], [ -72.22324, 44.41116 ], [ -72.22372, 44.41112 ], [ -72.2239, 44.4108 ], [ -72.22379, 44.41053 ], [ -72.22291, 44.41033 ], [ -72.22062, 44.41031 ], [ -72.22007, 44.4109 ], [ -72.21972, 44.41074 ], [ -72.21952, 44.41173 ], [ -72.21861, 44.41163 ], [ -72.21818, 44.41138 ], [ -72.2181, 44.41086 ], [ -72.2171, 44.41067 ], [ -72.21689, 44.41023 ], [ -72.21617, 44.40978 ], [ -72.21606, 44.40934 ], [ -72.21569, 44.40903 ], [ -72.21493, 44.40873 ], [ -72.21473, 44.40851 ], [ -72.21329, 44.40825 ], [ -72.21262, 44.40794 ], [ -72.21323, 44.40743 ], [ -72.21504, 44.40687 ], [ -72.21602, 44.40673 ], [ -72.21799, 44.40578 ], [ -72.2181, 44.40526 ], [ -72.21871, 44.40475 ], [ -72.21929, 44.4038 ], [ -72.21971, 44.4036 ], [ -72.22074, 44.40354 ] ] } },
{ "type": "Feature", "properties": { "lake": "Joes (Danvll)", "depth": 30 }, "geometry": { "type": "LineString", "coordinates": [ [ -72.22083, 44.40354 ], [ -72.22138, 44.40437 ], [ -72.22215, 44.40447 ], [ -72.22199, 44.40494 ], [ -72.22244, 44.40602 ], [ -72.22269, 44.40623 ], [ -72.22325, 44.40634 ], [ -72.22346, 44.4073 ], [ -72.22338, 44.40781 ], [ -72.22377, 44.40845 ], [ -72.22433, 44.40889 ], [ -72.22443, 44.40966 ], [ -72.22422, 44.41002 ], [ -72.22411, 44.40997 ], [ -72.22468, 44.41036 ], [ -72.22476, 44.41074 ], [ -72.22458, 44.41093 ], [ -72.22409, 44.41055 ], [ -72.2241, 44.41023 ], [ -72.22368, 44.41008 ], [ -72.2216, 44.41006 ], [ -72.22083, 44.40988 ], [ -72.21985, 44.41054 ], [ -72.21908, 44.41005 ], [ -72.21851, 44.41029 ], [ -72.21733, 44.41031 ], [ -72.21624, 44.40957 ], [ -72.21626, 44.40927 ], [ -72.2158, 44.40878 ], [ -72.21493, 44.40826 ], [ -72.21367, 44.40813 ], [ -72.21322, 44.40794 ], [ -72.21469, 44.40711 ], [ -72.21624, 44.40679 ], [ -72.21777, 44.40609 ], [ -72.2181, 44.40585 ], [ -72.21816, 44.40552 ], [ -72.21859, 44.4052 ], [ -72.2193, 44.40397 ], [ -72.22083, 44.40354 ] ] } },
{ "type": "Feature", "properties": { "lake": "Joes (Danvll)", "depth": 10 }, "geometry": { "type": "LineString", "coordinates": [ [ -72.22047, 44.40348 ], [ -72.22193, 44.40345 ], [ -72.22297, 44.40443 ], [ -72.22335, 44.40586 ], [ -72.22412, 44.40724 ], [ -72.2242, 44.40825 ], [ -72.22536, 44.4094 ], [ -72.22545, 44.41061 ], [ -72.22586, 44.41103 ], [ -72.22666, 44.41138 ], [ -72.22656, 44.41195 ], [ -72.22667, 44.41214 ], [ -72.22641, 44.41284 ], [ -72.22685, 44.41313 ], [ -72.22713, 44.4136 ], [ -72.2263, 44.41407 ], [ -72.22623, 44.41431 ], [ -72.2272, 44.41494 ], [ -72.22729, 44.41608 ], [ -72.22663, 44.41641 ], [ -72.22696, 44.41676 ], [ -72.22738, 44.41685 ], [ -72.22738, 44.41724 ], [ -72.22757, 44.41743 ], [ -72.22751, 44.41775 ], [ -72.2263, 44.41803 ], [ -72.22602, 44.41845 ], [ -72.22597, 44.41885 ], [ -72.22502, 44.41889 ], [ -72.22444, 44.41852 ], [ -72.22351, 44.41896 ], [ -72.22346, 44.41923 ], [ -72.22293, 44.41927 ], [ -72.22237, 44.41957 ], [ -72.22202, 44.41953 ], [ -72.22196, 44.41966 ], [ -72.22229, 44.41978 ], [ -72.22193, 44.42 ], [ -72.22165, 44.41997 ], [ -72.22149, 44.4197 ], [ -72.22073, 44.41972 ], [ -72.21996, 44.41906 ], [ -72.21972, 44.41864 ], [ -72.21996, 44.4184 ], [ -72.22138, 44.41844 ], [ -72.22162, 44.41832 ], [ -72.22154, 44.41787 ], [ -72.22113, 44.41736 ], [ -72.22096, 44.41653 ], [ -72.22258, 44.41686 ], [ -72.22307, 44.41647 ], [ -72.22304, 44.4159 ], [ -72.2226, 44.41513 ], [ -72.22264, 44.41462 ], [ -72.22242, 44.41437 ], [ -72.22324, 44.41398 ], [ -72.22357, 44.41435 ], [ -72.2239, 44.41386 ], [ -72.22323, 44.41297 ], [ -72.22318, 44.41208 ], [ -72.22269, 44.4119 ], [ -72.22236, 44.41227 ], [ -72.22303, 44.41303 ], [ -72.2229, 44.41354 ], [ -72.22233, 44.4136 ], [ -72.22193, 44.41386 ], [ -72.22139, 44.4138 ], [ -72.22073, 44.41335 ], [ -72.22082, 44.41278 ], [ -72.22102, 44.41252 ], [ -72.2204, 44.41223 ], [ -72.21974, 44.41219 ], [ -72.21919, 44.41246 ], [ -72.21882, 44.41201 ], [ -72.21701, 44.41082 ], [ -72.21652, 44.41017 ], [ -72.21605, 44.40991 ], [ -72.21553, 44.40915 ], [ -72.21471, 44.40907 ], [ -72.21314, 44.40845 ], [ -72.21296, 44.40818 ], [ -72.21219, 44.40854 ], [ -72.21186, 44.40845 ], [ -72.21181, 44.40825 ], [ -72.21187, 44.4076 ], [ -72.21279, 44.40711 ], [ -72.21307, 44.40722 ], [ -72.21443, 44.40704 ], [ -72.21476, 44.40673 ], [ -72.21624, 44.4065 ], [ -72.21733, 44.40599 ], [ -72.21873, 44.40456 ], [ -72.21912, 44.4038 ], [ -72.21952, 44.40356 ], [ -72.22047, 44.40348 ] ] } },
{ "type": "Feature", "properties": { "lake": "Joes (Danvll)", "depth": 5 }, "geometry": { "type": "LineString", "coordinates": [ [ -72.22082, 44.40335 ], [ -72.22199, 44.40335 ], [ -72.2231, 44.40443 ], [ -72.22356, 44.40622 ], [ -72.22378, 44.40634 ], [ -72.22401, 44.40694 ], [ -72.22434, 44.4073 ], [ -72.22422, 44.40743 ], [ -72.22423, 44.40806 ], [ -72.22466, 44.4087 ], [ -72.22551, 44.4094 ], [ -72.22562, 44.41074 ], [ -72.2269, 44.41144 ], [ -72.22673, 44.41176 ], [ -72.22671, 44.41195 ], [ -72.22691, 44.41214 ], [ -72.22672, 44.41284 ], [ -72.22731, 44.41348 ], [ -72.22758, 44.41411 ], [ -72.22734, 44.4145 ], [ -72.22752, 44.41513 ], [ -72.22735, 44.41539 ], [ -72.22775, 44.41653 ], [ -72.22774, 44.41704 ], [ -72.22756, 44.41717 ], [ -72.22783, 44.41781 ], [ -72.22669, 44.418 ], [ -72.22634, 44.4187 ], [ -72.22662, 44.41921 ], [ -72.22562, 44.41997 ], [ -72.22543, 44.41997 ], [ -72.22551, 44.42023 ], [ -72.22532, 44.42047 ], [ -72.22477, 44.42047 ], [ -72.22422, 44.42074 ], [ -72.22379, 44.42064 ], [ -72.22204, 44.4209 ], [ -72.2216, 44.42077 ], [ -72.22139, 44.42042 ], [ -72.22105, 44.42033 ], [ -72.22032, 44.41972 ], [ -72.21966, 44.4187 ], [ -72.21967, 44.41845 ], [ -72.2201, 44.41819 ], [ -72.22062, 44.41838 ], [ -72.22147, 44.41838 ], [ -72.22153, 44.418 ], [ -72.22098, 44.41736 ], [ -72.22107, 44.41711 ], [ -72.22089, 44.41704 ], [ -72.22062, 44.41629 ], [ -72.22094, 44.41626 ], [ -72.22171, 44.41661 ], [ -72.22215, 44.41655 ], [ -72.2226, 44.41673 ], [ -72.22288, 44.41603 ], [ -72.22241, 44.41532 ], [ -72.22225, 44.41437 ], [ -72.22247, 44.41409 ], [ -72.2228, 44.41405 ], [ -72.22334, 44.41367 ], [ -72.22247, 44.41366 ], [ -72.22245, 44.4138 ], [ -72.22182, 44.41402 ], [ -72.22138, 44.41399 ], [ -72.22097, 44.4136 ], [ -72.22054, 44.41348 ], [ -72.22054, 44.41265 ], [ -72.21919, 44.41265 ], [ -72.21899, 44.41252 ], [ -72.21861, 44.41201 ], [ -72.2169, 44.41087 ], [ -72.21652, 44.41055 ], [ -72.21637, 44.41017 ], [ -72.21613, 44.41014 ], [ -72.21518, 44.40927 ], [ -72.21454, 44.40921 ], [ -72.21285, 44.40849 ], [ -72.21219, 44.40875 ], [ -72.21165, 44.40861 ], [ -72.21154, 44.40851 ], [ -72.21167, 44.40813 ], [ -72.21128, 44.40755 ], [ -72.21187, 44.4071 ], [ -72.21399, 44.40704 ], [ -72.21471, 44.4066 ], [ -72.21624, 44.40641 ], [ -72.21768, 44.40558 ], [ -72.21787, 44.40513 ], [ -72.21871, 44.4045 ], [ -72.21887, 44.40395 ], [ -72.21922, 44.4036 ], [ -72.22082, 44.40335 ] ] } },
{ "type": "Feature", "properties": { "lake": "Keiser", "depth": 10 }, "geometry": { "type": "LineString", "coordinates": [ [ -72.17395, 44.38557 ], [ -72.17412, 44.38557 ], [ -72.17439, 44.38598 ], [ -72.17515, 44.3865 ], [ -72.17514, 44.38675 ], [ -72.17475, 44.38688 ], [ -72.17462, 44.38718 ], [ -72.17438, 44.38722 ], [ -72.17382, 44.38699 ], [ -72.17374, 44.38688 ], [ -72.17391, 44.38669 ], [ -72.17379, 44.38645 ], [ -72.17314, 44.38598 ], [ -72.17319, 44.38572 ], [ -72.17395, 44.38557 ] ] } },
{ "type": "Feature", "properties": { "lake": "Keiser", "depth": 10 }, "geometry": { "type": "LineString", "coordinates": [ [ -72.1709, 44.38553 ], [ -72.17112, 44.38556 ], [ -72.17119, 44.38591 ], [ -72.17148, 44.38603 ], [ -72.17043, 44.38654 ], [ -72.16846, 44.38665 ], [ -72.1676, 44.38641 ], [ -72.16762, 44.38608 ], [ -72.16788, 44.38596 ], [ -72.16875, 44.38595 ], [ -72.16908, 44.38576 ], [ -72.17003, 44.38579 ], [ -72.1709, 44.38553 ] ] } },
{ "type": "Feature", "properties": { "lake": "Keiser", "depth": 5 }, "geometry": { "type": "LineString", "coordinates": [ [ -72.17383, 44.3853 ], [ -72.17434, 44.38538 ], [ -72.17561, 44.38645 ], [ -72.17552, 44.38672 ], [ -72.17571, 44.38687 ], [ -72.17558, 44.38702 ], [ -72.17611, 44.38719 ], [ -72.17612, 44.38776 ], [ -72.1757, 44.388 ], [ -72.17513, 44.38784 ], [ -72.17473, 44.3875 ], [ -72.1737, 44.38733 ], [ -72.17286, 44.38664 ], [ -72.17249, 44.3861 ], [ -72.1727, 44.38568 ], [ -72.17341, 44.38534 ], [ -72.17383, 44.3853 ] ] } },
{ "type": "Feature", "properties": { "lake": "Keiser", "depth": 5 }, "geometry": { "type": "LineString", "coordinates": [ [ -72.17079, 44.38498 ], [ -72.17124, 44.38498 ], [ -72.17188, 44.38549 ], [ -72.17202, 44.38604 ], [ -72.17189, 44.38625 ], [ -72.17013, 44.38692 ], [ -72.16959, 44.38669 ], [ -72.16751, 44.38676 ], [ -72.16714, 44.38653 ], [ -72.16718, 44.38611 ], [ -72.16746, 44.38599 ], [ -72.17001, 44.38552 ], [ -72.17079, 44.38498 ] ] } },
{ "type": "Feature", "properties": { "lake": "Kent", "depth": 10 }, "geometry": { "type": "LineString", "coordinates": [ [ -72.80014, 43.67311 ], [ -72.80125, 43.67331 ], [ -72.8021, 43.67325 ], [ -72.80355, 43.67416 ], [ -72.80344, 43.67444 ], [ -72.80373, 43.67471 ], [ -72.80382, 43.67517 ], [ -72.80443, 43.6753 ], [ -72.80432, 43.67536 ], [ -72.80451, 43.67566 ], [ -72.80447, 43.67596 ], [ -72.80495, 43.67612 ], [ -72.80467, 43.67641 ], [ -72.80495, 43.67652 ], [ -72.80504, 43.6771 ], [ -72.80539, 43.67717 ], [ -72.80539, 43.6775 ], [ -72.80578, 43.67747 ], [ -72.80562, 43.67742 ], [ -72.80575, 43.67724 ], [ -72.80596, 43.67749 ], [ -72.80657, 43.67758 ], [ -72.80643, 43.67771 ], [ -72.80652, 43.67782 ], [ -72.80615, 43.6779 ], [ -72.80644, 43.67826 ], [ -72.80628, 43.6785 ], [ -72.80603, 43.67849 ], [ -72.80599, 43.67878 ], [ -72.8047, 43.67911 ], [ -72.8045, 43.67935 ], [ -72.80315, 43.67949 ], [ -72.80271, 43.67939 ], [ -72.80223, 43.6788 ], [ -72.80111, 43.6782 ], [ -72.80084, 43.67761 ], [ -72.80008, 43.67715 ], [ -72.79983, 43.67642 ], [ -72.79934, 43.67636 ], [ -72.79949, 43.67617 ], [ -72.79934, 43.67579 ], [ -72.7999, 43.67517 ], [ -72.80022, 43.67441 ], [ -72.80002, 43.67344 ], [ -72.80002, 43.67314 ], [ -72.80014, 43.67311 ] ] } },
{ "type": "Feature", "properties": { "lake": "Kent", "depth": 5 }, "geometry": { "type": "LineString", "coordinates": [ [ -72.80073, 43.67284 ], [ -72.80132, 43.67317 ], [ -72.8021, 43.67305 ], [ -72.80271, 43.67356 ], [ -72.80366, 43.67378 ], [ -72.80359, 43.67404 ], [ -72.80399, 43.6741 ], [ -72.80491, 43.6747 ], [ -72.80531, 43.67465 ], [ -72.80557, 43.67501 ], [ -72.806, 43.67506 ], [ -72.80608, 43.67528 ], [ -72.80657, 43.67552 ], [ -72.80667, 43.67584 ], [ -72.80752, 43.67617 ], [ -72.80817, 43.67712 ], [ -72.80797, 43.67723 ], [ -72.80826, 43.67763 ], [ -72.80819, 43.6785 ], [ -72.80835, 43.67877 ], [ -72.80823, 43.67923 ], [ -72.80748, 43.67937 ], [ -72.80596, 43.67892 ], [ -72.80464, 43.6793 ], [ -72.80372, 43.68003 ], [ -72.80321, 43.67966 ], [ -72.80264, 43.6798 ], [ -72.80223, 43.67893 ], [ -72.80148, 43.67861 ], [ -72.80105, 43.67823 ], [ -72.80084, 43.67779 ], [ -72.79973, 43.67688 ], [ -72.79972, 43.67666 ], [ -72.79914, 43.67641 ], [ -72.79927, 43.67579 ], [ -72.80008, 43.67436 ], [ -72.79992, 43.67357 ], [ -72.79964, 43.67341 ], [ -72.79965, 43.67314 ], [ -72.80003, 43.67286 ], [ -72.80057, 43.67296 ], [ -72.80073, 43.67284 ] ] } },
{ "type": "Feature", "properties": { "lake": "Lily (Poulty)", "depth": 5 }, "geometry": { "type": "LineString", "coordinates": [ [ -73.20954, 43.49136 ], [ -73.20867, 43.49055 ], [ -73.2084, 43.49049 ], [ -73.20838, 43.49007 ], [ -73.20805, 43.48971 ] ] } },
{ "type": "Feature", "properties": { "lake": "Little Averill", "depth": 100 }, "geometry": { "type": "LineString", "coordinates": [ [ -71.71401, 44.94946 ], [ -71.71437, 44.94946 ], [ -71.7147, 44.94989 ], [ -71.71601, 44.95056 ], [ -71.71664, 44.95215 ], [ -71.71701, 44.95238 ], [ -71.71704, 44.95285 ], [ -71.71659, 44.9532 ], [ -71.71558, 44.95343 ], [ -71.71487, 44.95454 ], [ -71.71444, 44.95469 ], [ -71.71398, 44.95513 ], [ -71.7128, 44.95543 ], [ -71.71198, 44.95512 ], [ -71.71182, 44.95425 ], [ -71.71116, 44.95338 ], [ -71.71095, 44.95273 ], [ -71.71111, 44.95232 ], [ -71.71101, 44.95104 ], [ -71.71197, 44.94981 ], [ -71.71241, 44.94957 ], [ -71.71352, 44.94961 ], [ -71.71401, 44.94946 ] ] } },
{ "type": "Feature", "properties": { "lake": "Little Averill", "depth": 75 }, "geometry": { "type": "LineString", "coordinates": [ [ -71.71364, 44.94812 ], [ -71.71424, 44.94813 ], [ -71.71564, 44.9487 ], [ -71.7183, 44.95139 ], [ -71.71858, 44.95197 ], [ -71.71878, 44.95349 ], [ -71.71941, 44.95541 ], [ -71.7199, 44.95606 ], [ -71.72035, 44.95629 ], [ -71.72056, 44.9567 ], [ -71.72062, 44.95699 ], [ -71.72047, 44.95722 ], [ -71.71932, 44.95763 ], [ -71.7183, 44.95851 ], [ -71.71654, 44.95918 ], [ -71.71595, 44.9591 ], [ -71.71536, 44.95858 ], [ -71.71405, 44.95811 ], [ -71.713, 44.95834 ], [ -71.71242, 44.95827 ], [ -71.71216, 44.95763 ], [ -71.71158, 44.95722 ], [ -71.71162, 44.95652 ], [ -71.71116, 44.95512 ], [ -71.71111, 44.95425 ], [ -71.71048, 44.95349 ], [ -71.71034, 44.95296 ], [ -71.71045, 44.95255 ], [ -71.71022, 44.95203 ], [ -71.71019, 44.95139 ], [ -71.71052, 44.95045 ], [ -71.71175, 44.94886 ], [ -71.71229, 44.94853 ], [ -71.71364, 44.94812 ] ] } },
{ "type": "Feature", "properties": { "lake": "Little Averill", "depth": 50 }, "geometry": { "type": "LineString", "coordinates": [ [ -71.71382, 44.94754 ], [ -71.71464, 44.94757 ], [ -71.71601, 44.94825 ], [ -71.7167, 44.94876 ], [ -71.71687, 44.94913 ], [ -71.71745, 44.94946 ], [ -71.71765, 44.95016 ], [ -71.7188, 44.95098 ], [ -71.71943, 44.95197 ], [ -71.7196, 44.95255 ], [ -71.71961, 44.95337 ], [ -71.72023, 44.95471 ], [ -71.72052, 44.95512 ], [ -71.72115, 44.95553 ], [ -71.72177, 44.95641 ], [ -71.72199, 44.95646 ], [ -71.72176, 44.95722 ], [ -71.72196, 44.95775 ], [ -71.72172, 44.95851 ], [ -71.72107, 44.95897 ], [ -71.72073, 44.95961 ], [ -71.72024, 44.96008 ], [ -71.71962, 44.95995 ], [ -71.71864, 44.96007 ], [ -71.71818, 44.9599 ], [ -71.71693, 44.96043 ], [ -71.71621, 44.96044 ], [ -71.71578, 44.96002 ], [ -71.71567, 44.95956 ], [ -71.71516, 44.95916 ], [ -71.71352, 44.95876 ], [ -71.71292, 44.95897 ], [ -71.71259, 44.95932 ], [ -71.71214, 44.95933 ], [ -71.71196, 44.95921 ], [ -71.7119, 44.95874 ], [ -71.71104, 44.95833 ], [ -71.71109, 44.95606 ], [ -71.71051, 44.95495 ], [ -71.71067, 44.95483 ], [ -71.71064, 44.9546 ], [ -71.71021, 44.95378 ], [ -71.71021, 44.95308 ], [ -71.7098, 44.95238 ], [ -71.70979, 44.95127 ], [ -71.71022, 44.95016 ], [ -71.71112, 44.94923 ], [ -71.71165, 44.9483 ], [ -71.7128, 44.94775 ], [ -71.71382, 44.94754 ] ] } },
{ "type": "Feature", "properties": { "lake": "Little Averill", "depth": 30 }, "geometry": { "type": "LineString", "coordinates": [ [ -71.71386, 44.94719 ], [ -71.71477, 44.94747 ], [ -71.7151, 44.94742 ], [ -71.71601, 44.94779 ], [ -71.71679, 44.94865 ], [ -71.71749, 44.94888 ], [ -71.7178, 44.94929 ], [ -71.71777, 44.94958 ], [ -71.71824, 44.95016 ], [ -71.71995, 44.95104 ], [ -71.72089, 44.95197 ], [ -71.72097, 44.95337 ], [ -71.72113, 44.95372 ], [ -71.72206, 44.95442 ], [ -71.72208, 44.95477 ], [ -71.72261, 44.95571 ], [ -71.7231, 44.95601 ], [ -71.72349, 44.95651 ], [ -71.72332, 44.95664 ], [ -71.72319, 44.95763 ], [ -71.72302, 44.95781 ], [ -71.72307, 44.95839 ], [ -71.7228, 44.95856 ], [ -71.72291, 44.95891 ], [ -71.72276, 44.95932 ], [ -71.72258, 44.95967 ], [ -71.72161, 44.96031 ], [ -71.72146, 44.96049 ], [ -71.72153, 44.96068 ], [ -71.72067, 44.96087 ], [ -71.71989, 44.96059 ], [ -71.71864, 44.96101 ], [ -71.71634, 44.9613 ], [ -71.7151, 44.96098 ], [ -71.71477, 44.96065 ], [ -71.71385, 44.96034 ], [ -71.71155, 44.96109 ], [ -71.71147, 44.96078 ], [ -71.7104, 44.95985 ], [ -71.71037, 44.95966 ], [ -71.71017, 44.95966 ], [ -71.71009, 44.95938 ], [ -71.71028, 44.95874 ], [ -71.71017, 44.95845 ], [ -71.7104, 44.95798 ], [ -71.71038, 44.95757 ], [ -71.71066, 44.95722 ], [ -71.7107, 44.95629 ], [ -71.71023, 44.95483 ], [ -71.71014, 44.95401 ], [ -71.70981, 44.95349 ], [ -71.70985, 44.95308 ], [ -71.70942, 44.95226 ], [ -71.70935, 44.95139 ], [ -71.70999, 44.95005 ], [ -71.71092, 44.949 ], [ -71.71102, 44.94853 ], [ -71.71134, 44.94812 ], [ -71.71227, 44.94758 ], [ -71.71386, 44.94719 ] ] } },
{ "type": "Feature", "properties": { "lake": "Little Averill", "depth": 20 }, "geometry": { "type": "LineString", "coordinates": [ [ -71.71373, 44.94713 ], [ -71.71476, 44.94719 ], [ -71.7166, 44.94803 ], [ -71.71687, 44.9485 ], [ -71.71752, 44.94873 ], [ -71.71817, 44.94923 ], [ -71.71813, 44.94958 ], [ -71.71841, 44.94999 ], [ -71.72006, 44.9508 ], [ -71.72153, 44.95241 ], [ -71.72178, 44.95355 ], [ -71.72222, 44.95384 ], [ -71.72258, 44.95447 ], [ -71.72263, 44.95495 ], [ -71.72324, 44.95536 ], [ -71.7238, 44.95646 ], [ -71.72335, 44.95781 ], [ -71.72345, 44.95909 ], [ -71.72302, 44.95996 ], [ -71.7208, 44.96102 ], [ -71.71956, 44.96089 ], [ -71.71949, 44.96108 ], [ -71.71907, 44.96107 ], [ -71.71785, 44.96146 ], [ -71.71759, 44.96129 ], [ -71.71687, 44.96157 ], [ -71.71575, 44.96146 ], [ -71.71304, 44.96212 ], [ -71.71241, 44.96182 ], [ -71.71232, 44.96212 ], [ -71.71181, 44.9625 ], [ -71.71113, 44.96224 ], [ -71.71042, 44.96084 ], [ -71.71031, 44.96026 ], [ -71.70998, 44.96008 ], [ -71.70997, 44.95979 ], [ -71.70972, 44.9595 ], [ -71.70978, 44.95856 ], [ -71.71012, 44.95786 ], [ -71.70994, 44.95763 ], [ -71.71019, 44.95734 ], [ -71.71056, 44.95611 ], [ -71.70999, 44.95401 ], [ -71.70923, 44.95232 ], [ -71.70926, 44.95139 ], [ -71.70989, 44.94999 ], [ -71.71033, 44.94964 ], [ -71.71116, 44.94812 ], [ -71.71201, 44.94756 ], [ -71.71373, 44.94713 ] ] } },
{ "type": "Feature", "properties": { "lake": "Little Averill", "depth": 10 }, "geometry": { "type": "LineString", "coordinates": [ [ -71.71378, 44.94701 ], [ -71.71549, 44.94708 ], [ -71.71568, 44.9473 ], [ -71.7168, 44.94776 ], [ -71.71883, 44.94975 ], [ -71.71976, 44.95005 ], [ -71.72111, 44.95115 ], [ -71.72117, 44.95156 ], [ -71.72155, 44.95191 ], [ -71.72253, 44.95337 ], [ -71.72264, 44.95381 ], [ -71.72382, 44.9553 ], [ -71.72395, 44.95588 ], [ -71.72416, 44.95594 ], [ -71.72402, 44.95617 ], [ -71.72404, 44.95676 ], [ -71.72377, 44.95716 ], [ -71.72393, 44.95746 ], [ -71.72356, 44.95897 ], [ -71.72364, 44.95926 ], [ -71.72343, 44.9595 ], [ -71.72348, 44.95979 ], [ -71.72333, 44.96008 ], [ -71.7208, 44.96114 ], [ -71.71884, 44.96126 ], [ -71.71785, 44.96174 ], [ -71.71739, 44.96169 ], [ -71.71687, 44.96187 ], [ -71.71444, 44.96184 ], [ -71.71365, 44.96222 ], [ -71.71175, 44.96271 ], [ -71.71071, 44.96236 ], [ -71.71017, 44.96195 ], [ -71.71007, 44.9616 ], [ -71.70968, 44.96136 ], [ -71.70976, 44.96113 ], [ -71.70943, 44.96084 ], [ -71.70943, 44.96026 ], [ -71.70912, 44.95985 ], [ -71.70908, 44.9588 ], [ -71.70939, 44.95781 ], [ -71.71011, 44.95687 ], [ -71.71041, 44.95623 ], [ -71.7099, 44.95419 ], [ -71.70903, 44.95226 ], [ -71.70912, 44.95145 ], [ -71.70986, 44.94981 ], [ -71.71018, 44.94952 ], [ -71.71022, 44.94905 ], [ -71.71049, 44.94894 ], [ -71.71082, 44.9483 ], [ -71.71131, 44.94777 ], [ -71.7128, 44.94716 ], [ -71.71378, 44.94701 ] ] } },
{ "type": "Feature", "properties": { "lake": "Little Averill", "depth": 5 }, "geometry": { "type": "LineString", "coordinates": [ [ -71.71356, 44.9469 ], [ -71.71617, 44.94701 ], [ -71.71883, 44.9494 ], [ -71.72002, 44.94983 ], [ -71.72095, 44.9504 ], [ -71.72295, 44.9529 ], [ -71.72357, 44.95425 ], [ -71.72485, 44.95553 ], [ -71.72513, 44.95597 ], [ -71.72505, 44.95646 ], [ -71.72395, 44.9581 ], [ -71.72385, 44.95856 ], [ -71.7241, 44.95909 ], [ -71.72369, 44.95995 ], [ -71.72336, 44.9602 ], [ -71.72284, 44.96023 ], [ -71.72244, 44.96061 ], [ -71.72146, 44.96103 ], [ -71.71884, 44.96145 ], [ -71.71739, 44.96202 ], [ -71.7145, 44.96191 ], [ -71.71293, 44.96268 ], [ -71.71136, 44.96298 ], [ -71.70906, 44.96251 ], [ -71.70788, 44.96255 ], [ -71.70743, 44.96218 ], [ -71.70716, 44.96154 ], [ -71.70739, 44.96107 ], [ -71.7074, 44.96043 ], [ -71.7076, 44.96026 ], [ -71.70738, 44.95961 ], [ -71.70753, 44.9588 ], [ -71.70743, 44.95816 ], [ -71.70839, 44.95763 ], [ -71.70945, 44.95728 ], [ -71.70985, 44.95693 ], [ -71.71014, 44.95594 ], [ -71.70988, 44.9546 ], [ -71.70973, 44.95454 ], [ -71.70969, 44.95407 ], [ -71.70898, 44.95261 ], [ -71.70892, 44.95139 ], [ -71.70955, 44.95005 ], [ -71.71096, 44.9479 ], [ -71.71175, 44.94736 ], [ -71.71356, 44.9469 ] ] } },
{ "type": "Feature", "properties": { "lake": "Little Hosmer", "depth": 5 }, "geometry": { "type": "LineString", "coordinates": [ [ -72.3747, 44.67152 ], [ -72.37564, 44.67159 ], [ -72.37653, 44.67208 ], [ -72.37655, 44.67293 ], [ -72.37673, 44.673 ], [ -72.3766, 44.67319 ], [ -72.37685, 44.67324 ], [ -72.37682, 44.67363 ], [ -72.37723, 44.67377 ], [ -72.37737, 44.67513 ], [ -72.3787, 44.67594 ], [ -72.3793, 44.67607 ], [ -72.37957, 44.67685 ], [ -72.37939, 44.67699 ], [ -72.37962, 44.67695 ], [ -72.37953, 44.67717 ], [ -72.37973, 44.6771 ], [ -72.37988, 44.67723 ], [ -72.37957, 44.67851 ], [ -72.37974, 44.6789 ], [ -72.37969, 44.67986 ], [ -72.37994, 44.68025 ], [ -72.37965, 44.68079 ], [ -72.37973, 44.68102 ], [ -72.37958, 44.68108 ], [ -72.37965, 44.6818 ], [ -72.37983, 44.68198 ], [ -72.37916, 44.68217 ], [ -72.37919, 44.68237 ], [ -72.3789, 44.68272 ], [ -72.37887, 44.68345 ], [ -72.3778, 44.68444 ], [ -72.37656, 44.68439 ], [ -72.37619, 44.68382 ], [ -72.37634, 44.68358 ], [ -72.37619, 44.68313 ], [ -72.37655, 44.68294 ], [ -72.37661, 44.68256 ], [ -72.37648, 44.68179 ], [ -72.37604, 44.68095 ], [ -72.37603, 44.67993 ], [ -72.37566, 44.67941 ], [ -72.37573, 44.67922 ], [ -72.37616, 44.6791 ], [ -72.37622, 44.6783 ], [ -72.3759, 44.67799 ], [ -72.37518, 44.678 ], [ -72.37495, 44.6775 ], [ -72.37302, 44.67725 ], [ -72.3732, 44.67685 ], [ -72.37265, 44.67687 ], [ -72.37244, 44.6766 ], [ -72.37265, 44.67619 ], [ -72.37319, 44.67602 ], [ -72.3732, 44.67576 ], [ -72.373, 44.67556 ], [ -72.37331, 44.67554 ], [ -72.37302, 44.67546 ], [ -72.37288, 44.67518 ], [ -72.37331, 44.67491 ], [ -72.37354, 44.67454 ], [ -72.37334, 44.67426 ], [ -72.37332, 44.67383 ], [ -72.37302, 44.67374 ], [ -72.37308, 44.67306 ], [ -72.37328, 44.67279 ], [ -72.37395, 44.67287 ], [ -72.37359, 44.67261 ], [ -72.37371, 44.6723 ], [ -72.37391, 44.67229 ], [ -72.37397, 44.67182 ], [ -72.37469, 44.67168 ], [ -72.3747, 44.67152 ] ] } },
{ "type": "Feature", "properties": { "lake": "Maidstone", "depth": 100 }, "geometry": { "type": "LineString", "coordinates": [ [ -71.646, 44.65784 ], [ -71.64659, 44.65784 ], [ -71.64644, 44.65827 ], [ -71.64607, 44.65861 ], [ -71.64567, 44.65849 ], [ -71.64552, 44.65827 ], [ -71.646, 44.65784 ] ] } },
{ "type": "Feature", "properties": { "lake": "Maidstone", "depth": 100 }, "geometry": { "type": "LineString", "coordinates": [ [ -71.64608, 44.65408 ], [ -71.64671, 44.65405 ], [ -71.64735, 44.65438 ], [ -71.64791, 44.65421 ], [ -71.64831, 44.65473 ], [ -71.64839, 44.65567 ], [ -71.64872, 44.6558 ], [ -71.64839, 44.65596 ], [ -71.64727, 44.65591 ], [ -71.64671, 44.65641 ], [ -71.64503, 44.65637 ], [ -71.64559, 44.65505 ], [ -71.64564, 44.6544 ], [ -71.64583, 44.65412 ], [ -71.64608, 44.65408 ] ] } },
{ "type": "Feature", "properties": { "lake": "Maidstone", "depth": 100 }, "geometry": { "type": "LineString", "coordinates": [ [ -71.64618, 44.64732 ], [ -71.64704, 44.64754 ], [ -71.64712, 44.64818 ], [ -71.64687, 44.64915 ], [ -71.64767, 44.6499 ], [ -71.64747, 44.65054 ], [ -71.64775, 44.65182 ], [ -71.64901, 44.65236 ], [ -71.64903, 44.65301 ], [ -71.64864, 44.6536 ], [ -71.64775, 44.65336 ], [ -71.64751, 44.65313 ], [ -71.64743, 44.65258 ], [ -71.6471, 44.65194 ], [ -71.64621, 44.65172 ], [ -71.64604, 44.65151 ], [ -71.64641, 44.65108 ], [ -71.6464, 44.65033 ], [ -71.64607, 44.65022 ], [ -71.64555, 44.64925 ], [ -71.6446, 44.64904 ], [ -71.64478, 44.64879 ], [ -71.64559, 44.64883 ], [ -71.64615, 44.64855 ], [ -71.64618, 44.64732 ] ] } },
{ "type": "Feature", "properties": { "lake": "Maidstone", "depth": 100 }, "geometry": { "type": "LineString", "coordinates": [ [ -71.64532, 44.64646 ], [ -71.64599, 44.64684 ], [ -71.6461, 44.64711 ], [ -71.64514, 44.64679 ], [ -71.64532, 44.64646 ] ] } },
{ "type": "Feature", "properties": { "lake": "Maidstone", "depth": 100 }, "geometry": { "type": "LineString", "coordinates": [ [ -71.64835, 44.64475 ], [ -71.64896, 44.64464 ], [ -71.64944, 44.64583 ], [ -71.64799, 44.64645 ], [ -71.64719, 44.64631 ], [ -71.64663, 44.64596 ], [ -71.64686, 44.64539 ], [ -71.64751, 44.6451 ], [ -71.64767, 44.64517 ], [ -71.64835, 44.64475 ] ] } },
{ "type": "Feature", "properties": { "lake": "Maidstone", "depth": 75 }, "geometry": { "type": "LineString", "coordinates": [ [ -71.65244, 44.6411 ], [ -71.65318, 44.64131 ], [ -71.65393, 44.64277 ], [ -71.65473, 44.64303 ], [ -71.65497, 44.64346 ], [ -71.65481, 44.64393 ], [ -71.65433, 44.64426 ], [ -71.65297, 44.64431 ], [ -71.65088, 44.64465 ], [ -71.65064, 44.64559 ], [ -71.6496, 44.64658 ], [ -71.64904, 44.64672 ], [ -71.64896, 44.64711 ], [ -71.64833, 44.64732 ], [ -71.64807, 44.64786 ], [ -71.64818, 44.64797 ], [ -71.64801, 44.64839 ], [ -71.64818, 44.64872 ], [ -71.64807, 44.64927 ], [ -71.64876, 44.65011 ], [ -71.64829, 44.65065 ], [ -71.64848, 44.65086 ], [ -71.64844, 44.65108 ], [ -71.64928, 44.65124 ], [ -71.65001, 44.65204 ], [ -71.64982, 44.65258 ], [ -71.64982, 44.65355 ], [ -71.64948, 44.65387 ], [ -71.64939, 44.65419 ], [ -71.65002, 44.65483 ], [ -71.65011, 44.65537 ], [ -71.65041, 44.65569 ], [ -71.65036, 44.65612 ], [ -71.6496, 44.65681 ], [ -71.64864, 44.65701 ], [ -71.64775, 44.65688 ], [ -71.64748, 44.6573 ], [ -71.64764, 44.65773 ], [ -71.64755, 44.65837 ], [ -71.64779, 44.6588 ], [ -71.64767, 44.65915 ], [ -71.64663, 44.65935 ], [ -71.64623, 44.65965 ], [ -71.64535, 44.6598 ], [ -71.64487, 44.65967 ], [ -71.64406, 44.65896 ], [ -71.64385, 44.65816 ], [ -71.6442, 44.65719 ], [ -71.64395, 44.65644 ], [ -71.64393, 44.65548 ], [ -71.64441, 44.65483 ], [ -71.64408, 44.65365 ], [ -71.64491, 44.6529 ], [ -71.64443, 44.65236 ], [ -71.64362, 44.65054 ], [ -71.64414, 44.65045 ], [ -71.64462, 44.65075 ], [ -71.64491, 44.65022 ], [ -71.64446, 44.65014 ], [ -71.64422, 44.64965 ], [ -71.64358, 44.65026 ], [ -71.64279, 44.64936 ], [ -71.64289, 44.64893 ], [ -71.64348, 44.64872 ], [ -71.64406, 44.64815 ], [ -71.64446, 44.64799 ], [ -71.64495, 44.64801 ], [ -71.64509, 44.64786 ], [ -71.6447, 44.6476 ], [ -71.64458, 44.647 ], [ -71.64418, 44.64679 ], [ -71.64416, 44.64636 ], [ -71.64446, 44.64564 ], [ -71.64527, 44.64522 ], [ -71.64575, 44.64469 ], [ -71.64695, 44.6446 ], [ -71.64722, 44.64389 ], [ -71.64879, 44.64271 ], [ -71.65107, 44.64249 ], [ -71.65144, 44.64228 ], [ -71.65184, 44.64185 ], [ -71.652, 44.64139 ], [ -71.65244, 44.6411 ] ] } },
{ "type": "Feature", "properties": { "lake": "Maidstone", "depth": 10 }, "geometry": { "type": "LineString", "coordinates": [ [ -71.64446, 44.64045 ], [ -71.64402, 44.64078 ], [ -71.64393, 44.64142 ], [ -71.64422, 44.64185 ], [ -71.64511, 44.6423 ], [ -71.64532, 44.64206 ], [ -71.64504, 44.64196 ], [ -71.64527, 44.64157 ], [ -71.64495, 44.64131 ], [ -71.64446, 44.64045 ] ] } },
{ "type": "Feature", "properties": { "lake": "Maidstone", "depth": 20 }, "geometry": { "type": "LineString", "coordinates": [ [ -71.6492, 44.63975 ], [ -71.64944, 44.64045 ], [ -71.64986, 44.64056 ], [ -71.65008, 44.64024 ], [ -71.65009, 44.63981 ], [ -71.6492, 44.63975 ] ] } },
{ "type": "Feature", "properties": { "lake": "Maidstone", "depth": 50 }, "geometry": { "type": "LineString", "coordinates": [ [ -71.64566, 44.63949 ], [ -71.64607, 44.63942 ], [ -71.64646, 44.6396 ], [ -71.64647, 44.64029 ], [ -71.64563, 44.6397 ], [ -71.64566, 44.63949 ] ] } },
{ "type": "Feature", "properties": { "lake": "Maidstone", "depth": 50 }, "geometry": { "type": "LineString", "coordinates": [ [ -71.65633, 44.63766 ], [ -71.65714, 44.63782 ], [ -71.65742, 44.63895 ], [ -71.65717, 44.63938 ], [ -71.65651, 44.63981 ], [ -71.65618, 44.64061 ], [ -71.65531, 44.6411 ], [ -71.65488, 44.64249 ], [ -71.65553, 44.64294 ], [ -71.65569, 44.64346 ], [ -71.65534, 44.644 ], [ -71.65521, 44.64454 ], [ -71.65497, 44.64479 ], [ -71.65321, 44.6449 ], [ -71.65249, 44.64515 ], [ -71.65231, 44.6455 ], [ -71.65184, 44.64583 ], [ -71.65016, 44.64668 ], [ -71.64968, 44.64721 ], [ -71.64968, 44.64786 ], [ -71.64938, 44.64797 ], [ -71.6489, 44.64882 ], [ -71.64895, 44.64979 ], [ -71.64936, 44.64988 ], [ -71.64946, 44.65043 ], [ -71.65, 44.65059 ], [ -71.6504, 44.65097 ], [ -71.65117, 44.65215 ], [ -71.65114, 44.65247 ], [ -71.65137, 44.65301 ], [ -71.65138, 44.65387 ], [ -71.65089, 44.65505 ], [ -71.65112, 44.65558 ], [ -71.65088, 44.6559 ], [ -71.65061, 44.65741 ], [ -71.65032, 44.65764 ], [ -71.6492, 44.658 ], [ -71.64898, 44.65902 ], [ -71.64783, 44.65965 ], [ -71.64759, 44.66039 ], [ -71.64706, 44.66073 ], [ -71.64655, 44.66081 ], [ -71.64567, 44.66065 ], [ -71.64371, 44.65988 ], [ -71.64291, 44.65837 ], [ -71.64283, 44.65773 ], [ -71.64285, 44.65548 ], [ -71.64325, 44.65462 ], [ -71.64326, 44.65397 ], [ -71.64308, 44.65365 ], [ -71.64321, 44.65301 ], [ -71.64306, 44.65269 ], [ -71.64337, 44.65226 ], [ -71.64334, 44.65194 ], [ -71.64304, 44.6514 ], [ -71.64305, 44.65043 ], [ -71.6422, 44.64957 ], [ -71.64212, 44.64893 ], [ -71.64238, 44.64825 ], [ -71.64303, 44.64754 ], [ -71.64351, 44.64614 ], [ -71.64355, 44.64507 ], [ -71.64401, 44.64475 ], [ -71.64478, 44.64468 ], [ -71.64511, 44.64436 ], [ -71.64637, 44.64389 ], [ -71.64743, 44.64284 ], [ -71.64734, 44.64249 ], [ -71.64745, 44.64217 ], [ -71.64706, 44.64153 ], [ -71.647, 44.64078 ], [ -71.64823, 44.64102 ], [ -71.64864, 44.64137 ], [ -71.64896, 44.6414 ], [ -71.65, 44.64202 ], [ -71.65104, 44.6421 ], [ -71.65126, 44.64163 ], [ -71.65162, 44.64142 ], [ -71.65144, 44.64099 ], [ -71.65165, 44.64013 ], [ -71.65257, 44.6397 ], [ -71.65284, 44.63906 ], [ -71.65481, 44.63864 ], [ -71.65529, 44.63807 ], [ -71.65633, 44.63766 ] ] } },
{ "type": "Feature", "properties": { "lake": "Maidstone", "depth": 30 }, "geometry": { "type": "LineString", "coordinates": [ [ -71.6596, 44.63563 ], [ -71.66059, 44.63574 ], [ -71.66169, 44.63638 ], [ -71.66182, 44.63648 ], [ -71.6618, 44.63691 ], [ -71.66131, 44.63727 ], [ -71.65922, 44.63743 ], [ -71.65862, 44.63799 ], [ -71.65871, 44.63874 ], [ -71.65946, 44.63886 ], [ -71.65965, 44.63917 ], [ -71.65961, 44.63949 ], [ -71.65898, 44.63981 ], [ -71.65835, 44.64056 ], [ -71.6581, 44.64051 ], [ -71.65751, 44.64078 ], [ -71.65733, 44.6411 ], [ -71.6574, 44.64163 ], [ -71.65706, 44.6422 ], [ -71.65657, 44.6426 ], [ -71.65632, 44.64346 ], [ -71.65596, 44.64367 ], [ -71.65577, 44.64442 ], [ -71.65585, 44.64485 ], [ -71.65558, 44.64518 ], [ -71.65497, 44.64528 ], [ -71.65489, 44.6455 ], [ -71.65441, 44.64553 ], [ -71.65362, 44.64593 ], [ -71.65345, 44.64618 ], [ -71.65249, 44.64631 ], [ -71.65128, 44.64685 ], [ -71.65082, 44.64721 ], [ -71.65048, 44.64816 ], [ -71.65016, 44.64839 ], [ -71.65033, 44.64872 ], [ -71.65022, 44.64904 ], [ -71.6504, 44.64925 ], [ -71.65037, 44.64979 ], [ -71.6509, 44.65108 ], [ -71.65184, 44.65262 ], [ -71.65203, 44.65333 ], [ -71.65195, 44.65376 ], [ -71.65221, 44.65451 ], [ -71.65223, 44.65483 ], [ -71.65162, 44.65558 ], [ -71.65095, 44.65687 ], [ -71.65096, 44.65719 ], [ -71.65121, 44.6573 ], [ -71.65112, 44.65762 ], [ -71.65088, 44.65778 ], [ -71.65064, 44.65831 ], [ -71.65, 44.65858 ], [ -71.64904, 44.65953 ], [ -71.64859, 44.65977 ], [ -71.64827, 44.66095 ], [ -71.64743, 44.66225 ], [ -71.64631, 44.66191 ], [ -71.64604, 44.66149 ], [ -71.64535, 44.66122 ], [ -71.64478, 44.66127 ], [ -71.64358, 44.66064 ], [ -71.64237, 44.65934 ], [ -71.6423, 44.65906 ], [ -71.64188, 44.65891 ], [ -71.64207, 44.65794 ], [ -71.64172, 44.65644 ], [ -71.64203, 44.65601 ], [ -71.64211, 44.65558 ], [ -71.64257, 44.65515 ], [ -71.64281, 44.65419 ], [ -71.64259, 44.65322 ], [ -71.6422, 44.65258 ], [ -71.64239, 44.65247 ], [ -71.64247, 44.65183 ], [ -71.64206, 44.65163 ], [ -71.64182, 44.65118 ], [ -71.64191, 44.65086 ], [ -71.64164, 44.65043 ], [ -71.64161, 44.64925 ], [ -71.64247, 44.64646 ], [ -71.64265, 44.64571 ], [ -71.64258, 44.64496 ], [ -71.64286, 44.64432 ], [ -71.64318, 44.64402 ], [ -71.64406, 44.64396 ], [ -71.64559, 44.64347 ], [ -71.64599, 44.64324 ], [ -71.64615, 44.64292 ], [ -71.64601, 44.64206 ], [ -71.64573, 44.64196 ], [ -71.6453, 44.64078 ], [ -71.64474, 44.64024 ], [ -71.64474, 44.63981 ], [ -71.64423, 44.6396 ], [ -71.64419, 44.63927 ], [ -71.64503, 44.63871 ], [ -71.64621, 44.63863 ], [ -71.64658, 44.6382 ], [ -71.64663, 44.63779 ], [ -71.64711, 44.63745 ], [ -71.64767, 44.6376 ], [ -71.64936, 44.63725 ], [ -71.65, 44.63752 ], [ -71.65039, 44.63799 ], [ -71.6496, 44.63877 ], [ -71.64867, 44.63938 ], [ -71.64868, 44.63992 ], [ -71.64944, 44.64085 ], [ -71.6504, 44.64117 ], [ -71.65069, 44.64067 ], [ -71.65057, 44.64013 ], [ -71.65112, 44.6396 ], [ -71.6512, 44.63921 ], [ -71.65163, 44.63927 ], [ -71.65153, 44.63906 ], [ -71.65167, 44.63884 ], [ -71.65265, 44.63781 ], [ -71.65393, 44.6375 ], [ -71.65449, 44.63768 ], [ -71.65465, 44.63744 ], [ -71.65545, 44.63758 ], [ -71.65586, 44.63744 ], [ -71.6567, 44.6367 ], [ -71.6577, 44.63655 ], [ -71.6596, 44.63563 ] ] } },
{ "type": "Feature", "properties": { "lake": "Maidstone", "depth": 20 }, "geometry": { "type": "LineString", "coordinates": [ [ -71.65923, 44.6352 ], [ -71.65946, 44.63511 ], [ -71.66131, 44.63581 ], [ -71.66195, 44.63646 ], [ -71.66211, 44.63646 ], [ -71.66218, 44.63691 ], [ -71.66171, 44.63724 ], [ -71.66027, 44.63757 ], [ -71.65971, 44.63785 ], [ -71.6596, 44.6382 ], [ -71.65973, 44.63874 ], [ -71.66005, 44.63917 ], [ -71.65999, 44.63949 ], [ -71.65898, 44.64014 ], [ -71.65834, 44.6409 ], [ -71.65786, 44.64085 ], [ -71.6577, 44.64105 ], [ -71.65787, 44.64131 ], [ -71.65783, 44.64196 ], [ -71.65721, 44.6426 ], [ -71.65722, 44.64314 ], [ -71.65606, 44.644 ], [ -71.65623, 44.64528 ], [ -71.65586, 44.64554 ], [ -71.65521, 44.64552 ], [ -71.65449, 44.6459 ], [ -71.6543, 44.64646 ], [ -71.65249, 44.64661 ], [ -71.65176, 44.64682 ], [ -71.65096, 44.64754 ], [ -71.6509, 44.64775 ], [ -71.65105, 44.64797 ], [ -71.65078, 44.64818 ], [ -71.65072, 44.64947 ], [ -71.65051, 44.64979 ], [ -71.65106, 44.65054 ], [ -71.65203, 44.65258 ], [ -71.65242, 44.65505 ], [ -71.65117, 44.65687 ], [ -71.65129, 44.65752 ], [ -71.65074, 44.65859 ], [ -71.64984, 44.65897 ], [ -71.6488, 44.65993 ], [ -71.64832, 44.66127 ], [ -71.64823, 44.66219 ], [ -71.64711, 44.6629 ], [ -71.64639, 44.6624 ], [ -71.64623, 44.66207 ], [ -71.64576, 44.66191 ], [ -71.64559, 44.6617 ], [ -71.64446, 44.66148 ], [ -71.64374, 44.66111 ], [ -71.64294, 44.66049 ], [ -71.6423, 44.65948 ], [ -71.64147, 44.6587 ], [ -71.64164, 44.65859 ], [ -71.64174, 44.65805 ], [ -71.64174, 44.65773 ], [ -71.64147, 44.6573 ], [ -71.64145, 44.65644 ], [ -71.64159, 44.65633 ], [ -71.6415, 44.65623 ], [ -71.64174, 44.65605 ], [ -71.64198, 44.65548 ], [ -71.64238, 44.65515 ], [ -71.64254, 44.6543 ], [ -71.64252, 44.65365 ], [ -71.64241, 44.65322 ], [ -71.642, 44.65269 ], [ -71.64191, 44.65183 ], [ -71.64124, 44.65076 ], [ -71.6414, 44.64893 ], [ -71.64174, 44.64797 ], [ -71.64174, 44.647 ], [ -71.64222, 44.64486 ], [ -71.64262, 44.64373 ], [ -71.64294, 44.64335 ], [ -71.64387, 44.64314 ], [ -71.64406, 44.64288 ], [ -71.64438, 44.64297 ], [ -71.6447, 44.64337 ], [ -71.64559, 44.64287 ], [ -71.6458, 44.64228 ], [ -71.6455, 44.64196 ], [ -71.64552, 44.64163 ], [ -71.6451, 44.64121 ], [ -71.64493, 44.64067 ], [ -71.64437, 44.64024 ], [ -71.64438, 44.63992 ], [ -71.64388, 44.64013 ], [ -71.64383, 44.64035 ], [ -71.64334, 44.64069 ], [ -71.64309, 44.64045 ], [ -71.64366, 44.63992 ], [ -71.64362, 44.63949 ], [ -71.64439, 44.63874 ], [ -71.64571, 44.6382 ], [ -71.64663, 44.63737 ], [ -71.64807, 44.63682 ], [ -71.64984, 44.6367 ], [ -71.65013, 44.63702 ], [ -71.65068, 44.63713 ], [ -71.65104, 44.63742 ], [ -71.65094, 44.63766 ], [ -71.65107, 44.63777 ], [ -71.65109, 44.63831 ], [ -71.6516, 44.63841 ], [ -71.65187, 44.63831 ], [ -71.65175, 44.63777 ], [ -71.65221, 44.63766 ], [ -71.65241, 44.63744 ], [ -71.65273, 44.63742 ], [ -71.65272, 44.63756 ], [ -71.65297, 44.63762 ], [ -71.65361, 44.63744 ], [ -71.65577, 44.6373 ], [ -71.65608, 44.63681 ], [ -71.65657, 44.63648 ], [ -71.65778, 44.63638 ], [ -71.65826, 44.63591 ], [ -71.65866, 44.63584 ], [ -71.65887, 44.63541 ], [ -71.65923, 44.6352 ] ] } },
{ "type": "Feature", "properties": { "lake": "Maidstone", "depth": 10 }, "geometry": { "type": "LineString", "coordinates": [ [ -71.6609, 44.63434 ], [ -71.66131, 44.6346 ], [ -71.66134, 44.63509 ], [ -71.66122, 44.6352 ], [ -71.66144, 44.63541 ], [ -71.66141, 44.63563 ], [ -71.66187, 44.63597 ], [ -71.66219, 44.63597 ], [ -71.66215, 44.63584 ], [ -71.66244, 44.63573 ], [ -71.66276, 44.63606 ], [ -71.66264, 44.63638 ], [ -71.66281, 44.6367 ], [ -71.66257, 44.63702 ], [ -71.66171, 44.63751 ], [ -71.66155, 44.63742 ], [ -71.66099, 44.63769 ], [ -71.66035, 44.63771 ], [ -71.66002, 44.63809 ], [ -71.65993, 44.63831 ], [ -71.66043, 44.63917 ], [ -71.6604, 44.6397 ], [ -71.65995, 44.64013 ], [ -71.65963, 44.6402 ], [ -71.65938, 44.64075 ], [ -71.65907, 44.64078 ], [ -71.65844, 44.64142 ], [ -71.65844, 44.64185 ], [ -71.6581, 44.64213 ], [ -71.6581, 44.6423 ], [ -71.65739, 44.6426 ], [ -71.65749, 44.64314 ], [ -71.65698, 44.64362 ], [ -71.65682, 44.64357 ], [ -71.65639, 44.64464 ], [ -71.65665, 44.64496 ], [ -71.65658, 44.6455 ], [ -71.65505, 44.64663 ], [ -71.65489, 44.647 ], [ -71.65369, 44.6467 ], [ -71.65361, 44.6469 ], [ -71.65249, 44.64683 ], [ -71.65176, 44.64703 ], [ -71.65126, 44.64764 ], [ -71.65109, 44.64829 ], [ -71.65118, 44.64893 ], [ -71.65094, 44.64925 ], [ -71.65091, 44.6499 ], [ -71.65135, 44.65108 ], [ -71.65184, 44.65168 ], [ -71.65205, 44.65236 ], [ -71.65246, 44.65301 ], [ -71.65231, 44.65344 ], [ -71.65268, 44.65473 ], [ -71.65257, 44.65541 ], [ -71.65129, 44.65687 ], [ -71.65132, 44.65794 ], [ -71.65112, 44.6584 ], [ -71.64916, 44.65998 ], [ -71.64854, 44.66116 ], [ -71.64844, 44.66256 ], [ -71.64775, 44.66326 ], [ -71.64727, 44.66335 ], [ -71.64559, 44.66232 ], [ -71.64446, 44.66182 ], [ -71.64414, 44.66151 ], [ -71.64374, 44.66147 ], [ -71.64267, 44.66063 ], [ -71.64256, 44.6602 ], [ -71.64219, 44.65998 ], [ -71.64212, 44.65966 ], [ -71.64149, 44.65923 ], [ -71.64122, 44.65848 ], [ -71.64134, 44.65773 ], [ -71.64118, 44.65752 ], [ -71.64115, 44.65644 ], [ -71.64136, 44.6558 ], [ -71.64174, 44.65548 ], [ -71.64207, 44.65462 ], [ -71.64208, 44.65322 ], [ -71.64166, 44.65239 ], [ -71.64123, 44.65204 ], [ -71.64126, 44.6514 ], [ -71.64104, 44.65086 ], [ -71.64127, 44.65033 ], [ -71.64104, 44.65011 ], [ -71.64125, 44.64957 ], [ -71.64114, 44.64925 ], [ -71.64137, 44.6485 ], [ -71.64129, 44.64679 ], [ -71.64176, 44.64582 ], [ -71.64208, 44.64442 ], [ -71.64218, 44.6426 ], [ -71.64189, 44.64153 ], [ -71.64199, 44.64078 ], [ -71.64265, 44.64013 ], [ -71.64342, 44.63974 ], [ -71.64333, 44.63949 ], [ -71.64374, 44.63885 ], [ -71.6443, 44.63845 ], [ -71.64495, 44.63824 ], [ -71.64591, 44.63746 ], [ -71.64631, 44.6374 ], [ -71.64646, 44.63713 ], [ -71.64799, 44.6365 ], [ -71.64856, 44.63671 ], [ -71.64864, 44.63648 ], [ -71.65008, 44.63664 ], [ -71.65208, 44.63739 ], [ -71.65273, 44.6373 ], [ -71.65329, 44.63747 ], [ -71.65441, 44.6372 ], [ -71.65545, 44.63719 ], [ -71.65594, 44.63703 ], [ -71.65602, 44.63675 ], [ -71.6565, 44.63643 ], [ -71.65764, 44.63627 ], [ -71.65955, 44.63454 ], [ -71.66003, 44.63448 ], [ -71.66067, 44.63466 ], [ -71.66099, 44.63455 ], [ -71.66083, 44.63451 ], [ -71.6609, 44.63434 ] ] } },
{ "type": "Feature", "properties": { "lake": "Maidstone", "depth": 5 }, "geometry": { "type": "LineString", "coordinates": [ [ -71.6612, 44.63316 ], [ -71.66147, 44.63315 ], [ -71.66172, 44.63337 ], [ -71.66145, 44.63498 ], [ -71.66166, 44.63563 ], [ -71.66203, 44.63576 ], [ -71.66275, 44.6355 ], [ -71.66322, 44.63584 ], [ -71.66324, 44.63622 ], [ -71.66286, 44.63702 ], [ -71.66107, 44.63786 ], [ -71.66067, 44.6378 ], [ -71.66023, 44.63809 ], [ -71.6601, 44.63831 ], [ -71.66059, 44.63885 ], [ -71.66073, 44.64003 ], [ -71.66059, 44.64025 ], [ -71.65975, 44.64045 ], [ -71.65947, 44.64099 ], [ -71.65898, 44.6412 ], [ -71.65837, 44.64217 ], [ -71.65778, 44.64267 ], [ -71.6577, 44.64322 ], [ -71.65694, 44.644 ], [ -71.6569, 44.64434 ], [ -71.6566, 44.64475 ], [ -71.65673, 44.64496 ], [ -71.65666, 44.6455 ], [ -71.65618, 44.64617 ], [ -71.65534, 44.64668 ], [ -71.65505, 44.64706 ], [ -71.65265, 44.64685 ], [ -71.65176, 44.6472 ], [ -71.65136, 44.64764 ], [ -71.6511, 44.6499 ], [ -71.65145, 44.65108 ], [ -71.6519, 44.65161 ], [ -71.65215, 44.65236 ], [ -71.65264, 44.65301 ], [ -71.65236, 44.65344 ], [ -71.6526, 44.65365 ], [ -71.65247, 44.65387 ], [ -71.65274, 44.65473 ], [ -71.65269, 44.65537 ], [ -71.65133, 44.65687 ], [ -71.65138, 44.65794 ], [ -71.65117, 44.6587 ], [ -71.64952, 44.65978 ], [ -71.6488, 44.66082 ], [ -71.64858, 44.66127 ], [ -71.64877, 44.66267 ], [ -71.64866, 44.66277 ], [ -71.64868, 44.66331 ], [ -71.64823, 44.66374 ], [ -71.64807, 44.6642 ], [ -71.64711, 44.66368 ], [ -71.64695, 44.66341 ], [ -71.64655, 44.66334 ], [ -71.64639, 44.66313 ], [ -71.64392, 44.66191 ], [ -71.64334, 44.66135 ], [ -71.64286, 44.66119 ], [ -71.6421, 44.66041 ], [ -71.64181, 44.65977 ], [ -71.64055, 44.65891 ], [ -71.64021, 44.65808 ], [ -71.64001, 44.65794 ], [ -71.64048, 44.65644 ], [ -71.64038, 44.65526 ], [ -71.64067, 44.65483 ], [ -71.64182, 44.65403 ], [ -71.64197, 44.65333 ], [ -71.6418, 44.6529 ], [ -71.64116, 44.65215 ], [ -71.6409, 44.65097 ], [ -71.64091, 44.65 ], [ -71.64122, 44.64861 ], [ -71.64105, 44.64689 ], [ -71.64159, 44.6456 ], [ -71.64187, 44.64432 ], [ -71.64175, 44.64239 ], [ -71.64143, 44.64196 ], [ -71.6415, 44.64107 ], [ -71.642, 44.64035 ], [ -71.6431, 44.63962 ], [ -71.64366, 44.63867 ], [ -71.64462, 44.63824 ], [ -71.64567, 44.63736 ], [ -71.64735, 44.63647 ], [ -71.64823, 44.63633 ], [ -71.64976, 44.63646 ], [ -71.65208, 44.63727 ], [ -71.65337, 44.63732 ], [ -71.65545, 44.63711 ], [ -71.65577, 44.63701 ], [ -71.65658, 44.63634 ], [ -71.6573, 44.63622 ], [ -71.65786, 44.63594 ], [ -71.65955, 44.63447 ], [ -71.66019, 44.63422 ], [ -71.66035, 44.63433 ], [ -71.66067, 44.63422 ], [ -71.6612, 44.63316 ] ] } },
{ "type": "Feature", "properties": { "lake": "Miles", "depth": 5 }, "geometry": { "type": "LineString", "coordinates": [ [ -71.79754, 44.4464 ], [ -71.79855, 44.44661 ], [ -71.79862, 44.4469 ], [ -71.7989, 44.447 ], [ -71.80002, 44.44707 ], [ -71.79997, 44.44753 ], [ -71.80023, 44.44772 ], [ -71.80074, 44.44772 ], [ -71.80047, 44.44728 ], [ -71.80128, 44.44698 ], [ -71.80208, 44.44707 ], [ -71.80203, 44.44753 ], [ -71.80214, 44.44761 ], [ -71.8014, 44.44805 ], [ -71.8014, 44.44845 ], [ -71.80087, 44.44851 ], [ -71.8005, 44.44876 ], [ -71.80006, 44.44876 ], [ -71.79941, 44.44811 ], [ -71.79771, 44.44742 ], [ -71.79774, 44.44717 ], [ -71.79737, 44.44669 ], [ -71.79754, 44.4464 ] ] } },
{ "type": "Feature", "properties": { "lake": "Miles", "depth": 50 }, "geometry": { "type": "LineString", "coordinates": [ [ -71.81356, 44.44516 ], [ -71.81473, 44.44541 ], [ -71.81571, 44.44543 ], [ -71.81604, 44.44564 ], [ -71.81608, 44.44598 ], [ -71.81503, 44.4468 ], [ -71.8138, 44.44724 ], [ -71.81362, 44.44747 ], [ -71.81258, 44.44753 ], [ -71.81257, 44.44713 ], [ -71.81304, 44.44686 ], [ -71.81321, 44.44659 ], [ -71.81282, 44.44613 ], [ -71.81282, 44.44569 ], [ -71.81312, 44.44533 ], [ -71.81356, 44.44516 ] ] } },
{ "type": "Feature", "properties": { "lake": "Miles", "depth": 50 }, "geometry": { "type": "LineString", "coordinates": [ [ -71.81157, 44.44497 ], [ -71.81215, 44.44497 ], [ -71.81234, 44.44514 ], [ -71.81195, 44.44562 ], [ -71.8116, 44.44557 ], [ -71.81116, 44.44581 ], [ -71.8107, 44.44583 ], [ -71.81044, 44.44604 ], [ -71.81045, 44.44644 ], [ -71.81022, 44.4468 ], [ -71.80952, 44.44698 ], [ -71.80911, 44.4468 ], [ -71.80907, 44.44657 ], [ -71.80934, 44.44615 ], [ -71.81019, 44.44581 ], [ -71.81089, 44.44516 ], [ -71.81157, 44.44497 ] ] } },
{ "type": "Feature", "properties": { "lake": "Miles", "depth": 30 }, "geometry": { "type": "LineString", "coordinates": [ [ -71.81205, 44.44403 ], [ -71.81327, 44.4442 ], [ -71.81351, 44.44444 ], [ -71.81525, 44.44459 ], [ -71.81542, 44.44449 ], [ -71.81611, 44.4447 ], [ -71.8168, 44.4452 ], [ -71.81714, 44.44523 ], [ -71.81882, 44.44615 ], [ -71.819, 44.44644 ], [ -71.8188, 44.44671 ], [ -71.81707, 44.44682 ], [ -71.8168, 44.44705 ], [ -71.81627, 44.44717 ], [ -71.81517, 44.4482 ], [ -71.81327, 44.44851 ], [ -71.81299, 44.44881 ], [ -71.81267, 44.44881 ], [ -71.81185, 44.4483 ], [ -71.81121, 44.4482 ], [ -71.81055, 44.44784 ], [ -71.80959, 44.44778 ], [ -71.80926, 44.44759 ], [ -71.8083, 44.44754 ], [ -71.80813, 44.44774 ], [ -71.80709, 44.44759 ], [ -71.8064, 44.44779 ], [ -71.80569, 44.44753 ], [ -71.80564, 44.44717 ], [ -71.80597, 44.44696 ], [ -71.80621, 44.44615 ], [ -71.80697, 44.44558 ], [ -71.80749, 44.44552 ], [ -71.80821, 44.44502 ], [ -71.80865, 44.44497 ], [ -71.80883, 44.44511 ], [ -71.80924, 44.445 ], [ -71.81073, 44.44424 ], [ -71.81205, 44.44403 ] ] } },
{ "type": "Feature", "properties": { "lake": "Miles", "depth": 20 }, "geometry": { "type": "LineString", "coordinates": [ [ -71.81228, 44.44384 ], [ -71.81285, 44.44389 ], [ -71.81374, 44.44433 ], [ -71.81416, 44.44418 ], [ -71.8142, 44.44403 ], [ -71.81431, 44.44422 ], [ -71.81659, 44.44466 ], [ -71.81711, 44.44506 ], [ -71.81867, 44.44564 ], [ -71.81888, 44.44592 ], [ -71.81957, 44.44621 ], [ -71.82003, 44.44667 ], [ -71.82006, 44.44742 ], [ -71.81968, 44.44788 ], [ -71.81915, 44.4481 ], [ -71.81794, 44.44758 ], [ -71.81672, 44.44773 ], [ -71.8166, 44.44824 ], [ -71.81569, 44.44866 ], [ -71.81459, 44.44878 ], [ -71.81442, 44.44889 ], [ -71.81448, 44.44906 ], [ -71.81368, 44.44923 ], [ -71.8128, 44.44916 ], [ -71.81125, 44.44867 ], [ -71.81073, 44.44887 ], [ -71.81069, 44.44862 ], [ -71.81044, 44.44841 ], [ -71.80935, 44.44804 ], [ -71.80891, 44.44821 ], [ -71.8083, 44.44811 ], [ -71.80667, 44.44837 ], [ -71.80669, 44.4486 ], [ -71.80631, 44.44895 ], [ -71.80544, 44.44907 ], [ -71.80507, 44.44876 ], [ -71.80506, 44.44837 ], [ -71.80461, 44.44755 ], [ -71.80501, 44.44715 ], [ -71.80517, 44.44636 ], [ -71.80571, 44.44594 ], [ -71.80686, 44.44541 ], [ -71.80732, 44.44487 ], [ -71.80766, 44.4447 ], [ -71.80856, 44.44458 ], [ -71.80874, 44.44479 ], [ -71.8097, 44.44439 ], [ -71.80966, 44.4442 ], [ -71.81228, 44.44384 ] ] } },
{ "type": "Feature", "properties": { "lake": "Miles", "depth": 10 }, "geometry": { "type": "LineString", "coordinates": [ [ -71.81191, 44.44378 ], [ -71.81308, 44.44391 ], [ -71.81433, 44.44384 ], [ -71.81542, 44.44428 ], [ -71.81713, 44.44456 ], [ -71.81818, 44.44531 ], [ -71.81995, 44.446 ], [ -71.82089, 44.44677 ], [ -71.82089, 44.44742 ], [ -71.82048, 44.44784 ], [ -71.82039, 44.44824 ], [ -71.81981, 44.44866 ], [ -71.81927, 44.44866 ], [ -71.81855, 44.44826 ], [ -71.81783, 44.44816 ], [ -71.81763, 44.44834 ], [ -71.81709, 44.4483 ], [ -71.81702, 44.44849 ], [ -71.81665, 44.44862 ], [ -71.81657, 44.44891 ], [ -71.81614, 44.44906 ], [ -71.81533, 44.44912 ], [ -71.8149, 44.44897 ], [ -71.81451, 44.44922 ], [ -71.81351, 44.44935 ], [ -71.81255, 44.44937 ], [ -71.8116, 44.44906 ], [ -71.81049, 44.44922 ], [ -71.81021, 44.44867 ], [ -71.80926, 44.44851 ], [ -71.80907, 44.44862 ], [ -71.80926, 44.44891 ], [ -71.80897, 44.44916 ], [ -71.80799, 44.44897 ], [ -71.80726, 44.44923 ], [ -71.80666, 44.44918 ], [ -71.8064, 44.44943 ], [ -71.80561, 44.44958 ], [ -71.80396, 44.4487 ], [ -71.8038, 44.44795 ], [ -71.80403, 44.44734 ], [ -71.80375, 44.44671 ], [ -71.80378, 44.4465 ], [ -71.80401, 44.44644 ], [ -71.80413, 44.44621 ], [ -71.80495, 44.44608 ], [ -71.80585, 44.44567 ], [ -71.80704, 44.44481 ], [ -71.80764, 44.44464 ], [ -71.80847, 44.44414 ], [ -71.81047, 44.44408 ], [ -71.81084, 44.44389 ], [ -71.81191, 44.44378 ] ] } },
{ "type": "Feature", "properties": { "lake": "Miles", "depth": 5 }, "geometry": { "type": "LineString", "coordinates": [ [ -71.81434, 44.44363 ], [ -71.81491, 44.44378 ], [ -71.81538, 44.44418 ], [ -71.8173, 44.44445 ], [ -71.81818, 44.44525 ], [ -71.81885, 44.44537 ], [ -71.8213, 44.44682 ], [ -71.82176, 44.44717 ], [ -71.8218, 44.44757 ], [ -71.82162, 44.44755 ], [ -71.82119, 44.4479 ], [ -71.82097, 44.4487 ], [ -71.82054, 44.44887 ], [ -71.82011, 44.44871 ], [ -71.81928, 44.44876 ], [ -71.81852, 44.44841 ], [ -71.81811, 44.4484 ], [ -71.81732, 44.44847 ], [ -71.81662, 44.44906 ], [ -71.81581, 44.44927 ], [ -71.8149, 44.44917 ], [ -71.8136, 44.44938 ], [ -71.81108, 44.44944 ], [ -71.81029, 44.44933 ], [ -71.81011, 44.44889 ], [ -71.80961, 44.44881 ], [ -71.80941, 44.44893 ], [ -71.80943, 44.44913 ], [ -71.80915, 44.44904 ], [ -71.80918, 44.44922 ], [ -71.80901, 44.44933 ], [ -71.80778, 44.44924 ], [ -71.80709, 44.44968 ], [ -71.80648, 44.44964 ], [ -71.80614, 44.44979 ], [ -71.80514, 44.44968 ], [ -71.80388, 44.44897 ], [ -71.80309, 44.44876 ], [ -71.80256, 44.44834 ], [ -71.80224, 44.44717 ], [ -71.80296, 44.44711 ], [ -71.80375, 44.44625 ], [ -71.80459, 44.44608 ], [ -71.80593, 44.44552 ], [ -71.80611, 44.44527 ], [ -71.80657, 44.44502 ], [ -71.80668, 44.4451 ], [ -71.80698, 44.44476 ], [ -71.80754, 44.44458 ], [ -71.8082, 44.44403 ], [ -71.80943, 44.44388 ], [ -71.81004, 44.44402 ], [ -71.81125, 44.44367 ], [ -71.81342, 44.44384 ], [ -71.81434, 44.44363 ] ] } },
{ "type": "Feature", "properties": { "lake": "Mirror", "depth": 100 }, "geometry": { "type": "LineString", "coordinates": [ [ -72.44498, 44.39569 ], [ -72.44526, 44.39582 ], [ -72.44526, 44.39654 ], [ -72.44499, 44.39659 ], [ -72.44469, 44.39691 ], [ -72.44441, 44.3969 ], [ -72.44375, 44.39752 ], [ -72.44349, 44.39758 ], [ -72.44318, 44.3974 ], [ -72.44332, 44.39724 ], [ -72.4431, 44.39693 ], [ -72.44349, 44.39645 ], [ -72.44396, 44.39633 ], [ -72.44498, 44.39569 ] ] } },
{ "type": "Feature", "properties": { "lake": "Mirror", "depth": 75 }, "geometry": { "type": "LineString", "coordinates": [ [ -72.44527, 44.39512 ], [ -72.44556, 44.3952 ], [ -72.4457, 44.39588 ], [ -72.44569, 44.39639 ], [ -72.44541, 44.39685 ], [ -72.44429, 44.39758 ], [ -72.44381, 44.39808 ], [ -72.44326, 44.39821 ], [ -72.4429, 44.39788 ], [ -72.44268, 44.39721 ], [ -72.44276, 44.39676 ], [ -72.44311, 44.39619 ], [ -72.44527, 44.39512 ] ] } },
{ "type": "Feature", "properties": { "lake": "Mirror", "depth": 50 }, "geometry": { "type": "LineString", "coordinates": [ [ -72.44578, 44.39431 ], [ -72.44634, 44.39444 ], [ -72.44615, 44.39515 ], [ -72.44634, 44.39586 ], [ -72.44626, 44.39635 ], [ -72.44551, 44.39707 ], [ -72.44556, 44.39735 ], [ -72.44536, 44.39737 ], [ -72.44491, 44.39798 ], [ -72.44389, 44.3987 ], [ -72.44354, 44.39882 ], [ -72.44269, 44.39871 ], [ -72.44234, 44.39847 ], [ -72.4421, 44.39701 ], [ -72.44224, 44.39653 ], [ -72.44218, 44.396 ], [ -72.44241, 44.39556 ], [ -72.44284, 44.39532 ], [ -72.44426, 44.39516 ], [ -72.44521, 44.3945 ], [ -72.44578, 44.39431 ] ] } },
{ "type": "Feature", "properties": { "lake": "Mirror", "depth": 30 }, "geometry": { "type": "LineString", "coordinates": [ [ -72.44681, 44.39307 ], [ -72.44691, 44.39324 ], [ -72.44644, 44.39476 ], [ -72.44664, 44.39624 ], [ -72.44584, 44.39711 ], [ -72.44559, 44.39716 ], [ -72.44561, 44.3976 ], [ -72.44511, 44.39853 ], [ -72.44411, 44.39928 ], [ -72.44381, 44.39933 ], [ -72.44306, 44.39927 ], [ -72.44226, 44.39891 ], [ -72.44216, 44.39808 ], [ -72.44201, 44.39793 ], [ -72.44145, 44.39788 ], [ -72.44166, 44.39674 ], [ -72.44144, 44.39649 ], [ -72.44103, 44.39642 ], [ -72.44094, 44.39608 ], [ -72.44124, 44.3952 ], [ -72.4421, 44.39402 ], [ -72.44284, 44.39338 ], [ -72.44346, 44.3934 ], [ -72.44319, 44.3937 ], [ -72.44317, 44.39411 ], [ -72.44354, 44.3943 ], [ -72.44371, 44.3948 ], [ -72.44434, 44.39479 ], [ -72.44544, 44.39362 ], [ -72.44636, 44.39308 ], [ -72.44681, 44.39307 ] ] } },
{ "type": "Feature", "properties": { "lake": "Mirror", "depth": 20 }, "geometry": { "type": "LineString", "coordinates": [ [ -72.4468, 44.39279 ], [ -72.44699, 44.39289 ], [ -72.44699, 44.39335 ], [ -72.44651, 44.39476 ], [ -72.4465, 44.39518 ], [ -72.44658, 44.3958 ], [ -72.44684, 44.39623 ], [ -72.44564, 44.39738 ], [ -72.44543, 44.39831 ], [ -72.44556, 44.39861 ], [ -72.44456, 44.39892 ], [ -72.44419, 44.39939 ], [ -72.44299, 44.39939 ], [ -72.44219, 44.39903 ], [ -72.44203, 44.39884 ], [ -72.44194, 44.39804 ], [ -72.44116, 44.39802 ], [ -72.44096, 44.3976 ], [ -72.44129, 44.39698 ], [ -72.44117, 44.39698 ], [ -72.44116, 44.39676 ], [ -72.44081, 44.39664 ], [ -72.44089, 44.39556 ], [ -72.44131, 44.39486 ], [ -72.44181, 44.39442 ], [ -72.44196, 44.39382 ], [ -72.44231, 44.39366 ], [ -72.44233, 44.39346 ], [ -72.44276, 44.39309 ], [ -72.44346, 44.393 ], [ -72.44369, 44.39315 ], [ -72.44374, 44.39351 ], [ -72.44348, 44.39386 ], [ -72.44381, 44.39408 ], [ -72.44383, 44.39459 ], [ -72.44426, 44.39462 ], [ -72.44536, 44.39351 ], [ -72.44561, 44.39349 ], [ -72.44571, 44.39326 ], [ -72.44636, 44.39289 ], [ -72.4468, 44.39279 ] ] } },
{ "type": "Feature", "properties": { "lake": "Mirror", "depth": 10 }, "geometry": { "type": "LineString", "coordinates": [ [ -72.44672, 44.3925 ], [ -72.44699, 44.39248 ], [ -72.44708, 44.3927 ], [ -72.44699, 44.39366 ], [ -72.44664, 44.39481 ], [ -72.44685, 44.39639 ], [ -72.44679, 44.3966 ], [ -72.44636, 44.39674 ], [ -72.44609, 44.39707 ], [ -72.44576, 44.39859 ], [ -72.44556, 44.39883 ], [ -72.44464, 44.3991 ], [ -72.44446, 44.3994 ], [ -72.44411, 44.39957 ], [ -72.44374, 44.39943 ], [ -72.44284, 44.39953 ], [ -72.44249, 44.3994 ], [ -72.44196, 44.39892 ], [ -72.44182, 44.39811 ], [ -72.44119, 44.3982 ], [ -72.44081, 44.39802 ], [ -72.44086, 44.39755 ], [ -72.44054, 44.39723 ], [ -72.44045, 44.39681 ], [ -72.44065, 44.39647 ], [ -72.44061, 44.39611 ], [ -72.44079, 44.39586 ], [ -72.44066, 44.39563 ], [ -72.44081, 44.3953 ], [ -72.44121, 44.39495 ], [ -72.44146, 44.39443 ], [ -72.44166, 44.39442 ], [ -72.44169, 44.39407 ], [ -72.44195, 44.39371 ], [ -72.44299, 44.39284 ], [ -72.44354, 44.39278 ], [ -72.44404, 44.39294 ], [ -72.44399, 44.39381 ], [ -72.44406, 44.39399 ], [ -72.44439, 44.39411 ], [ -72.44476, 44.394 ], [ -72.44506, 44.39346 ], [ -72.44672, 44.3925 ] ] } },
{ "type": "Feature", "properties": { "lake": "Mirror", "depth": 5 }, "geometry": { "type": "LineString", "coordinates": [ [ -72.43997, 44.39869 ], [ -72.44015, 44.39864 ], [ -72.4401, 44.39839 ], [ -72.44025, 44.39836 ], [ -72.44036, 44.39803 ], [ -72.44016, 44.3976 ], [ -72.44051, 44.39654 ], [ -72.44065, 44.39552 ], [ -72.44204, 44.39357 ], [ -72.44319, 44.39259 ], [ -72.44411, 44.39226 ], [ -72.44441, 44.39315 ], [ -72.44421, 44.39349 ], [ -72.44421, 44.39391 ], [ -72.44469, 44.39398 ], [ -72.44521, 44.39325 ], [ -72.44621, 44.39275 ], [ -72.44686, 44.39202 ], [ -72.44721, 44.39196 ], [ -72.44714, 44.39312 ], [ -72.44665, 44.39481 ], [ -72.44692, 44.39639 ], [ -72.44671, 44.39673 ], [ -72.44644, 44.39674 ], [ -72.44629, 44.39695 ], [ -72.44576, 44.39882 ], [ -72.44471, 44.39912 ], [ -72.44419, 44.39964 ], [ -72.44291, 44.3997 ], [ -72.44195, 44.39901 ], [ -72.44181, 44.39821 ], [ -72.44089, 44.39821 ], [ -72.44044, 44.39853 ], [ -72.44056, 44.39859 ], [ -72.44049, 44.39882 ], [ -72.44015, 44.39884 ], [ -72.44044, 44.39895 ], [ -72.44026, 44.39943 ], [ -72.43997, 44.39944 ] ] } },
{ "type": "Feature", "properties": { "lake": "Mollys Falls", "depth": 30 }, "geometry": { "type": "LineString", "coordinates": [ [ -72.29247, 44.3624 ], [ -72.29268, 44.36248 ], [ -72.29267, 44.36272 ], [ -72.29198, 44.36322 ], [ -72.29183, 44.36304 ], [ -72.29213, 44.36256 ], [ -72.29247, 44.3624 ] ] } },
{ "type": "Feature", "properties": { "lake": "Mollys Falls", "depth": 30 }, "geometry": { "type": "LineString", "coordinates": [ [ -72.29724, 44.3612 ], [ -72.29804, 44.36128 ], [ -72.29844, 44.36184 ], [ -72.29706, 44.36189 ], [ -72.29685, 44.36233 ], [ -72.29648, 44.36224 ], [ -72.29646, 44.36184 ], [ -72.29672, 44.36176 ], [ -72.29665, 44.36152 ], [ -72.29714, 44.36152 ], [ -72.29724, 44.3612 ] ] } },
{ "type": "Feature", "properties": { "lake": "Mollys Falls", "depth": 5 }, "geometry": { "type": "LineString", "coordinates": [ [ -72.28638, 44.35679 ], [ -72.28571, 44.35689 ], [ -72.28544, 44.35737 ], [ -72.28596, 44.35763 ], [ -72.28676, 44.35705 ], [ -72.28671, 44.35689 ], [ -72.28638, 44.35679 ] ] } },
{ "type": "Feature", "properties": { "lake": "Mollys Falls", "depth": 5 }, "geometry": { "type": "LineString", "coordinates": [ [ -72.28869, 44.34731 ], [ -72.28923, 44.34771 ], [ -72.28924, 44.34835 ], [ -72.2887, 44.34843 ], [ -72.28869, 44.34731 ] ] } },
{ "type": "Feature", "properties": { "lake": "Mollys Falls", "depth": 20 }, "geometry": { "type": "LineString", "coordinates": [ [ -72.27849, 44.34531 ], [ -72.27908, 44.34554 ], [ -72.27951, 44.34631 ], [ -72.27946, 44.34699 ], [ -72.27982, 44.34798 ], [ -72.28069, 44.34843 ], [ -72.28137, 44.34938 ], [ -72.28217, 44.34986 ], [ -72.28217, 44.35066 ], [ -72.28268, 44.3509 ], [ -72.283, 44.35075 ], [ -72.28331, 44.35124 ], [ -72.28395, 44.35152 ], [ -72.28456, 44.35218 ], [ -72.28453, 44.35242 ], [ -72.28481, 44.35274 ], [ -72.28469, 44.35314 ], [ -72.28501, 44.35346 ], [ -72.28489, 44.35378 ], [ -72.28463, 44.35394 ], [ -72.28469, 44.35409 ], [ -72.28499, 44.35418 ], [ -72.28543, 44.35467 ], [ -72.28616, 44.35481 ], [ -72.28632, 44.35529 ], [ -72.28623, 44.35609 ], [ -72.28634, 44.35633 ], [ -72.28664, 44.35641 ], [ -72.28574, 44.3566 ], [ -72.28511, 44.35705 ], [ -72.28511, 44.35761 ], [ -72.28607, 44.35817 ], [ -72.28543, 44.35872 ], [ -72.285, 44.35877 ], [ -72.28488, 44.35905 ], [ -72.2853, 44.35913 ], [ -72.28543, 44.35886 ], [ -72.28632, 44.35921 ], [ -72.28631, 44.35992 ], [ -72.28652, 44.36032 ], [ -72.2867, 44.36033 ], [ -72.28679, 44.36072 ], [ -72.28777, 44.36112 ], [ -72.28814, 44.362 ], [ -72.2887, 44.36242 ], [ -72.28976, 44.36211 ], [ -72.29145, 44.36226 ], [ -72.29315, 44.36204 ], [ -72.2941, 44.36175 ], [ -72.29493, 44.36128 ], [ -72.29547, 44.36133 ], [ -72.2978, 44.36096 ], [ -72.29949, 44.36118 ], [ -72.30055, 44.36109 ], [ -72.30107, 44.36139 ], [ -72.3015, 44.36142 ], [ -72.30181, 44.36126 ], [ -72.30351, 44.36118 ], [ -72.30384, 44.36128 ], [ -72.30435, 44.36229 ], [ -72.30382, 44.36264 ], [ -72.30319, 44.36253 ], [ -72.30308, 44.36228 ], [ -72.30044, 44.36226 ], [ -72.29685, 44.36362 ], [ -72.29515, 44.36366 ], [ -72.29484, 44.36394 ], [ -72.29463, 44.36449 ], [ -72.2942, 44.36445 ], [ -72.29114, 44.36506 ], [ -72.28997, 44.36479 ], [ -72.29011, 44.36456 ], [ -72.28977, 44.36424 ], [ -72.28839, 44.36365 ], [ -72.28787, 44.3636 ], [ -72.28781, 44.36344 ], [ -72.28659, 44.36296 ], [ -72.28606, 44.36243 ], [ -72.28543, 44.36234 ], [ -72.28469, 44.36249 ], [ -72.28374, 44.36232 ], [ -72.28363, 44.36205 ], [ -72.28194, 44.36106 ], [ -72.28127, 44.3604 ], [ -72.28116, 44.36008 ], [ -72.2813, 44.35945 ], [ -72.28108, 44.35817 ], [ -72.28134, 44.35817 ], [ -72.28095, 44.35769 ], [ -72.28131, 44.35705 ], [ -72.28098, 44.35577 ], [ -72.28151, 44.35553 ], [ -72.28146, 44.35521 ], [ -72.28168, 44.35481 ], [ -72.2813, 44.35442 ], [ -72.2812, 44.35407 ], [ -72.28091, 44.35394 ], [ -72.28099, 44.3538 ], [ -72.28109, 44.35386 ], [ -72.28121, 44.35386 ], [ -72.28085, 44.35362 ], [ -72.28088, 44.35275 ], [ -72.28101, 44.35282 ], [ -72.28089, 44.35274 ], [ -72.28083, 44.35186 ], [ -72.28052, 44.35146 ], [ -72.28109, 44.35145 ], [ -72.28136, 44.3513 ], [ -72.28154, 44.3509 ], [ -72.28009, 44.35058 ], [ -72.27919, 44.34964 ], [ -72.27897, 44.34875 ], [ -72.27854, 44.34835 ], [ -72.27897, 44.34755 ], [ -72.27867, 44.34723 ], [ -72.27875, 44.34651 ], [ -72.27912, 44.34603 ], [ -72.27901, 44.34579 ], [ -72.27845, 44.34553 ], [ -72.27849, 44.34531 ] ] } },
{ "type": "Feature", "properties": { "lake": "Mollys Falls", "depth": 5 }, "geometry": { "type": "LineString", "coordinates": [ [ -72.29294, 44.343 ], [ -72.29346, 44.3434 ], [ -72.29347, 44.34403 ], [ -72.29293, 44.34403 ], [ -72.29294, 44.343 ] ] } },
{ "type": "Feature", "properties": { "lake": "Mollys Falls", "depth": 10 }, "geometry": { "type": "LineString", "coordinates": [ [ -72.27506, 44.343 ], [ -72.27719, 44.34348 ], [ -72.27847, 44.34467 ], [ -72.28021, 44.34539 ], [ -72.28048, 44.34587 ], [ -72.27987, 44.34643 ], [ -72.27986, 44.34675 ], [ -72.28056, 44.34736 ], [ -72.28162, 44.3475 ], [ -72.28192, 44.34779 ], [ -72.28088, 44.34794 ], [ -72.28091, 44.34819 ], [ -72.2813, 44.34844 ], [ -72.28162, 44.34836 ], [ -72.28183, 44.34874 ], [ -72.28218, 44.34883 ], [ -72.28218, 44.34914 ], [ -72.28256, 44.34946 ], [ -72.28278, 44.35001 ], [ -72.28321, 44.34996 ], [ -72.28365, 44.3505 ], [ -72.28348, 44.35106 ], [ -72.28384, 44.35115 ], [ -72.28485, 44.35202 ], [ -72.2854, 44.35346 ], [ -72.28543, 44.35426 ], [ -72.28683, 44.35489 ], [ -72.28677, 44.35529 ], [ -72.28648, 44.35569 ], [ -72.28655, 44.35593 ], [ -72.28691, 44.35613 ], [ -72.28722, 44.35573 ], [ -72.28775, 44.35564 ], [ -72.28807, 44.35577 ], [ -72.28811, 44.35657 ], [ -72.28745, 44.35665 ], [ -72.28722, 44.35697 ], [ -72.28659, 44.35664 ], [ -72.28574, 44.35672 ], [ -72.28538, 44.35697 ], [ -72.28535, 44.35745 ], [ -72.28606, 44.35786 ], [ -72.28611, 44.35753 ], [ -72.2867, 44.35732 ], [ -72.28676, 44.35753 ], [ -72.2863, 44.35801 ], [ -72.28663, 44.35833 ], [ -72.28644, 44.35889 ], [ -72.28671, 44.35921 ], [ -72.28676, 44.36016 ], [ -72.28706, 44.36056 ], [ -72.28765, 44.36074 ], [ -72.28783, 44.36104 ], [ -72.28813, 44.36112 ], [ -72.28852, 44.36184 ], [ -72.28881, 44.36193 ], [ -72.28889, 44.36176 ], [ -72.28955, 44.3615 ], [ -72.28987, 44.36155 ], [ -72.29018, 44.36188 ], [ -72.29145, 44.36198 ], [ -72.29262, 44.36185 ], [ -72.29336, 44.36169 ], [ -72.29452, 44.36109 ], [ -72.29748, 44.36069 ], [ -72.30086, 44.3609 ], [ -72.30107, 44.36105 ], [ -72.30171, 44.3611 ], [ -72.30224, 44.36087 ], [ -72.3033, 44.3608 ], [ -72.30361, 44.36088 ], [ -72.30446, 44.36192 ], [ -72.30455, 44.36232 ], [ -72.30501, 44.36296 ], [ -72.30489, 44.3632 ], [ -72.3045, 44.36312 ], [ -72.30404, 44.36269 ], [ -72.30382, 44.36279 ], [ -72.3033, 44.36264 ], [ -72.30192, 44.36267 ], [ -72.30129, 44.36289 ], [ -72.30065, 44.36277 ], [ -72.30016, 44.36296 ], [ -72.29917, 44.36301 ], [ -72.29843, 44.36318 ], [ -72.29737, 44.36376 ], [ -72.29558, 44.36392 ], [ -72.29528, 44.36408 ], [ -72.29505, 44.36476 ], [ -72.29378, 44.36527 ], [ -72.29209, 44.36526 ], [ -72.29124, 44.36568 ], [ -72.29061, 44.36537 ], [ -72.28986, 44.36527 ], [ -72.28965, 44.36504 ], [ -72.28978, 44.36488 ], [ -72.28959, 44.36456 ], [ -72.28915, 44.36424 ], [ -72.28775, 44.364 ], [ -72.28718, 44.36368 ], [ -72.28648, 44.36358 ], [ -72.28532, 44.36286 ], [ -72.28374, 44.3632 ], [ -72.28319, 44.36296 ], [ -72.2832, 44.3628 ], [ -72.28282, 44.36248 ], [ -72.28289, 44.36222 ], [ -72.2817, 44.36168 ], [ -72.27982, 44.3605 ], [ -72.27982, 44.36029 ], [ -72.27919, 44.35983 ], [ -72.27918, 44.35945 ], [ -72.27886, 44.35945 ], [ -72.27893, 44.35921 ], [ -72.27845, 44.35892 ], [ -72.28014, 44.35743 ], [ -72.28014, 44.35717 ], [ -72.2796, 44.35697 ], [ -72.2798, 44.35673 ], [ -72.27975, 44.35641 ], [ -72.281, 44.35513 ], [ -72.28009, 44.35402 ], [ -72.27985, 44.35322 ], [ -72.28023, 44.35194 ], [ -72.27973, 44.3517 ], [ -72.27972, 44.35146 ], [ -72.27943, 44.35122 ], [ -72.2794, 44.35074 ], [ -72.27863, 44.35002 ], [ -72.27836, 44.34914 ], [ -72.278, 44.34867 ], [ -72.27835, 44.34811 ], [ -72.2781, 44.34763 ], [ -72.27803, 44.34699 ], [ -72.27768, 44.34675 ], [ -72.27776, 44.34643 ], [ -72.27838, 44.34619 ], [ -72.27838, 44.34595 ], [ -72.27676, 44.34579 ], [ -72.27655, 44.34539 ], [ -72.27602, 44.34534 ], [ -72.27614, 44.34491 ], [ -72.27583, 44.34443 ], [ -72.27534, 44.34403 ], [ -72.27525, 44.34371 ], [ -72.27469, 44.3434 ], [ -72.27506, 44.343 ] ] } },
{ "type": "Feature", "properties": { "lake": "Mollys Falls", "depth": 5 }, "geometry": { "type": "LineString", "coordinates": [ [ -72.27431, 44.34268 ], [ -72.27528, 44.34266 ], [ -72.27729, 44.34328 ], [ -72.27903, 44.34435 ], [ -72.27951, 44.34486 ], [ -72.28074, 44.34539 ], [ -72.28053, 44.34619 ], [ -72.28003, 44.34643 ], [ -72.28015, 44.34683 ], [ -72.28056, 44.34714 ], [ -72.28162, 44.34704 ], [ -72.28194, 44.34718 ], [ -72.28204, 44.34754 ], [ -72.28238, 44.34771 ], [ -72.28183, 44.34813 ], [ -72.28166, 44.34811 ], [ -72.28194, 44.34855 ], [ -72.28254, 44.34875 ], [ -72.28294, 44.34938 ], [ -72.28364, 44.34986 ], [ -72.2835, 44.35018 ], [ -72.28396, 44.3505 ], [ -72.28405, 44.35126 ], [ -72.28448, 44.35146 ], [ -72.2849, 44.35106 ], [ -72.28523, 44.35122 ], [ -72.28544, 44.3517 ], [ -72.28507, 44.35202 ], [ -72.28512, 44.35266 ], [ -72.2861, 44.35306 ], [ -72.28561, 44.3533 ], [ -72.28565, 44.35426 ], [ -72.2868, 44.35467 ], [ -72.28744, 44.35458 ], [ -72.28745, 44.35442 ], [ -72.28764, 44.35449 ], [ -72.28754, 44.35474 ], [ -72.28705, 44.35497 ], [ -72.28695, 44.35537 ], [ -72.28701, 44.35554 ], [ -72.28765, 44.35536 ], [ -72.28807, 44.35548 ], [ -72.28826, 44.35577 ], [ -72.28825, 44.35657 ], [ -72.28754, 44.35681 ], [ -72.28661, 44.35785 ], [ -72.28678, 44.35809 ], [ -72.28708, 44.35817 ], [ -72.28685, 44.35833 ], [ -72.28668, 44.35897 ], [ -72.28693, 44.36 ], [ -72.28733, 44.36055 ], [ -72.28807, 44.36065 ], [ -72.2886, 44.36108 ], [ -72.28888, 44.36104 ], [ -72.28923, 44.36127 ], [ -72.28985, 44.36128 ], [ -72.29043, 44.36168 ], [ -72.29167, 44.36187 ], [ -72.29336, 44.36151 ], [ -72.29452, 44.36087 ], [ -72.29568, 44.36086 ], [ -72.29674, 44.36058 ], [ -72.29991, 44.36064 ], [ -72.30129, 44.36086 ], [ -72.30308, 44.36051 ], [ -72.30373, 44.36088 ], [ -72.30414, 44.36136 ], [ -72.30507, 44.3628 ], [ -72.30506, 44.36312 ], [ -72.30488, 44.36331 ], [ -72.30456, 44.36332 ], [ -72.30404, 44.36301 ], [ -72.30308, 44.36279 ], [ -72.3016, 44.36306 ], [ -72.29917, 44.36319 ], [ -72.29695, 44.36397 ], [ -72.29566, 44.36408 ], [ -72.29502, 44.36504 ], [ -72.29452, 44.36513 ], [ -72.29367, 44.36559 ], [ -72.29241, 44.3654 ], [ -72.29185, 44.36551 ], [ -72.29114, 44.36599 ], [ -72.29095, 44.36575 ], [ -72.28975, 44.36543 ], [ -72.28936, 44.36448 ], [ -72.2886, 44.36437 ], [ -72.28839, 44.3642 ], [ -72.28754, 44.36416 ], [ -72.28712, 44.36387 ], [ -72.28646, 44.36376 ], [ -72.28521, 44.3632 ], [ -72.28479, 44.36314 ], [ -72.28426, 44.36337 ], [ -72.28369, 44.36336 ], [ -72.28307, 44.36296 ], [ -72.28194, 44.36178 ], [ -72.28041, 44.36104 ], [ -72.27908, 44.36006 ], [ -72.27837, 44.35992 ], [ -72.27803, 44.35953 ], [ -72.27796, 44.35897 ], [ -72.27845, 44.35822 ], [ -72.27946, 44.35745 ], [ -72.2792, 44.35705 ], [ -72.27945, 44.35673 ], [ -72.2795, 44.35625 ], [ -72.28021, 44.35553 ], [ -72.28029, 44.35537 ], [ -72.28013, 44.35529 ], [ -72.28058, 44.35529 ], [ -72.28028, 44.35521 ], [ -72.28023, 44.35497 ], [ -72.27986, 44.35465 ], [ -72.27998, 44.3541 ], [ -72.27969, 44.35322 ], [ -72.27994, 44.3521 ], [ -72.27949, 44.3517 ], [ -72.27927, 44.3513 ], [ -72.27923, 44.35074 ], [ -72.27877, 44.35048 ], [ -72.27824, 44.34922 ], [ -72.27778, 44.34875 ], [ -72.27807, 44.34803 ], [ -72.27781, 44.34784 ], [ -72.27777, 44.34731 ], [ -72.27739, 44.34704 ], [ -72.27735, 44.34675 ], [ -72.27812, 44.34603 ], [ -72.27633, 44.34585 ], [ -72.2763, 44.34563 ], [ -72.27582, 44.34531 ], [ -72.27591, 44.34488 ], [ -72.27528, 44.34423 ], [ -72.27507, 44.34371 ], [ -72.27464, 44.34364 ], [ -72.27417, 44.34316 ], [ -72.27431, 44.34268 ] ] } },
{ "type": "Feature", "properties": { "lake": "Morey", "depth": 30 }, "geometry": { "type": "LineString", "coordinates": [ [ -72.15663, 43.91249 ], [ -72.15915, 43.91272 ], [ -72.15986, 43.91298 ], [ -72.16, 43.9133 ], [ -72.16028, 43.91347 ], [ -72.16016, 43.91428 ], [ -72.16032, 43.91477 ], [ -72.16011, 43.91493 ], [ -72.15994, 43.91562 ], [ -72.15941, 43.91606 ], [ -72.15935, 43.91631 ], [ -72.15946, 43.91801 ], [ -72.15912, 43.91858 ], [ -72.15877, 43.91866 ], [ -72.1585, 43.91907 ], [ -72.1575, 43.91953 ], [ -72.15705, 43.92029 ], [ -72.15713, 43.92077 ], [ -72.15788, 43.92159 ], [ -72.15782, 43.92224 ], [ -72.15764, 43.92256 ], [ -72.15771, 43.92297 ], [ -72.15799, 43.92313 ], [ -72.15759, 43.92345 ], [ -72.15751, 43.92362 ], [ -72.15767, 43.92386 ], [ -72.15727, 43.92435 ], [ -72.15637, 43.92524 ], [ -72.15584, 43.92551 ], [ -72.15565, 43.92581 ], [ -72.15403, 43.92699 ], [ -72.15363, 43.92703 ], [ -72.15221, 43.928 ], [ -72.15174, 43.92808 ], [ -72.15081, 43.92865 ], [ -72.14946, 43.92918 ], [ -72.14583, 43.92938 ], [ -72.14512, 43.92923 ], [ -72.14433, 43.92957 ], [ -72.14283, 43.92933 ], [ -72.14228, 43.92899 ], [ -72.14239, 43.92881 ], [ -72.14228, 43.92872 ], [ -72.14287, 43.92857 ], [ -72.14291, 43.92824 ], [ -72.14307, 43.9281 ], [ -72.14323, 43.92818 ], [ -72.14349, 43.92768 ], [ -72.14391, 43.92743 ], [ -72.14402, 43.92684 ], [ -72.14555, 43.92508 ], [ -72.14832, 43.91996 ], [ -72.14886, 43.91964 ], [ -72.14988, 43.91842 ], [ -72.15194, 43.91468 ], [ -72.1525, 43.91444 ], [ -72.15332, 43.91377 ], [ -72.15363, 43.91372 ], [ -72.15411, 43.91322 ], [ -72.15522, 43.91274 ], [ -72.15663, 43.91249 ] ] } },
{ "type": "Feature", "properties": { "lake": "Morey", "depth": 20 }, "geometry": { "type": "LineString", "coordinates": [ [ -72.15662, 43.91136 ], [ -72.15718, 43.91143 ], [ -72.15765, 43.91171 ], [ -72.15821, 43.91166 ], [ -72.15931, 43.91222 ], [ -72.15955, 43.91254 ], [ -72.15994, 43.91253 ], [ -72.16034, 43.91276 ], [ -72.16051, 43.91306 ], [ -72.16042, 43.91428 ], [ -72.16062, 43.91509 ], [ -72.16006, 43.91566 ], [ -72.15955, 43.91655 ], [ -72.15979, 43.91712 ], [ -72.15971, 43.91834 ], [ -72.1594, 43.91874 ], [ -72.15773, 43.91974 ], [ -72.15738, 43.92012 ], [ -72.15742, 43.92077 ], [ -72.1586, 43.92102 ], [ -72.15874, 43.92126 ], [ -72.15853, 43.92159 ], [ -72.15884, 43.92173 ], [ -72.15901, 43.92215 ], [ -72.15781, 43.92508 ], [ -72.15541, 43.92711 ], [ -72.15458, 43.92725 ], [ -72.15458, 43.92759 ], [ -72.15332, 43.92839 ], [ -72.15245, 43.92856 ], [ -72.15195, 43.92897 ], [ -72.15095, 43.92935 ], [ -72.15056, 43.92969 ], [ -72.14906, 43.92995 ], [ -72.14852, 43.93027 ], [ -72.14717, 43.93062 ], [ -72.14638, 43.93053 ], [ -72.14599, 43.93085 ], [ -72.14512, 43.93059 ], [ -72.14473, 43.93031 ], [ -72.14346, 43.93049 ], [ -72.14228, 43.93106 ], [ -72.14116, 43.93198 ], [ -72.14, 43.93227 ], [ -72.13953, 43.93044 ], [ -72.1399, 43.92946 ], [ -72.14059, 43.92881 ], [ -72.14094, 43.92816 ], [ -72.14197, 43.92764 ], [ -72.14228, 43.92709 ], [ -72.14394, 43.92641 ], [ -72.1447, 43.92581 ], [ -72.14536, 43.92491 ], [ -72.14525, 43.92475 ], [ -72.14544, 43.92465 ], [ -72.14544, 43.92443 ], [ -72.14563, 43.92435 ], [ -72.14616, 43.92353 ], [ -72.14656, 43.9224 ], [ -72.14691, 43.92207 ], [ -72.14704, 43.92159 ], [ -72.14782, 43.92061 ], [ -72.14809, 43.91996 ], [ -72.14935, 43.9185 ], [ -72.14959, 43.91842 ], [ -72.14993, 43.91766 ], [ -72.15058, 43.91704 ], [ -72.15074, 43.91639 ], [ -72.15158, 43.91469 ], [ -72.15218, 43.91428 ], [ -72.15245, 43.91347 ], [ -72.15282, 43.9133 ], [ -72.15348, 43.91246 ], [ -72.1549, 43.91197 ], [ -72.15501, 43.91176 ], [ -72.15576, 43.91142 ], [ -72.15631, 43.91149 ], [ -72.15662, 43.91136 ] ] } },
{ "type": "Feature", "properties": { "lake": "Morey", "depth": 10 }, "geometry": { "type": "LineString", "coordinates": [ [ -72.15622, 43.91103 ], [ -72.15679, 43.91101 ], [ -72.15765, 43.91134 ], [ -72.15829, 43.91139 ], [ -72.1586, 43.91169 ], [ -72.15907, 43.91171 ], [ -72.15955, 43.91228 ], [ -72.16045, 43.91274 ], [ -72.16062, 43.91314 ], [ -72.1607, 43.91517 ], [ -72.16006, 43.9159 ], [ -72.15983, 43.91655 ], [ -72.15997, 43.91834 ], [ -72.15943, 43.91891 ], [ -72.15753, 43.92012 ], [ -72.15765, 43.92049 ], [ -72.15915, 43.92121 ], [ -72.15923, 43.92167 ], [ -72.15915, 43.92266 ], [ -72.15845, 43.92386 ], [ -72.15847, 43.92435 ], [ -72.15811, 43.925 ], [ -72.15826, 43.92516 ], [ -72.15813, 43.92539 ], [ -72.15706, 43.92589 ], [ -72.15718, 43.92613 ], [ -72.15663, 43.92628 ], [ -72.15655, 43.92656 ], [ -72.15576, 43.92718 ], [ -72.15501, 43.92735 ], [ -72.155, 43.92751 ], [ -72.15411, 43.92806 ], [ -72.15403, 43.92828 ], [ -72.15195, 43.9293 ], [ -72.14993, 43.92993 ], [ -72.14957, 43.93027 ], [ -72.14796, 43.93089 ], [ -72.14685, 43.93107 ], [ -72.14614, 43.931 ], [ -72.14567, 43.93119 ], [ -72.14465, 43.93098 ], [ -72.14417, 43.93071 ], [ -72.14332, 43.93076 ], [ -72.14236, 43.93149 ], [ -72.14181, 43.93229 ], [ -72.14078, 43.93259 ], [ -72.13954, 43.93344 ], [ -72.13897, 43.93341 ], [ -72.13918, 43.93263 ], [ -72.13885, 43.93174 ], [ -72.13912, 43.93149 ], [ -72.13912, 43.931 ], [ -72.13894, 43.93084 ], [ -72.13917, 43.93035 ], [ -72.13905, 43.92979 ], [ -72.13929, 43.92942 ], [ -72.14028, 43.92857 ], [ -72.14097, 43.92759 ], [ -72.14171, 43.92727 ], [ -72.14169, 43.92703 ], [ -72.14307, 43.92657 ], [ -72.14331, 43.92633 ], [ -72.14371, 43.92638 ], [ -72.14473, 43.92547 ], [ -72.14489, 43.92524 ], [ -72.14485, 43.925 ], [ -72.14511, 43.92491 ], [ -72.14504, 43.92475 ], [ -72.14623, 43.92288 ], [ -72.14618, 43.92248 ], [ -72.14658, 43.92224 ], [ -72.1467, 43.9216 ], [ -72.1473, 43.92102 ], [ -72.14746, 43.92053 ], [ -72.14938, 43.91798 ], [ -72.15033, 43.91704 ], [ -72.15045, 43.91639 ], [ -72.15115, 43.91525 ], [ -72.15116, 43.91493 ], [ -72.1521, 43.91412 ], [ -72.15204, 43.91371 ], [ -72.15222, 43.91333 ], [ -72.15356, 43.91206 ], [ -72.15426, 43.91184 ], [ -72.15482, 43.91141 ], [ -72.15529, 43.91139 ], [ -72.15622, 43.91103 ] ] } },
{ "type": "Feature", "properties": { "lake": "Morey", "depth": 5 }, "geometry": { "type": "LineString", "coordinates": [ [ -72.15648, 43.91079 ], [ -72.15758, 43.91099 ], [ -72.15876, 43.91146 ], [ -72.15915, 43.91135 ], [ -72.15955, 43.91192 ], [ -72.1596, 43.91225 ], [ -72.16049, 43.91273 ], [ -72.16067, 43.91314 ], [ -72.16076, 43.91517 ], [ -72.16002, 43.91629 ], [ -72.16009, 43.91818 ], [ -72.15957, 43.91891 ], [ -72.15812, 43.91972 ], [ -72.1577, 43.92012 ], [ -72.15806, 43.92061 ], [ -72.15915, 43.92107 ], [ -72.15936, 43.92207 ], [ -72.15914, 43.92337 ], [ -72.1586, 43.92378 ], [ -72.15873, 43.92435 ], [ -72.15852, 43.92483 ], [ -72.15828, 43.925 ], [ -72.15823, 43.9254 ], [ -72.15765, 43.92594 ], [ -72.15742, 43.92598 ], [ -72.15731, 43.92621 ], [ -72.15665, 43.92646 ], [ -72.15655, 43.92675 ], [ -72.15595, 43.92727 ], [ -72.15513, 43.92751 ], [ -72.15324, 43.92891 ], [ -72.15224, 43.92938 ], [ -72.15095, 43.92971 ], [ -72.14938, 43.9306 ], [ -72.14743, 43.93133 ], [ -72.14701, 43.93166 ], [ -72.14654, 43.93169 ], [ -72.14638, 43.93147 ], [ -72.14528, 43.93148 ], [ -72.14394, 43.93089 ], [ -72.14354, 43.93092 ], [ -72.14268, 43.93149 ], [ -72.14232, 43.93206 ], [ -72.14237, 43.9323 ], [ -72.14212, 43.93252 ], [ -72.14055, 43.93303 ], [ -72.1396, 43.93373 ], [ -72.13913, 43.93366 ], [ -72.13873, 43.93388 ], [ -72.13834, 43.93362 ], [ -72.13854, 43.93344 ], [ -72.13852, 43.9332 ], [ -72.13891, 43.93303 ], [ -72.13844, 43.93255 ], [ -72.13875, 43.931 ], [ -72.13865, 43.93076 ], [ -72.13895, 43.93035 ], [ -72.13879, 43.92979 ], [ -72.13903, 43.92922 ], [ -72.14031, 43.92833 ], [ -72.14039, 43.92774 ], [ -72.14094, 43.92724 ], [ -72.14228, 43.9266 ], [ -72.14306, 43.92646 ], [ -72.143, 43.9263 ], [ -72.1437, 43.92622 ], [ -72.14473, 43.92534 ], [ -72.1448, 43.92491 ], [ -72.14597, 43.92321 ], [ -72.14609, 43.92248 ], [ -72.14646, 43.92214 ], [ -72.14665, 43.92159 ], [ -72.14723, 43.92094 ], [ -72.14817, 43.91939 ], [ -72.15029, 43.9168 ], [ -72.15094, 43.91509 ], [ -72.1519, 43.91401 ], [ -72.15208, 43.91322 ], [ -72.15251, 43.91274 ], [ -72.15332, 43.91205 ], [ -72.15395, 43.91173 ], [ -72.15419, 43.91178 ], [ -72.15458, 43.91138 ], [ -72.15509, 43.91127 ], [ -72.15584, 43.91084 ], [ -72.15648, 43.91079 ] ] } },
{ "type": "Feature", "properties": { "lake": "Neal", "depth": 30 }, "geometry": { "type": "LineString", "coordinates": [ [ -71.69219, 44.49142 ], [ -71.69304, 44.49141 ], [ -71.6934, 44.49196 ], [ -71.69334, 44.4923 ], [ -71.6937, 44.49286 ], [ -71.69362, 44.49361 ], [ -71.6934, 44.49402 ], [ -71.69163, 44.49362 ], [ -71.69119, 44.49286 ], [ -71.69132, 44.4923 ], [ -71.69182, 44.49205 ], [ -71.69199, 44.49154 ], [ -71.69219, 44.49142 ] ] } },
{ "type": "Feature", "properties": { "lake": "Neal", "depth": 20 }, "geometry": { "type": "LineString", "coordinates": [ [ -71.69284, 44.48741 ], [ -71.6937, 44.48756 ], [ -71.69442, 44.48849 ], [ -71.69409, 44.49163 ], [ -71.69461, 44.49197 ], [ -71.69458, 44.4923 ], [ -71.69472, 44.49245 ], [ -71.69459, 44.49271 ], [ -71.69478, 44.49312 ], [ -71.6947, 44.49414 ], [ -71.69414, 44.49451 ], [ -71.69398, 44.49534 ], [ -71.69376, 44.49564 ], [ -71.69326, 44.4959 ], [ -71.69307, 44.49586 ], [ -71.69296, 44.49553 ], [ -71.69254, 44.49512 ], [ -71.69097, 44.49477 ], [ -71.69082, 44.49451 ], [ -71.69082, 44.49327 ], [ -71.69033, 44.49291 ], [ -71.69033, 44.49196 ], [ -71.69088, 44.49153 ], [ -71.69102, 44.49122 ], [ -71.69082, 44.49086 ], [ -71.69088, 44.4904 ], [ -71.69061, 44.4902 ], [ -71.69061, 44.48972 ], [ -71.69204, 44.48875 ], [ -71.69213, 44.48806 ], [ -71.69284, 44.48741 ] ] } },
{ "type": "Feature", "properties": { "lake": "Neal", "depth": 10 }, "geometry": { "type": "LineString", "coordinates": [ [ -71.69068, 44.48438 ], [ -71.69163, 44.48487 ], [ -71.6924, 44.48487 ], [ -71.69268, 44.48472 ], [ -71.69414, 44.48577 ], [ -71.69456, 44.48591 ], [ -71.69448, 44.48623 ], [ -71.69464, 44.48651 ], [ -71.6955, 44.48684 ], [ -71.69578, 44.48713 ], [ -71.696, 44.48814 ], [ -71.69591, 44.48919 ], [ -71.69572, 44.48955 ], [ -71.69531, 44.4897 ], [ -71.6953, 44.49003 ], [ -71.69564, 44.49019 ], [ -71.69536, 44.49087 ], [ -71.69472, 44.49111 ], [ -71.695, 44.49163 ], [ -71.69471, 44.49225 ], [ -71.69492, 44.49235 ], [ -71.69495, 44.49257 ], [ -71.69514, 44.49259 ], [ -71.69522, 44.49317 ], [ -71.69578, 44.49399 ], [ -71.69539, 44.49437 ], [ -71.69515, 44.49502 ], [ -71.69486, 44.49518 ], [ -71.69574, 44.49579 ], [ -71.6958, 44.49636 ], [ -71.69536, 44.49653 ], [ -71.695, 44.49646 ], [ -71.69442, 44.49678 ], [ -71.6942, 44.49666 ], [ -71.69226, 44.49674 ], [ -71.69138, 44.496 ], [ -71.69069, 44.49564 ], [ -71.6898, 44.49482 ], [ -71.68939, 44.49478 ], [ -71.68939, 44.49422 ], [ -71.68964, 44.49386 ], [ -71.68967, 44.49262 ], [ -71.68995, 44.49214 ], [ -71.68982, 44.49183 ], [ -71.68997, 44.49163 ], [ -71.68967, 44.49129 ], [ -71.68958, 44.49083 ], [ -71.68925, 44.49055 ], [ -71.68947, 44.49007 ], [ -71.68986, 44.48988 ], [ -71.68986, 44.48963 ], [ -71.68947, 44.48947 ], [ -71.69, 44.48845 ], [ -71.69001, 44.48767 ], [ -71.68973, 44.48736 ], [ -71.6903, 44.48652 ], [ -71.69025, 44.48602 ], [ -71.69047, 44.48549 ], [ -71.69081, 44.4852 ], [ -71.69074, 44.48484 ], [ -71.69044, 44.48468 ], [ -71.69068, 44.48438 ] ] } },
{ "type": "Feature", "properties": { "lake": "Neal", "depth": 5 }, "geometry": { "type": "LineString", "coordinates": [ [ -71.69082, 44.48329 ], [ -71.69102, 44.48329 ], [ -71.69105, 44.48403 ], [ -71.69188, 44.48423 ], [ -71.69207, 44.4846 ], [ -71.69276, 44.48454 ], [ -71.69334, 44.48511 ], [ -71.69478, 44.486 ], [ -71.695, 44.48654 ], [ -71.69572, 44.48673 ], [ -71.69613, 44.48708 ], [ -71.69627, 44.48757 ], [ -71.69622, 44.48781 ], [ -71.69602, 44.48787 ], [ -71.69623, 44.48808 ], [ -71.69622, 44.48839 ], [ -71.6961, 44.48839 ], [ -71.69624, 44.4887 ], [ -71.6961, 44.48983 ], [ -71.69622, 44.48995 ], [ -71.69564, 44.49091 ], [ -71.69517, 44.4912 ], [ -71.6952, 44.49183 ], [ -71.69507, 44.49219 ], [ -71.696, 44.4942 ], [ -71.69528, 44.49523 ], [ -71.69628, 44.4961 ], [ -71.69622, 44.49643 ], [ -71.69572, 44.49668 ], [ -71.69456, 44.49691 ], [ -71.69329, 44.49689 ], [ -71.69304, 44.49704 ], [ -71.69226, 44.49689 ], [ -71.69168, 44.49669 ], [ -71.69094, 44.49597 ], [ -71.69025, 44.49572 ], [ -71.6898, 44.49511 ], [ -71.68906, 44.49502 ], [ -71.68923, 44.49477 ], [ -71.68917, 44.49424 ], [ -71.68945, 44.49374 ], [ -71.68924, 44.49322 ], [ -71.68936, 44.49312 ], [ -71.68911, 44.49302 ], [ -71.68936, 44.49279 ], [ -71.68964, 44.49173 ], [ -71.6891, 44.4906 ], [ -71.68945, 44.48988 ], [ -71.68924, 44.48916 ], [ -71.68939, 44.48818 ], [ -71.68925, 44.4879 ], [ -71.68938, 44.48767 ], [ -71.6893, 44.48736 ], [ -71.69, 44.48651 ], [ -71.69011, 44.48551 ], [ -71.6904, 44.48535 ], [ -71.69003, 44.48499 ], [ -71.69003, 44.48457 ], [ -71.69047, 44.48386 ], [ -71.69041, 44.48371 ], [ -71.6908, 44.48367 ], [ -71.69088, 44.48341 ], [ -71.6906, 44.48335 ], [ -71.69088, 44.48339 ], [ -71.69082, 44.48329 ] ] } },
{ "type": "Feature", "properties": { "lake": "Newark", "depth": 20 }, "geometry": { "type": "LineString", "coordinates": [ [ -71.98286, 44.71257 ], [ -71.98343, 44.71283 ], [ -71.98337, 44.71338 ], [ -71.98357, 44.71352 ], [ -71.98264, 44.71448 ], [ -71.98235, 44.71504 ], [ -71.98236, 44.71536 ], [ -71.98285, 44.71562 ], [ -71.9828, 44.71581 ], [ -71.983, 44.71608 ], [ -71.98328, 44.71602 ], [ -71.98321, 44.71621 ], [ -71.98335, 44.71625 ], [ -71.98287, 44.71683 ], [ -71.98344, 44.71702 ], [ -71.98345, 44.71731 ], [ -71.98371, 44.71756 ], [ -71.98363, 44.71787 ], [ -71.98378, 44.71792 ], [ -71.98358, 44.71805 ], [ -71.98373, 44.71836 ], [ -71.98393, 44.71838 ], [ -71.9835, 44.7185 ], [ -71.98373, 44.71886 ], [ -71.9835, 44.7193 ], [ -71.98363, 44.7194 ], [ -71.98357, 44.71971 ], [ -71.98328, 44.72014 ], [ -71.98257, 44.72027 ], [ -71.98242, 44.72046 ], [ -71.98199, 44.72029 ], [ -71.98148, 44.72047 ], [ -71.9811, 44.72029 ], [ -71.98012, 44.72045 ], [ -71.97926, 44.71942 ], [ -71.97924, 44.71895 ], [ -71.97904, 44.71887 ], [ -71.97902, 44.71864 ], [ -71.97941, 44.71772 ], [ -71.97967, 44.71769 ], [ -71.97962, 44.71734 ], [ -71.98018, 44.71581 ], [ -71.9801, 44.71548 ], [ -71.97977, 44.71538 ], [ -71.97977, 44.71513 ], [ -71.98002, 44.71501 ], [ -71.98012, 44.7147 ], [ -71.9809, 44.71429 ], [ -71.98091, 44.71383 ], [ -71.98054, 44.71374 ], [ -71.98078, 44.71346 ], [ -71.98133, 44.71333 ], [ -71.98136, 44.71306 ], [ -71.98199, 44.7126 ], [ -71.98234, 44.71273 ], [ -71.98285, 44.7127 ], [ -71.98286, 44.71257 ] ] } },
{ "type": "Feature", "properties": { "lake": "Newark", "depth": 10 }, "geometry": { "type": "LineString", "coordinates": [ [ -71.98249, 44.711 ], [ -71.98277, 44.71096 ], [ -71.98295, 44.71117 ], [ -71.98378, 44.71117 ], [ -71.98373, 44.71132 ], [ -71.98421, 44.71142 ], [ -71.98451, 44.71178 ], [ -71.98479, 44.71179 ], [ -71.98499, 44.71225 ], [ -71.98487, 44.71307 ], [ -71.98466, 44.71329 ], [ -71.98487, 44.71359 ], [ -71.98464, 44.71392 ], [ -71.98499, 44.71418 ], [ -71.98499, 44.71453 ], [ -71.98459, 44.71524 ], [ -71.98464, 44.71561 ], [ -71.98423, 44.71567 ], [ -71.98387, 44.71621 ], [ -71.98408, 44.71721 ], [ -71.98514, 44.71808 ], [ -71.98517, 44.71877 ], [ -71.98494, 44.71946 ], [ -71.98466, 44.71955 ], [ -71.98416, 44.72014 ], [ -71.98436, 44.72045 ], [ -71.98393, 44.72097 ], [ -71.98322, 44.72084 ], [ -71.98242, 44.72158 ], [ -71.98156, 44.72168 ], [ -71.9809, 44.72152 ], [ -71.98027, 44.72157 ], [ -71.97961, 44.72106 ], [ -71.97967, 44.72088 ], [ -71.97934, 44.72044 ], [ -71.97939, 44.72017 ], [ -71.97896, 44.71995 ], [ -71.97868, 44.71914 ], [ -71.97881, 44.71904 ], [ -71.97868, 44.71891 ], [ -71.97868, 44.71833 ], [ -71.97888, 44.7181 ], [ -71.97904, 44.71733 ], [ -71.97926, 44.71715 ], [ -71.97919, 44.71684 ], [ -71.97944, 44.71598 ], [ -71.97934, 44.71463 ], [ -71.97951, 44.71444 ], [ -71.97954, 44.71396 ], [ -71.97967, 44.71395 ], [ -71.97992, 44.71266 ], [ -71.9804, 44.71221 ], [ -71.98047, 44.71177 ], [ -71.98179, 44.7111 ], [ -71.98249, 44.711 ] ] } },
{ "type": "Feature", "properties": { "lake": "Newark", "depth": 5 }, "geometry": { "type": "LineString", "coordinates": [ [ -71.98294, 44.71015 ], [ -71.98355, 44.71016 ], [ -71.98436, 44.71043 ], [ -71.98529, 44.71148 ], [ -71.98538, 44.71248 ], [ -71.98509, 44.71318 ], [ -71.985, 44.7141 ], [ -71.98509, 44.71599 ], [ -71.98531, 44.71644 ], [ -71.98451, 44.71597 ], [ -71.98415, 44.71666 ], [ -71.98446, 44.7173 ], [ -71.98466, 44.71738 ], [ -71.98537, 44.71716 ], [ -71.98524, 44.71666 ], [ -71.98545, 44.71674 ], [ -71.98546, 44.71729 ], [ -71.98565, 44.71765 ], [ -71.98546, 44.71796 ], [ -71.98538, 44.7194 ], [ -71.98459, 44.71994 ], [ -71.98436, 44.72057 ], [ -71.98464, 44.72122 ], [ -71.98423, 44.72141 ], [ -71.98429, 44.72156 ], [ -71.98401, 44.72164 ], [ -71.98398, 44.72185 ], [ -71.98381, 44.72172 ], [ -71.9837, 44.72186 ], [ -71.98305, 44.72195 ], [ -71.98277, 44.72183 ], [ -71.98242, 44.72198 ], [ -71.98179, 44.72193 ], [ -71.98136, 44.72206 ], [ -71.98141, 44.72222 ], [ -71.98103, 44.72242 ], [ -71.98083, 44.72212 ], [ -71.98035, 44.72209 ], [ -71.9802, 44.72228 ], [ -71.9809, 44.72244 ], [ -71.98103, 44.72266 ], [ -71.98068, 44.7229 ], [ -71.97997, 44.72306 ], [ -71.98017, 44.72268 ], [ -71.97984, 44.72254 ], [ -71.98011, 44.72236 ], [ -71.97983, 44.72205 ], [ -71.9801, 44.72193 ], [ -71.98017, 44.72159 ], [ -71.97989, 44.72125 ], [ -71.97911, 44.72094 ], [ -71.97852, 44.71936 ], [ -71.97861, 44.71835 ], [ -71.97924, 44.71662 ], [ -71.97926, 44.71443 ], [ -71.97997, 44.71225 ], [ -71.98093, 44.71088 ], [ -71.98211, 44.71082 ], [ -71.98294, 44.71015 ] ] } },
{ "type": "Feature", "properties": { "lake": "Ninevah", "depth": 5 }, "geometry": { "type": "LineString", "coordinates": [ [ -72.7576, 43.47267 ], [ -72.75739, 43.47276 ], [ -72.75738, 43.47317 ], [ -72.7581, 43.47295 ], [ -72.75805, 43.4728 ], [ -72.7576, 43.47267 ] ] } },
{ "type": "Feature", "properties": { "lake": "Ninevah", "depth": 10 }, "geometry": { "type": "LineString", "coordinates": [ [ -72.7527, 43.46666 ], [ -72.75344, 43.46677 ], [ -72.75418, 43.46719 ], [ -72.75439, 43.46715 ], [ -72.75505, 43.46765 ], [ -72.7565, 43.46776 ], [ -72.757, 43.4684 ], [ -72.75691, 43.46848 ], [ -72.75725, 43.46886 ], [ -72.75724, 43.46912 ], [ -72.75756, 43.46906 ], [ -72.75763, 43.46935 ], [ -72.75794, 43.46961 ], [ -72.75781, 43.46991 ], [ -72.75752, 43.46992 ], [ -72.75793, 43.46996 ], [ -72.75826, 43.47026 ], [ -72.75892, 43.47025 ], [ -72.75895, 43.47048 ], [ -72.75926, 43.47056 ], [ -72.75908, 43.47067 ], [ -72.7593, 43.47079 ], [ -72.75917, 43.47101 ], [ -72.75948, 43.47128 ], [ -72.75937, 43.47158 ], [ -72.75974, 43.47173 ], [ -72.75952, 43.47211 ], [ -72.75975, 43.47238 ], [ -72.7597, 43.47265 ], [ -72.75913, 43.47242 ], [ -72.75867, 43.47253 ], [ -72.75883, 43.47264 ], [ -72.75847, 43.47265 ], [ -72.75805, 43.47232 ], [ -72.7576, 43.4723 ], [ -72.7569, 43.47271 ], [ -72.75583, 43.47291 ], [ -72.75455, 43.47219 ], [ -72.75459, 43.47201 ], [ -72.75377, 43.47172 ], [ -72.75072, 43.47122 ], [ -72.75019, 43.47048 ], [ -72.75034, 43.47022 ], [ -72.75024, 43.46977 ], [ -72.75088, 43.46865 ], [ -72.75176, 43.46806 ], [ -72.75179, 43.46765 ], [ -72.75202, 43.46749 ], [ -72.75227, 43.46689 ], [ -72.7527, 43.46666 ] ] } },
{ "type": "Feature", "properties": { "lake": "Ninevah", "depth": 5 }, "geometry": { "type": "LineString", "coordinates": [ [ -72.7532, 43.46621 ], [ -72.75352, 43.46624 ], [ -72.7541, 43.46681 ], [ -72.75496, 43.46707 ], [ -72.75533, 43.46748 ], [ -72.75595, 43.46722 ], [ -72.75678, 43.46739 ], [ -72.75756, 43.46725 ], [ -72.75782, 43.46685 ], [ -72.75777, 43.4667 ], [ -72.75822, 43.46646 ], [ -72.75847, 43.46667 ], [ -72.75892, 43.46667 ], [ -72.7604, 43.46732 ], [ -72.76091, 43.46814 ], [ -72.76094, 43.46862 ], [ -72.76077, 43.46881 ], [ -72.76024, 43.46888 ], [ -72.75996, 43.46958 ], [ -72.76047, 43.47037 ], [ -72.76033, 43.47056 ], [ -72.76065, 43.47124 ], [ -72.76061, 43.47145 ], [ -72.76102, 43.47169 ], [ -72.7612, 43.4723 ], [ -72.76148, 43.47235 ], [ -72.76185, 43.47275 ], [ -72.76164, 43.47341 ], [ -72.76036, 43.47432 ], [ -72.76054, 43.4745 ], [ -72.7604, 43.47463 ], [ -72.75925, 43.47493 ], [ -72.75822, 43.4749 ], [ -72.75818, 43.47469 ], [ -72.75777, 43.47469 ], [ -72.75694, 43.47416 ], [ -72.75733, 43.47382 ], [ -72.75725, 43.4737 ], [ -72.75612, 43.47353 ], [ -72.75557, 43.47302 ], [ -72.75443, 43.47272 ], [ -72.75434, 43.47247 ], [ -72.75389, 43.47215 ], [ -72.75261, 43.47191 ], [ -72.75183, 43.47212 ], [ -72.75129, 43.4717 ], [ -72.75063, 43.47198 ], [ -72.75006, 43.47162 ], [ -72.74976, 43.47048 ], [ -72.75006, 43.46936 ], [ -72.75063, 43.46856 ], [ -72.7515, 43.46784 ], [ -72.75191, 43.46666 ], [ -72.75216, 43.46646 ], [ -72.75285, 43.4664 ], [ -72.7532, 43.46621 ] ] } },
{ "type": "Feature", "properties": { "lake": "North Montpelier", "depth": 5 }, "geometry": { "type": "LineString", "coordinates": [ [ -72.44475, 44.30924 ], [ -72.44568, 44.30958 ], [ -72.44563, 44.3102 ], [ -72.44512, 44.31054 ], [ -72.44482, 44.31053 ], [ -72.44481, 44.31035 ], [ -72.44406, 44.31033 ], [ -72.44492, 44.3102 ], [ -72.44518, 44.30998 ], [ -72.44524, 44.30971 ], [ -72.44482, 44.30948 ], [ -72.44475, 44.30924 ] ] } },
{ "type": "Feature", "properties": { "lake": "North Montpelier", "depth": 5 }, "geometry": { "type": "LineString", "coordinates": [ [ -72.44387, 44.30851 ], [ -72.4441, 44.30853 ], [ -72.44418, 44.30879 ], [ -72.44442, 44.30864 ], [ -72.44468, 44.30883 ], [ -72.44387, 44.30916 ], [ -72.44387, 44.30851 ] ] } },
{ "type": "Feature", "properties": { "lake": "North Montpelier", "depth": 5 }, "geometry": { "type": "LineString", "coordinates": [ [ -72.44518, 44.30409 ], [ -72.44563, 44.3041 ], [ -72.44607, 44.30435 ], [ -72.44589, 44.30522 ], [ -72.44619, 44.30549 ], [ -72.44626, 44.30614 ], [ -72.44595, 44.30651 ], [ -72.44594, 44.307 ], [ -72.44564, 44.30701 ], [ -72.44557, 44.30681 ], [ -72.44532, 44.30686 ], [ -72.44526, 44.30719 ], [ -72.44581, 44.30736 ], [ -72.44519, 44.30794 ], [ -72.44512, 44.30837 ], [ -72.44489, 44.30851 ], [ -72.44463, 44.30824 ], [ -72.44418, 44.30844 ], [ -72.44406, 44.30822 ], [ -72.44418, 44.30719 ], [ -72.44481, 44.30655 ], [ -72.44462, 44.30618 ], [ -72.44482, 44.30567 ], [ -72.44469, 44.30535 ], [ -72.445, 44.30519 ], [ -72.44482, 44.30451 ], [ -72.44518, 44.30409 ] ] } },
{ "type": "Feature", "properties": { "lake": "Parker", "depth": 30 }, "geometry": { "type": "LineString", "coordinates": [ [ -72.23353, 44.71268 ], [ -72.23458, 44.71283 ], [ -72.23502, 44.71339 ], [ -72.23508, 44.71383 ], [ -72.23482, 44.71458 ], [ -72.2352, 44.71561 ], [ -72.23509, 44.71593 ], [ -72.23527, 44.71638 ], [ -72.23572, 44.71724 ], [ -72.23632, 44.71759 ], [ -72.23643, 44.71805 ], [ -72.23717, 44.71841 ], [ -72.23765, 44.71891 ], [ -72.23785, 44.71952 ], [ -72.23772, 44.71991 ], [ -72.23728, 44.72039 ], [ -72.23687, 44.72051 ], [ -72.23672, 44.72095 ], [ -72.23598, 44.72153 ], [ -72.23565, 44.72209 ], [ -72.23461, 44.72304 ], [ -72.23432, 44.72309 ], [ -72.23276, 44.72302 ], [ -72.23187, 44.7225 ], [ -72.23185, 44.72222 ], [ -72.23122, 44.72132 ], [ -72.23104, 44.72007 ], [ -72.23043, 44.71891 ], [ -72.23033, 44.71778 ], [ -72.23013, 44.71758 ], [ -72.23012, 44.71678 ], [ -72.2304, 44.71638 ], [ -72.23048, 44.71558 ], [ -72.2312, 44.71468 ], [ -72.23124, 44.71428 ], [ -72.23265, 44.71314 ], [ -72.23353, 44.71268 ] ] } },
{ "type": "Feature", "properties": { "lake": "Parker", "depth": 20 }, "geometry": { "type": "LineString", "coordinates": [ [ -72.23418, 44.71213 ], [ -72.23451, 44.71218 ], [ -72.23446, 44.71234 ], [ -72.2355, 44.71251 ], [ -72.2361, 44.71293 ], [ -72.23621, 44.71358 ], [ -72.23578, 44.71393 ], [ -72.23576, 44.71504 ], [ -72.23533, 44.71598 ], [ -72.23572, 44.7166 ], [ -72.23654, 44.71715 ], [ -72.23687, 44.7177 ], [ -72.238, 44.71827 ], [ -72.23803, 44.71877 ], [ -72.23828, 44.71902 ], [ -72.23824, 44.71987 ], [ -72.23772, 44.72088 ], [ -72.23669, 44.72186 ], [ -72.23654, 44.7225 ], [ -72.23609, 44.72332 ], [ -72.23532, 44.72405 ], [ -72.23417, 44.72416 ], [ -72.23384, 44.72413 ], [ -72.23376, 44.72395 ], [ -72.23124, 44.72388 ], [ -72.23087, 44.72346 ], [ -72.2308, 44.72167 ], [ -72.22997, 44.71912 ], [ -72.22969, 44.71892 ], [ -72.22966, 44.71812 ], [ -72.22952, 44.71792 ], [ -72.22971, 44.71693 ], [ -72.22992, 44.71673 ], [ -72.22995, 44.71556 ], [ -72.23032, 44.71482 ], [ -72.23073, 44.71463 ], [ -72.23087, 44.71407 ], [ -72.23224, 44.71307 ], [ -72.2325, 44.71253 ], [ -72.23313, 44.71226 ], [ -72.23418, 44.71213 ] ] } },
{ "type": "Feature", "properties": { "lake": "Parker", "depth": 10 }, "geometry": { "type": "LineString", "coordinates": [ [ -72.23327, 44.71159 ], [ -72.23513, 44.71189 ], [ -72.23528, 44.71212 ], [ -72.23647, 44.71263 ], [ -72.23673, 44.71333 ], [ -72.23591, 44.71455 ], [ -72.23571, 44.71533 ], [ -72.23571, 44.71628 ], [ -72.2358, 44.71647 ], [ -72.23628, 44.71656 ], [ -72.23743, 44.71749 ], [ -72.23842, 44.71775 ], [ -72.23909, 44.7182 ], [ -72.2388, 44.71853 ], [ -72.23826, 44.71867 ], [ -72.23831, 44.71883 ], [ -72.23872, 44.71892 ], [ -72.23857, 44.71967 ], [ -72.2388, 44.72022 ], [ -72.23824, 44.72105 ], [ -72.23786, 44.72132 ], [ -72.23768, 44.72172 ], [ -72.23756, 44.72282 ], [ -72.23761, 44.72345 ], [ -72.23782, 44.72386 ], [ -72.23728, 44.72459 ], [ -72.23609, 44.7249 ], [ -72.23528, 44.72484 ], [ -72.23428, 44.725 ], [ -72.23187, 44.72482 ], [ -72.23106, 44.72508 ], [ -72.23036, 44.72475 ], [ -72.23005, 44.72416 ], [ -72.23017, 44.72262 ], [ -72.2303, 44.72247 ], [ -72.23017, 44.72216 ], [ -72.23023, 44.72127 ], [ -72.22943, 44.71914 ], [ -72.22949, 44.71812 ], [ -72.22928, 44.71798 ], [ -72.22925, 44.71758 ], [ -72.22969, 44.71678 ], [ -72.22971, 44.71573 ], [ -72.22984, 44.71553 ], [ -72.22971, 44.71503 ], [ -72.23036, 44.71426 ], [ -72.23084, 44.71396 ], [ -72.23121, 44.71338 ], [ -72.23139, 44.71346 ], [ -72.2318, 44.71323 ], [ -72.23327, 44.71159 ] ] } },
{ "type": "Feature", "properties": { "lake": "Parker", "depth": 5 }, "geometry": { "type": "LineString", "coordinates": [ [ -72.2332, 44.71144 ], [ -72.23465, 44.71165 ], [ -72.2348, 44.71145 ], [ -72.23495, 44.71172 ], [ -72.23524, 44.71177 ], [ -72.23535, 44.71206 ], [ -72.23683, 44.71271 ], [ -72.23691, 44.71298 ], [ -72.23676, 44.71333 ], [ -72.23589, 44.71473 ], [ -72.2358, 44.71631 ], [ -72.23717, 44.71706 ], [ -72.23783, 44.71762 ], [ -72.23861, 44.71757 ], [ -72.23943, 44.71812 ], [ -72.23933, 44.71847 ], [ -72.23866, 44.71867 ], [ -72.23887, 44.71897 ], [ -72.23868, 44.71917 ], [ -72.23881, 44.71927 ], [ -72.23881, 44.71997 ], [ -72.23898, 44.72011 ], [ -72.23889, 44.72062 ], [ -72.23794, 44.72133 ], [ -72.23776, 44.72174 ], [ -72.23761, 44.72286 ], [ -72.23776, 44.72359 ], [ -72.23803, 44.72401 ], [ -72.23804, 44.72476 ], [ -72.23717, 44.72523 ], [ -72.23424, 44.72558 ], [ -72.23309, 44.72534 ], [ -72.23213, 44.72553 ], [ -72.23169, 44.72523 ], [ -72.2308, 44.7255 ], [ -72.22995, 44.72522 ], [ -72.22966, 44.72426 ], [ -72.22948, 44.72411 ], [ -72.22984, 44.72347 ], [ -72.23013, 44.72167 ], [ -72.22991, 44.72075 ], [ -72.22954, 44.72033 ], [ -72.22942, 44.71952 ], [ -72.22952, 44.71942 ], [ -72.22924, 44.71907 ], [ -72.22924, 44.71812 ], [ -72.22909, 44.71778 ], [ -72.22908, 44.71753 ], [ -72.22939, 44.71731 ], [ -72.22959, 44.71663 ], [ -72.22977, 44.71553 ], [ -72.22962, 44.715 ], [ -72.22999, 44.71449 ], [ -72.23021, 44.71443 ], [ -72.23036, 44.71407 ], [ -72.23076, 44.71395 ], [ -72.23095, 44.71349 ], [ -72.23161, 44.71321 ], [ -72.2332, 44.71144 ] ] } },
{ "type": "Feature", "properties": { "lake": "Peacham", "depth": 10 }, "geometry": { "type": "LineString", "coordinates": [ [ -72.26219, 44.33599 ], [ -72.26261, 44.33601 ], [ -72.26329, 44.33664 ], [ -72.26414, 44.337 ], [ -72.26419, 44.33731 ], [ -72.26467, 44.3373 ], [ -72.26487, 44.33757 ], [ -72.26522, 44.33766 ], [ -72.26517, 44.33816 ], [ -72.26426, 44.33786 ], [ -72.26391, 44.33758 ], [ -72.26377, 44.33775 ], [ -72.2635, 44.3377 ], [ -72.26336, 44.33726 ], [ -72.26297, 44.3371 ], [ -72.26288, 44.33684 ], [ -72.26247, 44.33696 ], [ -72.26195, 44.33669 ], [ -72.26193, 44.33649 ], [ -72.26221, 44.33634 ], [ -72.26208, 44.33609 ], [ -72.26219, 44.33599 ] ] } },
{ "type": "Feature", "properties": { "lake": "Peacham", "depth": 10 }, "geometry": { "type": "LineString", "coordinates": [ [ -72.26051, 44.33573 ], [ -72.26135, 44.33584 ], [ -72.26147, 44.33629 ], [ -72.26048, 44.33604 ], [ -72.2598, 44.33624 ], [ -72.26006, 44.33591 ], [ -72.26051, 44.33573 ] ] } },
{ "type": "Feature", "properties": { "lake": "Peacham", "depth": 50 }, "geometry": { "type": "LineString", "coordinates": [ [ -72.26078, 44.32856 ], [ -72.2624, 44.32879 ], [ -72.26285, 44.32937 ], [ -72.26291, 44.32982 ], [ -72.26257, 44.33063 ], [ -72.26219, 44.33077 ], [ -72.26064, 44.33063 ], [ -72.26038, 44.32952 ], [ -72.26054, 44.32866 ], [ -72.26078, 44.32856 ] ] } },
{ "type": "Feature", "properties": { "lake": "Peacham", "depth": 50 }, "geometry": { "type": "LineString", "coordinates": [ [ -72.25696, 44.32664 ], [ -72.25745, 44.32684 ], [ -72.25725, 44.32744 ], [ -72.25732, 44.32785 ], [ -72.25676, 44.32807 ], [ -72.25639, 44.32785 ], [ -72.25686, 44.32734 ], [ -72.25674, 44.32684 ], [ -72.25696, 44.32664 ] ] } },
{ "type": "Feature", "properties": { "lake": "Peacham", "depth": 30 }, "geometry": { "type": "LineString", "coordinates": [ [ -72.25462, 44.32497 ], [ -72.25525, 44.32495 ], [ -72.25635, 44.32536 ], [ -72.25637, 44.32583 ], [ -72.25674, 44.32603 ], [ -72.25766, 44.32595 ], [ -72.25816, 44.32608 ], [ -72.25826, 44.32628 ], [ -72.2602, 44.32742 ], [ -72.26151, 44.32772 ], [ -72.26377, 44.32784 ], [ -72.26421, 44.32856 ], [ -72.26376, 44.32926 ], [ -72.26395, 44.32957 ], [ -72.26377, 44.33028 ], [ -72.26411, 44.33174 ], [ -72.26399, 44.33204 ], [ -72.26371, 44.33226 ], [ -72.26281, 44.3324 ], [ -72.26185, 44.33211 ], [ -72.26123, 44.33158 ], [ -72.26041, 44.33161 ], [ -72.2601, 44.33194 ], [ -72.25992, 44.33285 ], [ -72.25958, 44.33308 ], [ -72.25752, 44.33264 ], [ -72.25614, 44.33184 ], [ -72.256, 44.33139 ], [ -72.25524, 44.33088 ], [ -72.25468, 44.33012 ], [ -72.25536, 44.32942 ], [ -72.25536, 44.32861 ], [ -72.25496, 44.32825 ], [ -72.25518, 44.32824 ], [ -72.2554, 44.32775 ], [ -72.25585, 44.32734 ], [ -72.25584, 44.32684 ], [ -72.25463, 44.32637 ], [ -72.25436, 44.32655 ], [ -72.25394, 44.32646 ], [ -72.25343, 44.32608 ], [ -72.25365, 44.32552 ], [ -72.25462, 44.32497 ] ] } },
{ "type": "Feature", "properties": { "lake": "Peacham", "depth": 20 }, "geometry": { "type": "LineString", "coordinates": [ [ -72.25432, 44.32472 ], [ -72.2555, 44.32477 ], [ -72.25685, 44.32542 ], [ -72.25718, 44.32582 ], [ -72.25786, 44.32577 ], [ -72.25826, 44.32593 ], [ -72.25848, 44.32622 ], [ -72.25869, 44.32622 ], [ -72.25965, 44.32695 ], [ -72.26048, 44.32724 ], [ -72.26137, 44.32735 ], [ -72.26467, 44.32718 ], [ -72.26522, 44.32739 ], [ -72.26566, 44.3281 ], [ -72.26527, 44.32856 ], [ -72.26529, 44.32896 ], [ -72.26505, 44.32911 ], [ -72.26485, 44.32967 ], [ -72.26438, 44.33007 ], [ -72.2647, 44.33119 ], [ -72.2645, 44.33169 ], [ -72.26464, 44.33199 ], [ -72.26447, 44.33265 ], [ -72.26419, 44.33287 ], [ -72.26309, 44.33305 ], [ -72.26219, 44.33257 ], [ -72.26137, 44.33244 ], [ -72.26036, 44.3328 ], [ -72.26006, 44.33321 ], [ -72.25951, 44.33319 ], [ -72.25917, 44.33334 ], [ -72.25773, 44.3331 ], [ -72.25745, 44.33277 ], [ -72.25656, 44.33239 ], [ -72.25573, 44.33232 ], [ -72.2547, 44.33247 ], [ -72.25436, 44.33221 ], [ -72.2536, 44.33201 ], [ -72.2532, 44.33159 ], [ -72.25326, 44.33119 ], [ -72.25361, 44.33083 ], [ -72.25381, 44.33012 ], [ -72.25421, 44.32992 ], [ -72.25395, 44.32952 ], [ -72.2544, 44.3283 ], [ -72.25522, 44.3276 ], [ -72.25463, 44.32679 ], [ -72.25388, 44.32698 ], [ -72.25305, 44.32677 ], [ -72.25245, 44.32618 ], [ -72.25233, 44.32578 ], [ -72.25239, 44.32537 ], [ -72.25432, 44.32472 ] ] } },
{ "type": "Feature", "properties": { "lake": "Peacham", "depth": 10 }, "geometry": { "type": "LineString", "coordinates": [ [ -72.25377, 44.32451 ], [ -72.25504, 44.32451 ], [ -72.25656, 44.32498 ], [ -72.25753, 44.32552 ], [ -72.25848, 44.32582 ], [ -72.25938, 44.32659 ], [ -72.26027, 44.32703 ], [ -72.26123, 44.32726 ], [ -72.26584, 44.32666 ], [ -72.26611, 44.32676 ], [ -72.26634, 44.32704 ], [ -72.26654, 44.32825 ], [ -72.26632, 44.32825 ], [ -72.26573, 44.32876 ], [ -72.26585, 44.32942 ], [ -72.26619, 44.32982 ], [ -72.26611, 44.33003 ], [ -72.26529, 44.33032 ], [ -72.26489, 44.33063 ], [ -72.26503, 44.33113 ], [ -72.26494, 44.33169 ], [ -72.26533, 44.33245 ], [ -72.26518, 44.33285 ], [ -72.26467, 44.33318 ], [ -72.26435, 44.33361 ], [ -72.26322, 44.33412 ], [ -72.26213, 44.33356 ], [ -72.26212, 44.33336 ], [ -72.26171, 44.33302 ], [ -72.26137, 44.33306 ], [ -72.2602, 44.33377 ], [ -72.25972, 44.3335 ], [ -72.25898, 44.33356 ], [ -72.25656, 44.33285 ], [ -72.2558, 44.33315 ], [ -72.25491, 44.33326 ], [ -72.25408, 44.33307 ], [ -72.25312, 44.33246 ], [ -72.25289, 44.33189 ], [ -72.25213, 44.33149 ], [ -72.25191, 44.33108 ], [ -72.252, 44.33088 ], [ -72.25175, 44.33081 ], [ -72.2515, 44.33043 ], [ -72.25179, 44.33007 ], [ -72.25156, 44.32957 ], [ -72.25155, 44.32906 ], [ -72.25176, 44.32866 ], [ -72.25223, 44.32848 ], [ -72.25291, 44.32872 ], [ -72.25381, 44.32858 ], [ -72.25467, 44.3276 ], [ -72.25278, 44.32728 ], [ -72.25209, 44.3268 ], [ -72.25195, 44.32638 ], [ -72.2513, 44.32583 ], [ -72.25144, 44.32547 ], [ -72.25188, 44.32532 ], [ -72.25202, 44.3251 ], [ -72.25298, 44.32492 ], [ -72.25377, 44.32451 ] ] } },
{ "type": "Feature", "properties": { "lake": "Peacham", "depth": 5 }, "geometry": { "type": "LineString", "coordinates": [ [ -72.25349, 44.32416 ], [ -72.25573, 44.3246 ], [ -72.25834, 44.32558 ], [ -72.2591, 44.3254 ], [ -72.25898, 44.32573 ], [ -72.25916, 44.32623 ], [ -72.26041, 44.32698 ], [ -72.26226, 44.32703 ], [ -72.26515, 44.32661 ], [ -72.26597, 44.3263 ], [ -72.26639, 44.3263 ], [ -72.26652, 44.32646 ], [ -72.2668, 44.32629 ], [ -72.26721, 44.32652 ], [ -72.26835, 44.32659 ], [ -72.2683, 44.32684 ], [ -72.26862, 44.32694 ], [ -72.26846, 44.32744 ], [ -72.26879, 44.32775 ], [ -72.26871, 44.32795 ], [ -72.26927, 44.3282 ], [ -72.26852, 44.32867 ], [ -72.26756, 44.32899 ], [ -72.2668, 44.32862 ], [ -72.26606, 44.32876 ], [ -72.26626, 44.32962 ], [ -72.2671, 44.33007 ], [ -72.26701, 44.33023 ], [ -72.26639, 44.33014 ], [ -72.2652, 44.33073 ], [ -72.26524, 44.33154 ], [ -72.26564, 44.33275 ], [ -72.26453, 44.33412 ], [ -72.26309, 44.33449 ], [ -72.2628, 44.33437 ], [ -72.26241, 44.33386 ], [ -72.26164, 44.33344 ], [ -72.26075, 44.3338 ], [ -72.26013, 44.33387 ], [ -72.258, 44.33345 ], [ -72.25697, 44.33304 ], [ -72.25608, 44.33311 ], [ -72.25532, 44.33346 ], [ -72.25628, 44.33403 ], [ -72.25704, 44.3342 ], [ -72.25826, 44.33482 ], [ -72.25986, 44.33538 ], [ -72.26075, 44.33536 ], [ -72.26151, 44.33502 ], [ -72.26219, 44.33501 ], [ -72.2631, 44.33619 ], [ -72.26446, 44.337 ], [ -72.26519, 44.337 ], [ -72.26536, 44.3375 ], [ -72.26522, 44.33828 ], [ -72.2646, 44.33821 ], [ -72.26426, 44.33833 ], [ -72.26316, 44.33793 ], [ -72.26288, 44.33839 ], [ -72.26261, 44.33818 ], [ -72.26247, 44.33832 ], [ -72.26206, 44.3382 ], [ -72.26151, 44.33838 ], [ -72.26061, 44.33769 ], [ -72.25987, 44.33781 ], [ -72.25956, 44.33816 ], [ -72.25903, 44.33833 ], [ -72.25909, 44.33821 ], [ -72.2589, 44.33806 ], [ -72.25935, 44.3376 ], [ -72.25869, 44.3373 ], [ -72.25885, 44.33675 ], [ -72.25828, 44.33692 ], [ -72.25752, 44.33663 ], [ -72.25752, 44.33639 ], [ -72.25789, 44.33609 ], [ -72.25779, 44.33593 ], [ -72.25748, 44.33594 ], [ -72.25746, 44.33568 ], [ -72.25731, 44.33564 ], [ -72.25518, 44.33569 ], [ -72.25498, 44.33589 ], [ -72.25449, 44.33596 ], [ -72.25429, 44.33626 ], [ -72.2536, 44.33631 ], [ -72.2536, 44.33573 ], [ -72.25385, 44.33563 ], [ -72.25396, 44.33508 ], [ -72.25431, 44.33467 ], [ -72.2543, 44.33432 ], [ -72.25386, 44.33371 ], [ -72.25389, 44.33321 ], [ -72.25285, 44.33245 ], [ -72.25271, 44.33199 ], [ -72.25209, 44.33162 ], [ -72.25174, 44.33119 ], [ -72.25135, 44.33043 ], [ -72.25138, 44.33002 ], [ -72.25117, 44.32987 ], [ -72.25078, 44.32851 ], [ -72.25092, 44.32814 ], [ -72.25126, 44.32801 ], [ -72.25312, 44.32856 ], [ -72.25353, 44.32854 ], [ -72.2539, 44.3283 ], [ -72.25398, 44.32815 ], [ -72.25374, 44.32775 ], [ -72.2525, 44.32738 ], [ -72.25176, 44.32694 ], [ -72.25106, 44.32578 ], [ -72.25179, 44.32507 ], [ -72.25291, 44.32483 ], [ -72.25349, 44.32416 ] ] } },
{ "type": "Feature", "properties": { "lake": "Raponda", "depth": 10 }, "geometry": { "type": "LineString", "coordinates": [ [ -72.81825, 42.86963 ], [ -72.81895, 42.86968 ], [ -72.81897, 42.8698 ], [ -72.82059, 42.87033 ], [ -72.82071, 42.8709 ], [ -72.82045, 42.87129 ], [ -72.82016, 42.87134 ], [ -72.82002, 42.87174 ], [ -72.81986, 42.87177 ], [ -72.81964, 42.87247 ], [ -72.81879, 42.87281 ], [ -72.81883, 42.87323 ], [ -72.81859, 42.8734 ], [ -72.81929, 42.87399 ], [ -72.81988, 42.87424 ], [ -72.8194, 42.87443 ], [ -72.81921, 42.8747 ], [ -72.81921, 42.87508 ], [ -72.81964, 42.87542 ], [ -72.81927, 42.87568 ], [ -72.81969, 42.87608 ], [ -72.81948, 42.87616 ], [ -72.81948, 42.87643 ], [ -72.82016, 42.87722 ], [ -72.82003, 42.87756 ], [ -72.82035, 42.8779 ], [ -72.82022, 42.87824 ], [ -72.82052, 42.8793 ], [ -72.82047, 42.88041 ], [ -72.82092, 42.88081 ], [ -72.82064, 42.88121 ], [ -72.82028, 42.88127 ], [ -72.82002, 42.88157 ], [ -72.81964, 42.88109 ], [ -72.81967, 42.88088 ], [ -72.81988, 42.88086 ], [ -72.81945, 42.88052 ], [ -72.81958, 42.88018 ], [ -72.8194, 42.88001 ], [ -72.81964, 42.87971 ], [ -72.81964, 42.87945 ], [ -72.81945, 42.87904 ], [ -72.8191, 42.87885 ], [ -72.81919, 42.87841 ], [ -72.819, 42.87818 ], [ -72.81822, 42.87814 ], [ -72.81746, 42.87786 ], [ -72.81696, 42.87855 ], [ -72.81629, 42.87793 ], [ -72.81555, 42.87755 ], [ -72.81532, 42.87716 ], [ -72.81555, 42.87652 ], [ -72.81603, 42.87636 ], [ -72.81622, 42.87613 ], [ -72.81612, 42.87582 ], [ -72.8166, 42.87549 ], [ -72.81667, 42.8748 ], [ -72.81638, 42.87471 ], [ -72.81657, 42.87425 ], [ -72.8165, 42.87345 ], [ -72.81674, 42.8734 ], [ -72.81669, 42.87321 ], [ -72.81712, 42.87275 ], [ -72.81719, 42.87235 ], [ -72.81762, 42.87203 ], [ -72.81774, 42.87157 ], [ -72.81757, 42.87135 ], [ -72.81757, 42.87083 ], [ -72.81795, 42.86993 ], [ -72.81825, 42.86963 ] ] } },
{ "type": "Feature", "properties": { "lake": "Raponda", "depth": 5 }, "geometry": { "type": "LineString", "coordinates": [ [ -72.82134, 42.86832 ], [ -72.82152, 42.86829 ], [ -72.82152, 42.86901 ], [ -72.82135, 42.8694 ], [ -72.8214, 42.87037 ], [ -72.82052, 42.87129 ], [ -72.82028, 42.87132 ], [ -72.81978, 42.8721 ], [ -72.81958, 42.87288 ], [ -72.82014, 42.87366 ], [ -72.82015, 42.87397 ], [ -72.81971, 42.87448 ], [ -72.81976, 42.87462 ], [ -72.81939, 42.87476 ], [ -72.81969, 42.87506 ], [ -72.81967, 42.87591 ], [ -72.82002, 42.87631 ], [ -72.82071, 42.87768 ], [ -72.82081, 42.87849 ], [ -72.82099, 42.8787 ], [ -72.82085, 42.87984 ], [ -72.82148, 42.88001 ], [ -72.8214, 42.88038 ], [ -72.82061, 42.88161 ], [ -72.82045, 42.88346 ], [ -72.82028, 42.88363 ], [ -72.82021, 42.88233 ], [ -72.81921, 42.88169 ], [ -72.81895, 42.8812 ], [ -72.81826, 42.881 ], [ -72.818, 42.88061 ], [ -72.81746, 42.8805 ], [ -72.81751, 42.88018 ], [ -72.81738, 42.88007 ], [ -72.81753, 42.87989 ], [ -72.81895, 42.87988 ], [ -72.81914, 42.87983 ], [ -72.81914, 42.87964 ], [ -72.81876, 42.87933 ], [ -72.81784, 42.87926 ], [ -72.81782, 42.87853 ], [ -72.81774, 42.8784 ], [ -72.8175, 42.87888 ], [ -72.81662, 42.87876 ], [ -72.81525, 42.87757 ], [ -72.81505, 42.87699 ], [ -72.81555, 42.87624 ], [ -72.81591, 42.87626 ], [ -72.81574, 42.87602 ], [ -72.81586, 42.87571 ], [ -72.81638, 42.87522 ], [ -72.81643, 42.87306 ], [ -72.81686, 42.87258 ], [ -72.81727, 42.87168 ], [ -72.81743, 42.87169 ], [ -72.81731, 42.87139 ], [ -72.81696, 42.87123 ], [ -72.81719, 42.87037 ], [ -72.81769, 42.86945 ], [ -72.8186, 42.86871 ], [ -72.82021, 42.86883 ], [ -72.82085, 42.8685 ], [ -72.82109, 42.86859 ], [ -72.82104, 42.86847 ], [ -72.82134, 42.86832 ] ] } },
{ "type": "Feature", "properties": { "lake": "Rescue", "depth": 30 }, "geometry": { "type": "LineString", "coordinates": [ [ -72.70278, 43.45789 ], [ -72.70336, 43.45797 ], [ -72.70397, 43.45906 ], [ -72.70362, 43.45945 ], [ -72.70285, 43.45971 ], [ -72.70242, 43.45951 ], [ -72.70204, 43.45823 ], [ -72.70278, 43.45789 ] ] } },
{ "type": "Feature", "properties": { "lake": "Rescue", "depth": 20 }, "geometry": { "type": "LineString", "coordinates": [ [ -72.7023, 43.45773 ], [ -72.70311, 43.45767 ], [ -72.70383, 43.45832 ], [ -72.70444, 43.45851 ], [ -72.70436, 43.45873 ], [ -72.70455, 43.45922 ], [ -72.70353, 43.46017 ], [ -72.70307, 43.46019 ], [ -72.70213, 43.45951 ], [ -72.70186, 43.45834 ], [ -72.7023, 43.45773 ] ] } },
{ "type": "Feature", "properties": { "lake": "Rescue", "depth": 10 }, "geometry": { "type": "LineString", "coordinates": [ [ -72.70251, 43.45684 ], [ -72.70298, 43.457 ], [ -72.70303, 43.45728 ], [ -72.70339, 43.4575 ], [ -72.70345, 43.45782 ], [ -72.70383, 43.45794 ], [ -72.70396, 43.4582 ], [ -72.70468, 43.45838 ], [ -72.70481, 43.45862 ], [ -72.70481, 43.45961 ], [ -72.70442, 43.4602 ], [ -72.704, 43.46045 ], [ -72.70366, 43.4609 ], [ -72.70307, 43.46079 ], [ -72.70298, 43.4606 ], [ -72.7023, 43.4602 ], [ -72.70162, 43.45923 ], [ -72.70173, 43.45901 ], [ -72.70157, 43.45873 ], [ -72.70156, 43.45839 ], [ -72.70171, 43.45823 ], [ -72.70161, 43.45795 ], [ -72.702, 43.45717 ], [ -72.70179, 43.45706 ], [ -72.70251, 43.45684 ] ] } },
{ "type": "Feature", "properties": { "lake": "Rescue", "depth": 5 }, "geometry": { "type": "LineString", "coordinates": [ [ -72.70203, 43.45595 ], [ -72.70264, 43.45605 ], [ -72.70281, 43.45648 ], [ -72.70349, 43.45696 ], [ -72.70369, 43.45739 ], [ -72.70404, 43.45752 ], [ -72.70413, 43.45791 ], [ -72.70468, 43.458 ], [ -72.70535, 43.45851 ], [ -72.70507, 43.46001 ], [ -72.70392, 43.46131 ], [ -72.70316, 43.46128 ], [ -72.70281, 43.46103 ], [ -72.70174, 43.45967 ], [ -72.70166, 43.4593 ], [ -72.70148, 43.45923 ], [ -72.70136, 43.45795 ], [ -72.70185, 43.45673 ], [ -72.70188, 43.45606 ], [ -72.70203, 43.45595 ] ] } },
{ "type": "Feature", "properties": { "lake": "Rescue", "depth": 20 }, "geometry": { "type": "LineString", "coordinates": [ [ -72.70406, 43.45434 ], [ -72.7043, 43.45438 ], [ -72.70457, 43.45484 ], [ -72.70442, 43.45527 ], [ -72.7043, 43.4549 ], [ -72.70378, 43.45462 ], [ -72.70406, 43.45434 ] ] } },
{ "type": "Feature", "properties": { "lake": "Rescue", "depth": 10 }, "geometry": { "type": "LineString", "coordinates": [ [ -72.70407, 43.45411 ], [ -72.70444, 43.45411 ], [ -72.70487, 43.45484 ], [ -72.70455, 43.4555 ], [ -72.70413, 43.45527 ], [ -72.70417, 43.45494 ], [ -72.7037, 43.45482 ], [ -72.70352, 43.45462 ], [ -72.70358, 43.45439 ], [ -72.70407, 43.45411 ] ] } },
{ "type": "Feature", "properties": { "lake": "Rescue", "depth": 5 }, "geometry": { "type": "LineString", "coordinates": [ [ -72.7056, 43.45339 ], [ -72.70583, 43.45339 ], [ -72.70621, 43.45373 ], [ -72.70605, 43.45378 ], [ -72.70612, 43.454 ], [ -72.70593, 43.454 ], [ -72.70619, 43.45411 ], [ -72.70561, 43.45447 ], [ -72.7054, 43.45419 ], [ -72.70549, 43.45373 ], [ -72.70535, 43.45356 ], [ -72.7056, 43.45339 ] ] } },
{ "type": "Feature", "properties": { "lake": "Rescue", "depth": 75 }, "geometry": { "type": "LineString", "coordinates": [ [ -72.69691, 43.44683 ], [ -72.69771, 43.44688 ], [ -72.69801, 43.44712 ], [ -72.69916, 43.44748 ], [ -72.70001, 43.4476 ], [ -72.70017, 43.44806 ], [ -72.69933, 43.44873 ], [ -72.69886, 43.44862 ], [ -72.69826, 43.44871 ], [ -72.69775, 43.4485 ], [ -72.69727, 43.44784 ], [ -72.6968, 43.4475 ], [ -72.69677, 43.44695 ], [ -72.69691, 43.44683 ] ] } },
{ "type": "Feature", "properties": { "lake": "Rescue", "depth": 50 }, "geometry": { "type": "LineString", "coordinates": [ [ -72.69639, 43.44633 ], [ -72.69808, 43.4465 ], [ -72.69916, 43.44713 ], [ -72.70026, 43.44722 ], [ -72.70043, 43.4475 ], [ -72.70066, 43.44756 ], [ -72.70086, 43.44809 ], [ -72.70137, 43.44872 ], [ -72.70175, 43.44872 ], [ -72.70247, 43.44926 ], [ -72.7026, 43.44956 ], [ -72.70253, 43.45011 ], [ -72.70341, 43.45039 ], [ -72.70396, 43.45042 ], [ -72.70421, 43.45028 ], [ -72.70434, 43.45045 ], [ -72.70413, 43.45063 ], [ -72.70405, 43.451 ], [ -72.70345, 43.45107 ], [ -72.70317, 43.45089 ], [ -72.70317, 43.45067 ], [ -72.70281, 43.45063 ], [ -72.70209, 43.45015 ], [ -72.70052, 43.44969 ], [ -72.70022, 43.44972 ], [ -72.69991, 43.45011 ], [ -72.69954, 43.45011 ], [ -72.69934, 43.44984 ], [ -72.69968, 43.4495 ], [ -72.69945, 43.44925 ], [ -72.69814, 43.44902 ], [ -72.69775, 43.44883 ], [ -72.69712, 43.44808 ], [ -72.6964, 43.44778 ], [ -72.69589, 43.44667 ], [ -72.69593, 43.44646 ], [ -72.69639, 43.44633 ] ] } },
{ "type": "Feature", "properties": { "lake": "Rescue", "depth": 5 }, "geometry": { "type": "LineString", "coordinates": [ [ -72.707, 43.44635 ], [ -72.70625, 43.44729 ], [ -72.7062, 43.44717 ], [ -72.707, 43.4461 ] ] } },
{ "type": "Feature", "properties": { "lake": "Rescue", "depth": 30 }, "geometry": { "type": "LineString", "coordinates": [ [ -72.69535, 43.44611 ], [ -72.69708, 43.44635 ], [ -72.69856, 43.44622 ], [ -72.69916, 43.4467 ], [ -72.69992, 43.44676 ], [ -72.70008, 43.447 ], [ -72.70103, 43.44751 ], [ -72.70124, 43.44797 ], [ -72.70171, 43.44843 ], [ -72.70209, 43.4484 ], [ -72.70239, 43.4486 ], [ -72.70268, 43.44927 ], [ -72.70307, 43.44967 ], [ -72.70349, 43.44976 ], [ -72.70413, 43.44938 ], [ -72.70457, 43.44939 ], [ -72.70482, 43.44961 ], [ -72.70483, 43.45034 ], [ -72.7052, 43.45073 ], [ -72.70532, 43.45121 ], [ -72.70481, 43.4516 ], [ -72.70378, 43.452 ], [ -72.70362, 43.45238 ], [ -72.70324, 43.4527 ], [ -72.70188, 43.4528 ], [ -72.70111, 43.45258 ], [ -72.70082, 43.45217 ], [ -72.70091, 43.45189 ], [ -72.70064, 43.45126 ], [ -72.69941, 43.45093 ], [ -72.6992, 43.4506 ], [ -72.6986, 43.45024 ], [ -72.69775, 43.45029 ], [ -72.69719, 43.44984 ], [ -72.6972, 43.44938 ], [ -72.69757, 43.44917 ], [ -72.69742, 43.44861 ], [ -72.69699, 43.4482 ], [ -72.69606, 43.44772 ], [ -72.6956, 43.44678 ], [ -72.69524, 43.4465 ], [ -72.69535, 43.44611 ] ] } },
{ "type": "Feature", "properties": { "lake": "Rescue", "depth": 20 }, "geometry": { "type": "LineString", "coordinates": [ [ -72.69876, 43.44567 ], [ -72.69907, 43.44574 ], [ -72.69898, 43.44595 ], [ -72.69916, 43.44608 ], [ -72.69988, 43.44622 ], [ -72.70015, 43.44656 ], [ -72.70009, 43.44683 ], [ -72.70128, 43.44762 ], [ -72.70171, 43.44829 ], [ -72.70209, 43.44815 ], [ -72.7026, 43.44844 ], [ -72.70302, 43.44937 ], [ -72.70392, 43.44947 ], [ -72.70442, 43.4491 ], [ -72.70506, 43.44948 ], [ -72.70502, 43.45017 ], [ -72.70574, 43.451 ], [ -72.70549, 43.45158 ], [ -72.70398, 43.45223 ], [ -72.70383, 43.45261 ], [ -72.70311, 43.45295 ], [ -72.70188, 43.45306 ], [ -72.70094, 43.45273 ], [ -72.7004, 43.45123 ], [ -72.69928, 43.45112 ], [ -72.69869, 43.45038 ], [ -72.69801, 43.45054 ], [ -72.69739, 43.45028 ], [ -72.69705, 43.44984 ], [ -72.69699, 43.44939 ], [ -72.69728, 43.44917 ], [ -72.69718, 43.44878 ], [ -72.69729, 43.44861 ], [ -72.69712, 43.44835 ], [ -72.69618, 43.44799 ], [ -72.69512, 43.44672 ], [ -72.69485, 43.44611 ], [ -72.69533, 43.44594 ], [ -72.69703, 43.44631 ], [ -72.69869, 43.44596 ], [ -72.69876, 43.44567 ] ] } },
{ "type": "Feature", "properties": { "lake": "Rescue", "depth": 10 }, "geometry": { "type": "LineString", "coordinates": [ [ -72.69885, 43.44533 ], [ -72.6995, 43.44542 ], [ -72.69922, 43.44572 ], [ -72.69928, 43.44593 ], [ -72.69975, 43.44594 ], [ -72.70014, 43.44572 ], [ -72.70044, 43.44611 ], [ -72.7003, 43.44687 ], [ -72.70141, 43.44752 ], [ -72.70176, 43.448 ], [ -72.70197, 43.448 ], [ -72.70251, 43.4475 ], [ -72.70285, 43.44766 ], [ -72.70324, 43.44821 ], [ -72.70329, 43.44856 ], [ -72.70305, 43.44889 ], [ -72.70332, 43.44927 ], [ -72.70383, 43.44929 ], [ -72.70413, 43.44894 ], [ -72.70472, 43.44871 ], [ -72.70508, 43.44884 ], [ -72.70519, 43.45011 ], [ -72.70602, 43.45078 ], [ -72.70549, 43.45196 ], [ -72.70489, 43.45199 ], [ -72.70481, 43.45215 ], [ -72.70425, 43.4523 ], [ -72.70396, 43.45276 ], [ -72.70302, 43.45321 ], [ -72.70251, 43.45311 ], [ -72.70175, 43.45331 ], [ -72.70141, 43.45306 ], [ -72.70086, 43.45318 ], [ -72.70058, 43.45289 ], [ -72.70069, 43.4525 ], [ -72.70035, 43.45227 ], [ -72.70054, 43.45195 ], [ -72.70026, 43.45139 ], [ -72.69928, 43.45129 ], [ -72.69886, 43.45097 ], [ -72.69883, 43.45067 ], [ -72.6986, 43.45043 ], [ -72.69843, 43.4506 ], [ -72.69775, 43.45065 ], [ -72.6972, 43.45028 ], [ -72.6968, 43.44972 ], [ -72.6968, 43.44939 ], [ -72.69714, 43.44906 ], [ -72.69712, 43.44843 ], [ -72.69631, 43.44828 ], [ -72.69567, 43.44774 ], [ -72.69472, 43.44672 ], [ -72.69474, 43.44606 ], [ -72.69529, 43.4457 ], [ -72.69627, 43.44606 ], [ -72.69742, 43.44614 ], [ -72.69856, 43.44588 ], [ -72.69861, 43.44545 ], [ -72.69885, 43.44533 ] ] } },
{ "type": "Feature", "properties": { "lake": "Rescue", "depth": 5 }, "geometry": { "type": "LineString", "coordinates": [ [ -72.70098, 43.44506 ], [ -72.70158, 43.44521 ], [ -72.70192, 43.44568 ], [ -72.70236, 43.44572 ], [ -72.70252, 43.44611 ], [ -72.70205, 43.44634 ], [ -72.70188, 43.44674 ], [ -72.70073, 43.44672 ], [ -72.7006, 43.44658 ], [ -72.70034, 43.44683 ], [ -72.70128, 43.44733 ], [ -72.70158, 43.44769 ], [ -72.70264, 43.44736 ], [ -72.70324, 43.44755 ], [ -72.70318, 43.44778 ], [ -72.70332, 43.44794 ], [ -72.70406, 43.44828 ], [ -72.70327, 43.44884 ], [ -72.70341, 43.44919 ], [ -72.70379, 43.44917 ], [ -72.70472, 43.44859 ], [ -72.70509, 43.44867 ], [ -72.706, 43.44743 ], [ -72.70647, 43.44745 ], [ -72.70617, 43.44746 ], [ -72.70575, 43.448 ], [ -72.70583, 43.44812 ], [ -72.70566, 43.44812 ], [ -72.7052, 43.44878 ], [ -72.70536, 43.44911 ], [ -72.70524, 43.45011 ], [ -72.70604, 43.45075 ], [ -72.70606, 43.45106 ], [ -72.70544, 43.45213 ], [ -72.70425, 43.45235 ], [ -72.70412, 43.45256 ], [ -72.70413, 43.4528 ], [ -72.70438, 43.45307 ], [ -72.70496, 43.453 ], [ -72.70507, 43.4535 ], [ -72.70476, 43.45348 ], [ -72.70455, 43.45375 ], [ -72.70421, 43.45376 ], [ -72.70392, 43.45353 ], [ -72.70352, 43.45373 ], [ -72.7037, 43.45405 ], [ -72.70408, 43.45391 ], [ -72.70481, 43.45417 ], [ -72.70495, 43.45439 ], [ -72.70489, 43.45467 ], [ -72.70508, 43.45484 ], [ -72.70498, 43.45516 ], [ -72.70561, 43.45507 ], [ -72.70549, 43.45579 ], [ -72.70489, 43.45547 ], [ -72.70447, 43.45562 ], [ -72.70442, 43.45601 ], [ -72.70421, 43.45613 ], [ -72.70421, 43.4555 ], [ -72.70392, 43.45494 ], [ -72.70336, 43.45468 ], [ -72.70307, 43.45474 ], [ -72.70243, 43.45453 ], [ -72.70222, 43.45434 ], [ -72.70149, 43.45425 ], [ -72.70055, 43.45295 ], [ -72.70057, 43.45261 ], [ -72.70022, 43.45224 ], [ -72.70013, 43.4516 ], [ -72.69928, 43.45136 ], [ -72.69877, 43.45098 ], [ -72.69869, 43.45064 ], [ -72.69788, 43.4509 ], [ -72.69733, 43.45053 ], [ -72.69669, 43.44975 ], [ -72.69676, 43.44934 ], [ -72.69707, 43.44895 ], [ -72.69678, 43.44834 ], [ -72.69614, 43.44828 ], [ -72.69455, 43.44672 ], [ -72.69461, 43.44601 ], [ -72.69521, 43.44546 ], [ -72.69606, 43.44594 ], [ -72.69699, 43.44606 ], [ -72.69805, 43.44588 ], [ -72.69877, 43.44524 ], [ -72.69924, 43.44525 ], [ -72.69962, 43.44534 ], [ -72.6995, 43.44578 ], [ -72.69975, 43.4459 ], [ -72.70039, 43.44559 ], [ -72.70098, 43.44506 ] ] } },
{ "type": "Feature", "properties": { "lake": "Sabin", "depth": 30 }, "geometry": { "type": "LineString", "coordinates": [ [ -72.41131, 44.40365 ], [ -72.41181, 44.40371 ], [ -72.41254, 44.40457 ], [ -72.41324, 44.4051 ], [ -72.41333, 44.40538 ], [ -72.41311, 44.40589 ], [ -72.41316, 44.40619 ], [ -72.41259, 44.40604 ], [ -72.4126, 44.40579 ], [ -72.41218, 44.40547 ], [ -72.4116, 44.40538 ], [ -72.41158, 44.40508 ], [ -72.41175, 44.40482 ], [ -72.4111, 44.40406 ], [ -72.41111, 44.40377 ], [ -72.41131, 44.40365 ] ] } },
{ "type": "Feature", "properties": { "lake": "Sabin", "depth": 20 }, "geometry": { "type": "LineString", "coordinates": [ [ -72.42078, 44.40314 ], [ -72.42125, 44.40328 ], [ -72.42138, 44.40386 ], [ -72.42125, 44.40438 ], [ -72.42055, 44.40468 ], [ -72.42033, 44.40386 ], [ -72.42055, 44.40328 ], [ -72.42078, 44.40314 ] ] } },
{ "type": "Feature", "properties": { "lake": "Sabin", "depth": 10 }, "geometry": { "type": "LineString", "coordinates": [ [ -72.42061, 44.40284 ], [ -72.42133, 44.40292 ], [ -72.42183, 44.4036 ], [ -72.42166, 44.40434 ], [ -72.42104, 44.40494 ], [ -72.42047, 44.40508 ], [ -72.41985, 44.40467 ], [ -72.41987, 44.40365 ], [ -72.42014, 44.40311 ], [ -72.42061, 44.40284 ] ] } },
{ "type": "Feature", "properties": { "lake": "Sabin", "depth": 50 }, "geometry": { "type": "LineString", "coordinates": [ [ -72.41758, 44.40152 ], [ -72.41806, 44.40171 ], [ -72.4183, 44.4022 ], [ -72.41838, 44.4032 ], [ -72.41851, 44.40335 ], [ -72.4183, 44.40445 ], [ -72.41802, 44.40446 ], [ -72.41796, 44.40411 ], [ -72.4183, 44.40377 ], [ -72.41832, 44.4035 ], [ -72.41741, 44.40265 ], [ -72.41724, 44.40204 ], [ -72.41723, 44.40177 ], [ -72.41758, 44.40152 ] ] } },
{ "type": "Feature", "properties": { "lake": "Sabin", "depth": 30 }, "geometry": { "type": "LineString", "coordinates": [ [ -72.41771, 44.40101 ], [ -72.4183, 44.40112 ], [ -72.41859, 44.40152 ], [ -72.41865, 44.40259 ], [ -72.4189, 44.4034 ], [ -72.41892, 44.40457 ], [ -72.41851, 44.40493 ], [ -72.41724, 44.40482 ], [ -72.41693, 44.40441 ], [ -72.41704, 44.40413 ], [ -72.41749, 44.40391 ], [ -72.41765, 44.4036 ], [ -72.41687, 44.40297 ], [ -72.41673, 44.40233 ], [ -72.41651, 44.40222 ], [ -72.4165, 44.40172 ], [ -72.41679, 44.40129 ], [ -72.41771, 44.40101 ] ] } },
{ "type": "Feature", "properties": { "lake": "Sabin", "depth": 20 }, "geometry": { "type": "LineString", "coordinates": [ [ -72.41732, 44.40081 ], [ -72.4183, 44.40086 ], [ -72.41882, 44.40152 ], [ -72.41875, 44.40208 ], [ -72.4191, 44.4034 ], [ -72.41902, 44.40391 ], [ -72.41924, 44.40426 ], [ -72.41908, 44.40485 ], [ -72.41888, 44.40503 ], [ -72.4181, 44.40518 ], [ -72.41638, 44.40499 ], [ -72.41565, 44.4053 ], [ -72.4154, 44.4056 ], [ -72.41401, 44.40613 ], [ -72.4134, 44.40674 ], [ -72.41262, 44.40666 ], [ -72.41132, 44.40559 ], [ -72.41126, 44.40518 ], [ -72.41146, 44.40472 ], [ -72.41083, 44.4037 ], [ -72.4114, 44.40352 ], [ -72.41201, 44.40364 ], [ -72.41262, 44.40437 ], [ -72.41385, 44.40507 ], [ -72.41515, 44.40518 ], [ -72.41523, 44.40447 ], [ -72.41557, 44.40375 ], [ -72.41587, 44.40355 ], [ -72.4158, 44.40314 ], [ -72.41524, 44.40264 ], [ -72.41536, 44.40213 ], [ -72.41679, 44.40093 ], [ -72.41732, 44.40081 ] ] } },
{ "type": "Feature", "properties": { "lake": "Sabin", "depth": 10 }, "geometry": { "type": "LineString", "coordinates": [ [ -72.41752, 44.40055 ], [ -72.4183, 44.40059 ], [ -72.41888, 44.40113 ], [ -72.41908, 44.40157 ], [ -72.41912, 44.40187 ], [ -72.41895, 44.40208 ], [ -72.41908, 44.40228 ], [ -72.41894, 44.40243 ], [ -72.41917, 44.40264 ], [ -72.41904, 44.40275 ], [ -72.41929, 44.40309 ], [ -72.41921, 44.40391 ], [ -72.41938, 44.40426 ], [ -72.41916, 44.40517 ], [ -72.41871, 44.4054 ], [ -72.41781, 44.40526 ], [ -72.41757, 44.40542 ], [ -72.41638, 44.40554 ], [ -72.41471, 44.40612 ], [ -72.41427, 44.40635 ], [ -72.4141, 44.40671 ], [ -72.41324, 44.40703 ], [ -72.41275, 44.40684 ], [ -72.41242, 44.40691 ], [ -72.41201, 44.40647 ], [ -72.41103, 44.40601 ], [ -72.41091, 44.40546 ], [ -72.4113, 44.40472 ], [ -72.41054, 44.40396 ], [ -72.41066, 44.40352 ], [ -72.41185, 44.4033 ], [ -72.4132, 44.40446 ], [ -72.41381, 44.40443 ], [ -72.41414, 44.40419 ], [ -72.41491, 44.40415 ], [ -72.41554, 44.4035 ], [ -72.41549, 44.4031 ], [ -72.41486, 44.40269 ], [ -72.41544, 44.40149 ], [ -72.41614, 44.40121 ], [ -72.41667, 44.40064 ], [ -72.41752, 44.40055 ] ] } },
{ "type": "Feature", "properties": { "lake": "Sabin", "depth": 5 }, "geometry": { "type": "LineString", "coordinates": [ [ -72.41732, 44.4005 ], [ -72.41843, 44.40057 ], [ -72.4192, 44.4016 ], [ -72.41998, 44.40151 ], [ -72.42006, 44.40105 ], [ -72.42006, 44.40152 ], [ -72.41965, 44.40186 ], [ -72.41924, 44.40186 ], [ -72.41941, 44.40315 ], [ -72.41986, 44.40329 ], [ -72.42063, 44.40271 ], [ -72.42153, 44.40285 ], [ -72.42192, 44.4034 ], [ -72.42166, 44.40458 ], [ -72.42096, 44.40513 ], [ -72.42018, 44.40517 ], [ -72.41977, 44.40472 ], [ -72.41986, 44.40452 ], [ -72.41965, 44.40366 ], [ -72.41941, 44.40362 ], [ -72.41929, 44.40386 ], [ -72.41945, 44.40421 ], [ -72.41932, 44.40447 ], [ -72.41939, 44.40487 ], [ -72.41916, 44.40535 ], [ -72.41859, 44.40563 ], [ -72.4181, 44.40552 ], [ -72.41806, 44.40533 ], [ -72.4179, 44.40532 ], [ -72.41765, 44.40562 ], [ -72.4163, 44.40568 ], [ -72.41434, 44.40643 ], [ -72.41426, 44.40668 ], [ -72.41369, 44.40709 ], [ -72.41242, 44.40699 ], [ -72.41201, 44.40658 ], [ -72.4114, 44.40651 ], [ -72.41136, 44.40632 ], [ -72.41091, 44.4061 ], [ -72.41079, 44.4057 ], [ -72.41052, 44.40558 ], [ -72.41099, 44.40516 ], [ -72.41107, 44.40461 ], [ -72.41035, 44.40396 ], [ -72.41066, 44.40338 ], [ -72.41193, 44.40321 ], [ -72.41289, 44.40416 ], [ -72.41328, 44.40433 ], [ -72.41476, 44.40406 ], [ -72.41549, 44.40348 ], [ -72.4154, 44.40312 ], [ -72.41499, 44.40301 ], [ -72.41476, 44.40264 ], [ -72.41536, 44.40145 ], [ -72.41614, 44.40116 ], [ -72.41651, 44.40061 ], [ -72.41732, 44.4005 ] ] } },
{ "type": "Feature", "properties": { "lake": "Sabin", "depth": 30 }, "geometry": { "type": "LineString", "coordinates": [ [ -72.41504, 44.39796 ], [ -72.41562, 44.39801 ], [ -72.41542, 44.39852 ], [ -72.41532, 44.39975 ], [ -72.41495, 44.40019 ], [ -72.41469, 44.39959 ], [ -72.41504, 44.39796 ] ] } },
{ "type": "Feature", "properties": { "lake": "Sabin", "depth": 20 }, "geometry": { "type": "LineString", "coordinates": [ [ -72.41505, 44.39745 ], [ -72.41614, 44.39759 ], [ -72.41703, 44.39806 ], [ -72.41642, 44.39879 ], [ -72.41581, 44.39914 ], [ -72.4155, 44.40025 ], [ -72.41524, 44.4004 ], [ -72.41471, 44.40032 ], [ -72.41455, 44.40004 ], [ -72.4143, 44.39998 ], [ -72.41422, 44.39964 ], [ -72.41431, 44.39903 ], [ -72.41447, 44.39898 ], [ -72.41432, 44.39887 ], [ -72.41465, 44.39847 ], [ -72.41467, 44.39771 ], [ -72.41505, 44.39745 ] ] } },
{ "type": "Feature", "properties": { "lake": "Sabin", "depth": 10 }, "geometry": { "type": "LineString", "coordinates": [ [ -72.41536, 44.3973 ], [ -72.41757, 44.39752 ], [ -72.41786, 44.39776 ], [ -72.41749, 44.39828 ], [ -72.417, 44.39867 ], [ -72.41678, 44.39867 ], [ -72.41663, 44.39897 ], [ -72.41602, 44.39905 ], [ -72.41591, 44.39928 ], [ -72.41599, 44.39969 ], [ -72.41561, 44.4003 ], [ -72.41504, 44.40057 ], [ -72.41422, 44.4004 ], [ -72.41393, 44.39994 ], [ -72.41393, 44.39938 ], [ -72.41448, 44.39832 ], [ -72.41442, 44.39774 ], [ -72.41467, 44.39745 ], [ -72.41536, 44.3973 ] ] } },
{ "type": "Feature", "properties": { "lake": "Sabin", "depth": 5 }, "geometry": { "type": "LineString", "coordinates": [ [ -72.41544, 44.39725 ], [ -72.41704, 44.39736 ], [ -72.41737, 44.39725 ], [ -72.41794, 44.39741 ], [ -72.41807, 44.3976 ], [ -72.41786, 44.39813 ], [ -72.41736, 44.39854 ], [ -72.41671, 44.39902 ], [ -72.416, 44.39928 ], [ -72.41608, 44.39964 ], [ -72.41581, 44.40004 ], [ -72.41577, 44.40046 ], [ -72.41491, 44.40069 ], [ -72.41434, 44.40065 ], [ -72.41385, 44.4002 ], [ -72.41376, 44.39984 ], [ -72.41405, 44.39871 ], [ -72.41441, 44.39826 ], [ -72.41431, 44.39791 ], [ -72.41442, 44.39755 ], [ -72.41425, 44.39735 ], [ -72.41446, 44.39749 ], [ -72.41544, 44.39725 ] ] } },
{ "type": "Feature", "properties": { "lake": "Sabin", "depth": 20 }, "geometry": { "type": "LineString", "coordinates": [ [ -72.42034, 44.39344 ], [ -72.42096, 44.39371 ], [ -72.42077, 44.3941 ], [ -72.41998, 44.3939 ], [ -72.42006, 44.39359 ], [ -72.42034, 44.39344 ] ] } },
{ "type": "Feature", "properties": { "lake": "Sabin", "depth": 10 }, "geometry": { "type": "LineString", "coordinates": [ [ -72.42052, 44.39283 ], [ -72.42133, 44.39308 ], [ -72.42145, 44.39379 ], [ -72.42108, 44.39439 ], [ -72.42027, 44.39451 ], [ -72.41961, 44.39416 ], [ -72.41948, 44.39379 ], [ -72.41969, 44.39313 ], [ -72.42052, 44.39283 ] ] } },
{ "type": "Feature", "properties": { "lake": "Sabin", "depth": 5 }, "geometry": { "type": "LineString", "coordinates": [ [ -72.42042, 44.39242 ], [ -72.42067, 44.39241 ], [ -72.42125, 44.39274 ], [ -72.42164, 44.39323 ], [ -72.42157, 44.39351 ], [ -72.42183, 44.39354 ], [ -72.42165, 44.39364 ], [ -72.42176, 44.39384 ], [ -72.42166, 44.39405 ], [ -72.42076, 44.3947 ], [ -72.42014, 44.3947 ], [ -72.41924, 44.39405 ], [ -72.41961, 44.39287 ], [ -72.42043, 44.39267 ], [ -72.42042, 44.39242 ] ] } },
{ "type": "Feature", "properties": { "lake": "Salem", "depth": 10 }, "geometry": { "type": "LineString", "coordinates": [ [ -72.09983, 44.93029 ], [ -72.0996, 44.93049 ], [ -72.09983, 44.93077 ], [ -72.10053, 44.93077 ], [ -72.10038, 44.93049 ], [ -72.09983, 44.93029 ] ] } },
{ "type": "Feature", "properties": { "lake": "Salem", "depth": 20 }, "geometry": { "type": "LineString", "coordinates": [ [ -72.09983, 44.92998 ], [ -72.09886, 44.93029 ], [ -72.09886, 44.93087 ], [ -72.09866, 44.93116 ], [ -72.09878, 44.93145 ], [ -72.10029, 44.93135 ], [ -72.10078, 44.93106 ], [ -72.10086, 44.93046 ], [ -72.10017, 44.93001 ], [ -72.09983, 44.92998 ] ] } },
{ "type": "Feature", "properties": { "lake": "Salem", "depth": 5 }, "geometry": { "type": "LineString", "coordinates": [ [ -72.11357, 44.92962 ], [ -72.11384, 44.92972 ], [ -72.11419, 44.93029 ], [ -72.11452, 44.93049 ], [ -72.11357, 44.93049 ], [ -72.11357, 44.92962 ] ] } },
{ "type": "Feature", "properties": { "lake": "Salem", "depth": 10 }, "geometry": { "type": "LineString", "coordinates": [ [ -72.11361, 44.92962 ], [ -72.11415, 44.93029 ], [ -72.11446, 44.93049 ], [ -72.11361, 44.93049 ], [ -72.11361, 44.92962 ] ] } },
{ "type": "Feature", "properties": { "lake": "Salem", "depth": 5 }, "geometry": { "type": "LineString", "coordinates": [ [ -72.11553, 44.92789 ], [ -72.11592, 44.92808 ], [ -72.11592, 44.92828 ], [ -72.11626, 44.92856 ], [ -72.11553, 44.92856 ], [ -72.11553, 44.92789 ] ] } },
{ "type": "Feature", "properties": { "lake": "Salem", "depth": 10 }, "geometry": { "type": "LineString", "coordinates": [ [ -72.11557, 44.92789 ], [ -72.11588, 44.92808 ], [ -72.11588, 44.92828 ], [ -72.11622, 44.92856 ], [ -72.11557, 44.92856 ], [ -72.11557, 44.92789 ] ] } },
{ "type": "Feature", "properties": { "lake": "Salem", "depth": 30 }, "geometry": { "type": "LineString", "coordinates": [ [ -72.10132, 44.92538 ], [ -72.10101, 44.92558 ], [ -72.10121, 44.92578 ], [ -72.10179, 44.92597 ], [ -72.10215, 44.92578 ], [ -72.1019, 44.92553 ], [ -72.10144, 44.92562 ], [ -72.10132, 44.92538 ] ] } },
{ "type": "Feature", "properties": { "lake": "Salem", "depth": 50 }, "geometry": { "type": "LineString", "coordinates": [ [ -72.10158, 44.92078 ], [ -72.10248, 44.92087 ], [ -72.10282, 44.92118 ], [ -72.10524, 44.92208 ], [ -72.10605, 44.92264 ], [ -72.10617, 44.92309 ], [ -72.10612, 44.92405 ], [ -72.10576, 44.92443 ], [ -72.10558, 44.92501 ], [ -72.10589, 44.92587 ], [ -72.10621, 44.92626 ], [ -72.10636, 44.92693 ], [ -72.10662, 44.92715 ], [ -72.10684, 44.92799 ], [ -72.10732, 44.92866 ], [ -72.10813, 44.92924 ], [ -72.10908, 44.92962 ], [ -72.11025, 44.93145 ], [ -72.11051, 44.93231 ], [ -72.1111, 44.93298 ], [ -72.11098, 44.93337 ], [ -72.10916, 44.93357 ], [ -72.10778, 44.93285 ], [ -72.10729, 44.9325 ], [ -72.1067, 44.93154 ], [ -72.10601, 44.93097 ], [ -72.10513, 44.9307 ], [ -72.10471, 44.93039 ], [ -72.10467, 44.92997 ], [ -72.1039, 44.92876 ], [ -72.10271, 44.92849 ], [ -72.1024, 44.92808 ], [ -72.10213, 44.9281 ], [ -72.10179, 44.92787 ], [ -72.10158, 44.92751 ], [ -72.10179, 44.92716 ], [ -72.10202, 44.92711 ], [ -72.10236, 44.92736 ], [ -72.10305, 44.92747 ], [ -72.10327, 44.92731 ], [ -72.10335, 44.92664 ], [ -72.10303, 44.9253 ], [ -72.10024, 44.92357 ], [ -72.10036, 44.92328 ], [ -72.10006, 44.92289 ], [ -72.10026, 44.92203 ], [ -72.10009, 44.92174 ], [ -72.10075, 44.92136 ], [ -72.10121, 44.92088 ], [ -72.10158, 44.92078 ] ] } },
{ "type": "Feature", "properties": { "lake": "Salem", "depth": 30 }, "geometry": { "type": "LineString", "coordinates": [ [ -72.10059, 44.9203 ], [ -72.10144, 44.92023 ], [ -72.10248, 44.92053 ], [ -72.1042, 44.92137 ], [ -72.1057, 44.92175 ], [ -72.10658, 44.92241 ], [ -72.10674, 44.9228 ], [ -72.10739, 44.92347 ], [ -72.10717, 44.92385 ], [ -72.10745, 44.92434 ], [ -72.1072, 44.92467 ], [ -72.10699, 44.92578 ], [ -72.10704, 44.92635 ], [ -72.10768, 44.9278 ], [ -72.10824, 44.92844 ], [ -72.10927, 44.92912 ], [ -72.11039, 44.93068 ], [ -72.111, 44.93125 ], [ -72.11158, 44.93225 ], [ -72.1129, 44.93347 ], [ -72.11314, 44.93404 ], [ -72.11284, 44.93488 ], [ -72.11181, 44.93496 ], [ -72.11008, 44.93621 ], [ -72.10881, 44.93636 ], [ -72.10756, 44.93606 ], [ -72.10662, 44.93518 ], [ -72.10616, 44.9352 ], [ -72.10559, 44.93487 ], [ -72.10529, 44.93433 ], [ -72.1055, 44.93347 ], [ -72.10628, 44.93315 ], [ -72.1064, 44.93289 ], [ -72.10593, 44.9319 ], [ -72.10406, 44.93106 ], [ -72.10351, 44.93056 ], [ -72.10236, 44.93013 ], [ -72.10132, 44.92913 ], [ -72.10014, 44.92866 ], [ -72.09948, 44.92772 ], [ -72.09879, 44.92732 ], [ -72.09872, 44.92664 ], [ -72.09911, 44.92607 ], [ -72.09983, 44.92578 ], [ -72.10052, 44.92572 ], [ -72.1006, 44.92558 ], [ -72.10034, 44.92501 ], [ -72.09902, 44.92438 ], [ -72.09875, 44.92395 ], [ -72.099, 44.92328 ], [ -72.09952, 44.9228 ], [ -72.0996, 44.92173 ], [ -72.10005, 44.92088 ], [ -72.10029, 44.92083 ], [ -72.10059, 44.9203 ] ] } },
{ "type": "Feature", "properties": { "lake": "Salem", "depth": 20 }, "geometry": { "type": "LineString", "coordinates": [ [ -72.10077, 44.92011 ], [ -72.10109, 44.92003 ], [ -72.10248, 44.92042 ], [ -72.1042, 44.92123 ], [ -72.10598, 44.92174 ], [ -72.10608, 44.92193 ], [ -72.10662, 44.9221 ], [ -72.10696, 44.9228 ], [ -72.10754, 44.92318 ], [ -72.10788, 44.92395 ], [ -72.1077, 44.92491 ], [ -72.10722, 44.92578 ], [ -72.10744, 44.92607 ], [ -72.10723, 44.92635 ], [ -72.10748, 44.92664 ], [ -72.10764, 44.92722 ], [ -72.10789, 44.9277 ], [ -72.10927, 44.92879 ], [ -72.10965, 44.92952 ], [ -72.11018, 44.93001 ], [ -72.11044, 44.93049 ], [ -72.11127, 44.93087 ], [ -72.11225, 44.93231 ], [ -72.11215, 44.93262 ], [ -72.11371, 44.93327 ], [ -72.11457, 44.93413 ], [ -72.11466, 44.93471 ], [ -72.1144, 44.9351 ], [ -72.11446, 44.93558 ], [ -72.11405, 44.93606 ], [ -72.1134, 44.93625 ], [ -72.11284, 44.93675 ], [ -72.1121, 44.93654 ], [ -72.11173, 44.93683 ], [ -72.11169, 44.93707 ], [ -72.11112, 44.93729 ], [ -72.11019, 44.93796 ], [ -72.10981, 44.93779 ], [ -72.10962, 44.93752 ], [ -72.10789, 44.93753 ], [ -72.10766, 44.93725 ], [ -72.1059, 44.93693 ], [ -72.1058, 44.93673 ], [ -72.10606, 44.93654 ], [ -72.10601, 44.93625 ], [ -72.10563, 44.93616 ], [ -72.10518, 44.93568 ], [ -72.10455, 44.93541 ], [ -72.10427, 44.9351 ], [ -72.10418, 44.93443 ], [ -72.10444, 44.93385 ], [ -72.10397, 44.93374 ], [ -72.1034, 44.93388 ], [ -72.10206, 44.93366 ], [ -72.1019, 44.93327 ], [ -72.10098, 44.93293 ], [ -72.1008, 44.9327 ], [ -72.09914, 44.93182 ], [ -72.09879, 44.93175 ], [ -72.09825, 44.93193 ], [ -72.0981, 44.93135 ], [ -72.0975, 44.93116 ], [ -72.09755, 44.93058 ], [ -72.09731, 44.92991 ], [ -72.09743, 44.92943 ], [ -72.0978, 44.92904 ], [ -72.09798, 44.92857 ], [ -72.09848, 44.92828 ], [ -72.09916, 44.92818 ], [ -72.09806, 44.92712 ], [ -72.09814, 44.92674 ], [ -72.09886, 44.92568 ], [ -72.09864, 44.92482 ], [ -72.09841, 44.92453 ], [ -72.09841, 44.92347 ], [ -72.09913, 44.92251 ], [ -72.0999, 44.92078 ], [ -72.10077, 44.92011 ] ] } },
{ "type": "Feature", "properties": { "lake": "Salem", "depth": 10 }, "geometry": { "type": "LineString", "coordinates": [ [ -72.10062, 44.92001 ], [ -72.10132, 44.91997 ], [ -72.10248, 44.92027 ], [ -72.1042, 44.92112 ], [ -72.10651, 44.92182 ], [ -72.10738, 44.92289 ], [ -72.10801, 44.92331 ], [ -72.10831, 44.92405 ], [ -72.10806, 44.92443 ], [ -72.10804, 44.9251 ], [ -72.10776, 44.92539 ], [ -72.10778, 44.92694 ], [ -72.10858, 44.9279 ], [ -72.10927, 44.92834 ], [ -72.10979, 44.92914 ], [ -72.11066, 44.9298 ], [ -72.11077, 44.93015 ], [ -72.11181, 44.93073 ], [ -72.11261, 44.93075 ], [ -72.11273, 44.93055 ], [ -72.11296, 44.93074 ], [ -72.11334, 44.93077 ], [ -72.11322, 44.93125 ], [ -72.11345, 44.93135 ], [ -72.11299, 44.93145 ], [ -72.11288, 44.93164 ], [ -72.11299, 44.93183 ], [ -72.11263, 44.93222 ], [ -72.11264, 44.9326 ], [ -72.11377, 44.93292 ], [ -72.11467, 44.93366 ], [ -72.11457, 44.93375 ], [ -72.11503, 44.93388 ], [ -72.11521, 44.93433 ], [ -72.11595, 44.93457 ], [ -72.11642, 44.935 ], [ -72.11649, 44.9352 ], [ -72.11632, 44.93548 ], [ -72.11598, 44.93568 ], [ -72.11595, 44.93617 ], [ -72.11495, 44.93673 ], [ -72.11492, 44.93695 ], [ -72.11434, 44.93701 ], [ -72.1133, 44.93742 ], [ -72.11279, 44.93808 ], [ -72.11227, 44.93835 ], [ -72.11158, 44.93829 ], [ -72.11066, 44.93877 ], [ -72.11008, 44.93854 ], [ -72.10916, 44.93843 ], [ -72.10858, 44.9387 ], [ -72.10855, 44.93904 ], [ -72.10835, 44.93906 ], [ -72.10766, 44.93856 ], [ -72.10674, 44.93851 ], [ -72.1048, 44.9375 ], [ -72.10455, 44.93702 ], [ -72.10461, 44.93673 ], [ -72.10444, 44.93629 ], [ -72.10397, 44.93601 ], [ -72.10386, 44.93527 ], [ -72.10328, 44.93445 ], [ -72.10202, 44.93433 ], [ -72.10098, 44.93402 ], [ -72.10052, 44.93339 ], [ -72.0981, 44.9325 ], [ -72.09715, 44.93164 ], [ -72.09659, 44.93077 ], [ -72.09654, 44.93029 ], [ -72.09663, 44.92972 ], [ -72.09731, 44.92847 ], [ -72.09706, 44.92789 ], [ -72.09752, 44.92726 ], [ -72.09779, 44.92655 ], [ -72.09868, 44.9257 ], [ -72.09819, 44.92482 ], [ -72.09801, 44.92405 ], [ -72.09808, 44.92337 ], [ -72.09891, 44.92231 ], [ -72.09914, 44.92188 ], [ -72.09912, 44.92155 ], [ -72.09959, 44.92088 ], [ -72.09957, 44.92059 ], [ -72.09913, 44.9203 ], [ -72.09948, 44.92015 ], [ -72.09983, 44.92044 ], [ -72.10062, 44.92001 ] ] } },
{ "type": "Feature", "properties": { "lake": "Salem", "depth": 5 }, "geometry": { "type": "LineString", "coordinates": [ [ -72.10074, 44.91982 ], [ -72.10213, 44.92011 ], [ -72.10271, 44.91999 ], [ -72.10374, 44.92089 ], [ -72.10505, 44.92116 ], [ -72.10518, 44.92136 ], [ -72.10547, 44.92125 ], [ -72.10616, 44.92165 ], [ -72.10662, 44.92168 ], [ -72.10697, 44.92235 ], [ -72.10824, 44.92327 ], [ -72.10851, 44.92385 ], [ -72.10856, 44.92424 ], [ -72.10828, 44.92453 ], [ -72.10823, 44.9252 ], [ -72.10796, 44.9253 ], [ -72.10824, 44.92561 ], [ -72.10816, 44.92635 ], [ -72.10858, 44.92727 ], [ -72.10927, 44.92763 ], [ -72.10973, 44.92867 ], [ -72.11019, 44.92877 ], [ -72.11112, 44.93014 ], [ -72.11161, 44.93058 ], [ -72.11261, 44.93071 ], [ -72.11273, 44.93052 ], [ -72.11338, 44.93077 ], [ -72.11327, 44.93125 ], [ -72.11349, 44.93135 ], [ -72.11303, 44.93145 ], [ -72.11277, 44.9325 ], [ -72.11377, 44.93269 ], [ -72.11434, 44.93322 ], [ -72.11561, 44.93385 ], [ -72.11617, 44.93443 ], [ -72.1163, 44.93481 ], [ -72.11757, 44.93568 ], [ -72.117, 44.93616 ], [ -72.11572, 44.93682 ], [ -72.11538, 44.93724 ], [ -72.11375, 44.93808 ], [ -72.11298, 44.93827 ], [ -72.11261, 44.93874 ], [ -72.11135, 44.93886 ], [ -72.11123, 44.93902 ], [ -72.11019, 44.93934 ], [ -72.10904, 44.9394 ], [ -72.10893, 44.93956 ], [ -72.10801, 44.93923 ], [ -72.10743, 44.93883 ], [ -72.10697, 44.93875 ], [ -72.10674, 44.93891 ], [ -72.10547, 44.93824 ], [ -72.10477, 44.93808 ], [ -72.10467, 44.93767 ], [ -72.10435, 44.93731 ], [ -72.10433, 44.93664 ], [ -72.10363, 44.93587 ], [ -72.10381, 44.93548 ], [ -72.10354, 44.93529 ], [ -72.10366, 44.935 ], [ -72.10333, 44.93481 ], [ -72.10328, 44.93459 ], [ -72.10282, 44.9345 ], [ -72.10225, 44.93462 ], [ -72.10174, 44.93433 ], [ -72.10121, 44.93429 ], [ -72.10062, 44.93395 ], [ -72.10029, 44.93351 ], [ -72.09764, 44.9326 ], [ -72.09681, 44.93174 ], [ -72.09649, 44.93117 ], [ -72.09603, 44.93097 ], [ -72.09567, 44.93029 ], [ -72.09617, 44.92933 ], [ -72.0966, 44.92912 ], [ -72.09695, 44.92859 ], [ -72.09683, 44.92799 ], [ -72.09699, 44.9278 ], [ -72.09692, 44.92731 ], [ -72.09729, 44.92722 ], [ -72.09725, 44.92683 ], [ -72.09787, 44.92621 ], [ -72.09802, 44.92626 ], [ -72.09788, 44.92616 ], [ -72.09834, 44.92597 ], [ -72.09834, 44.9252 ], [ -72.09819, 44.9251 ], [ -72.09812, 44.92453 ], [ -72.09783, 44.92395 ], [ -72.09781, 44.92289 ], [ -72.09844, 44.92184 ], [ -72.09937, 44.921 ], [ -72.09901, 44.9203 ], [ -72.09948, 44.91993 ], [ -72.09994, 44.92017 ], [ -72.10052, 44.92004 ], [ -72.10074, 44.91982 ] ] } },
{ "type": "Feature", "properties": { "lake": "Salem", "depth": 5 }, "geometry": { "type": "LineString", "coordinates": [ [ -72.09566, 44.9178 ], [ -72.09591, 44.91773 ], [ -72.09649, 44.91793 ], [ -72.09764, 44.91781 ], [ -72.09856, 44.918 ], [ -72.09897, 44.91828 ], [ -72.09879, 44.91847 ], [ -72.09798, 44.91864 ], [ -72.09775, 44.91849 ], [ -72.09626, 44.91845 ], [ -72.09518, 44.91818 ], [ -72.09515, 44.91799 ], [ -72.09566, 44.9178 ] ] } },
{ "type": "Feature", "properties": { "lake": "Salem", "depth": 10 }, "geometry": { "type": "LineString", "coordinates": [ [ -72.09348, 44.91569 ], [ -72.09411, 44.91588 ], [ -72.0943, 44.91634 ], [ -72.09476, 44.9166 ], [ -72.09497, 44.91713 ], [ -72.09384, 44.91732 ], [ -72.09338, 44.91713 ], [ -72.09303, 44.91723 ], [ -72.09207, 44.91703 ], [ -72.09211, 44.91684 ], [ -72.09337, 44.91597 ], [ -72.09348, 44.91569 ] ] } },
{ "type": "Feature", "properties": { "lake": "Salem", "depth": 5 }, "geometry": { "type": "LineString", "coordinates": [ [ -72.09394, 44.9154 ], [ -72.09418, 44.91535 ], [ -72.09487, 44.91639 ], [ -72.09545, 44.91665 ], [ -72.09556, 44.91713 ], [ -72.0951, 44.9176 ], [ -72.09464, 44.91767 ], [ -72.09407, 44.9175 ], [ -72.09384, 44.91761 ], [ -72.09199, 44.91739 ], [ -72.0912, 44.91703 ], [ -72.0913, 44.9168 ], [ -72.09234, 44.9164 ], [ -72.09338, 44.91544 ], [ -72.09394, 44.9154 ] ] } },
{ "type": "Feature", "properties": { "lake": "Salem", "depth": 20 }, "geometry": { "type": "LineString", "coordinates": [ [ -72.09033, 44.91376 ], [ -72.09121, 44.91396 ], [ -72.09067, 44.91472 ], [ -72.09071, 44.9152 ], [ -72.09027, 44.91562 ], [ -72.08958, 44.9158 ], [ -72.08888, 44.91566 ], [ -72.08868, 44.9154 ], [ -72.08866, 44.91501 ], [ -72.08911, 44.91428 ], [ -72.09033, 44.91376 ] ] } },
{ "type": "Feature", "properties": { "lake": "Salem", "depth": 10 }, "geometry": { "type": "LineString", "coordinates": [ [ -72.09162, 44.91223 ], [ -72.09199, 44.91217 ], [ -72.09234, 44.91235 ], [ -72.09264, 44.9129 ], [ -72.09188, 44.91404 ], [ -72.0918, 44.91453 ], [ -72.0913, 44.91503 ], [ -72.09137, 44.9154 ], [ -72.09119, 44.91576 ], [ -72.0906, 44.91597 ], [ -72.09038, 44.91635 ], [ -72.08982, 44.91645 ], [ -72.08961, 44.91693 ], [ -72.08936, 44.91703 ], [ -72.08808, 44.91699 ], [ -72.0875, 44.91648 ], [ -72.0867, 44.91641 ], [ -72.086, 44.91699 ], [ -72.08569, 44.91693 ], [ -72.0854, 44.91645 ], [ -72.08568, 44.91607 ], [ -72.08563, 44.91588 ], [ -72.08589, 44.91556 ], [ -72.0867, 44.9155 ], [ -72.0871, 44.9152 ], [ -72.08712, 44.91472 ], [ -72.08727, 44.91435 ], [ -72.08762, 44.91405 ], [ -72.08755, 44.91367 ], [ -72.08775, 44.91328 ], [ -72.08819, 44.91314 ], [ -72.08935, 44.91361 ], [ -72.09027, 44.91341 ], [ -72.09051, 44.91319 ], [ -72.09021, 44.9129 ], [ -72.09022, 44.91261 ], [ -72.09162, 44.91223 ] ] } },
{ "type": "Feature", "properties": { "lake": "Salem", "depth": 5 }, "geometry": { "type": "LineString", "coordinates": [ [ -72.09207, 44.91155 ], [ -72.09292, 44.91203 ], [ -72.09285, 44.91251 ], [ -72.093, 44.91299 ], [ -72.09215, 44.91405 ], [ -72.09237, 44.91424 ], [ -72.09216, 44.91453 ], [ -72.09234, 44.91472 ], [ -72.09222, 44.91501 ], [ -72.09233, 44.9153 ], [ -72.09202, 44.91578 ], [ -72.09222, 44.91606 ], [ -72.09188, 44.9159 ], [ -72.09119, 44.91621 ], [ -72.09073, 44.91615 ], [ -72.09082, 44.91626 ], [ -72.09061, 44.91648 ], [ -72.09, 44.91655 ], [ -72.08981, 44.91718 ], [ -72.08935, 44.91727 ], [ -72.08796, 44.91709 ], [ -72.08739, 44.91674 ], [ -72.08704, 44.9167 ], [ -72.086, 44.91732 ], [ -72.08553, 44.91722 ], [ -72.08512, 44.91693 ], [ -72.08508, 44.9154 ], [ -72.08538, 44.91511 ], [ -72.08554, 44.91457 ], [ -72.08576, 44.91453 ], [ -72.08623, 44.91484 ], [ -72.08647, 44.91453 ], [ -72.08636, 44.91444 ], [ -72.08656, 44.91405 ], [ -72.08716, 44.91363 ], [ -72.08727, 44.91326 ], [ -72.08774, 44.9129 ], [ -72.08842, 44.91298 ], [ -72.08865, 44.91287 ], [ -72.08891, 44.91299 ], [ -72.08911, 44.91342 ], [ -72.08981, 44.9134 ], [ -72.08992, 44.91315 ], [ -72.09027, 44.91322 ], [ -72.09015, 44.91298 ], [ -72.08981, 44.91293 ], [ -72.08969, 44.91312 ], [ -72.08946, 44.91295 ], [ -72.08981, 44.91284 ], [ -72.08992, 44.91253 ], [ -72.09084, 44.91199 ], [ -72.09207, 44.91155 ] ] } },
{ "type": "Feature", "properties": { "lake": "Shadow (Concrd)", "depth": 50 }, "geometry": { "type": "LineString", "coordinates": [ [ -71.87331, 44.40078 ], [ -71.87389, 44.40096 ], [ -71.87348, 44.40153 ], [ -71.87294, 44.40161 ], [ -71.87273, 44.40232 ], [ -71.87244, 44.40228 ], [ -71.87219, 44.40203 ], [ -71.87243, 44.40176 ], [ -71.87229, 44.40141 ], [ -71.87259, 44.40136 ], [ -71.87262, 44.40114 ], [ -71.87316, 44.40109 ], [ -71.87331, 44.40078 ] ] } },
{ "type": "Feature", "properties": { "lake": "Shadow (Concrd)", "depth": 30 }, "geometry": { "type": "LineString", "coordinates": [ [ -71.87487, 44.39975 ], [ -71.87519, 44.3998 ], [ -71.87535, 44.40015 ], [ -71.87528, 44.40064 ], [ -71.87469, 44.40168 ], [ -71.87405, 44.40228 ], [ -71.87334, 44.4026 ], [ -71.87298, 44.40304 ], [ -71.87169, 44.40383 ], [ -71.87116, 44.40395 ], [ -71.87105, 44.40412 ], [ -71.87066, 44.40402 ], [ -71.87091, 44.40239 ], [ -71.87127, 44.40205 ], [ -71.87138, 44.40167 ], [ -71.87116, 44.40033 ], [ -71.87212, 44.39994 ], [ -71.87359, 44.40011 ], [ -71.87487, 44.39975 ] ] } },
{ "type": "Feature", "properties": { "lake": "Shadow (Concrd)", "depth": 20 }, "geometry": { "type": "LineString", "coordinates": [ [ -71.87529, 44.39939 ], [ -71.87551, 44.39951 ], [ -71.87542, 44.39988 ], [ -71.87566, 44.40011 ], [ -71.87537, 44.40034 ], [ -71.87553, 44.40064 ], [ -71.87528, 44.40082 ], [ -71.87526, 44.4017 ], [ -71.8748, 44.40189 ], [ -71.87419, 44.4025 ], [ -71.87384, 44.4026 ], [ -71.87291, 44.40344 ], [ -71.87276, 44.40337 ], [ -71.87284, 44.40347 ], [ -71.87237, 44.4036 ], [ -71.87137, 44.4045 ], [ -71.87059, 44.40466 ], [ -71.87033, 44.40423 ], [ -71.87033, 44.4036 ], [ -71.8705, 44.40342 ], [ -71.8704, 44.40306 ], [ -71.87062, 44.40244 ], [ -71.87059, 44.40211 ], [ -71.87089, 44.40176 ], [ -71.87073, 44.40092 ], [ -71.87033, 44.40055 ], [ -71.87027, 44.39996 ], [ -71.87055, 44.39991 ], [ -71.87098, 44.3995 ], [ -71.87341, 44.39979 ], [ -71.87398, 44.39956 ], [ -71.87529, 44.39939 ] ] } },
{ "type": "Feature", "properties": { "lake": "Shadow (Concrd)", "depth": 10 }, "geometry": { "type": "LineString", "coordinates": [ [ -71.87088, 44.39894 ], [ -71.87226, 44.39934 ], [ -71.87219, 44.3995 ], [ -71.87244, 44.39934 ], [ -71.87316, 44.39939 ], [ -71.87334, 44.3992 ], [ -71.87501, 44.399 ], [ -71.87598, 44.39942 ], [ -71.87609, 44.40015 ], [ -71.87562, 44.40137 ], [ -71.87566, 44.40171 ], [ -71.87508, 44.40244 ], [ -71.87473, 44.40256 ], [ -71.87412, 44.40312 ], [ -71.87351, 44.40335 ], [ -71.87305, 44.40386 ], [ -71.87255, 44.40396 ], [ -71.87127, 44.40506 ], [ -71.87052, 44.40522 ], [ -71.87002, 44.40492 ], [ -71.86982, 44.40445 ], [ -71.86993, 44.40418 ], [ -71.86974, 44.4041 ], [ -71.86968, 44.40311 ], [ -71.86952, 44.40306 ], [ -71.86961, 44.40199 ], [ -71.86949, 44.40159 ], [ -71.86966, 44.4015 ], [ -71.86944, 44.40128 ], [ -71.8695, 44.40069 ], [ -71.86937, 44.40038 ], [ -71.8695, 44.40033 ], [ -71.86944, 44.40019 ], [ -71.86981, 44.40011 ], [ -71.86968, 44.40002 ], [ -71.86983, 44.39979 ], [ -71.8695, 44.39952 ], [ -71.87026, 44.39912 ], [ -71.87019, 44.39901 ], [ -71.87048, 44.39909 ], [ -71.87088, 44.39894 ] ] } },
{ "type": "Feature", "properties": { "lake": "Shadow (Concrd)", "depth": 5 }, "geometry": { "type": "LineString", "coordinates": [ [ -71.86814, 44.39634 ], [ -71.86845, 44.39647 ], [ -71.86855, 44.3967 ], [ -71.86895, 44.39644 ], [ -71.86973, 44.39664 ], [ -71.87027, 44.39712 ], [ -71.87087, 44.39715 ], [ -71.87144, 44.39698 ], [ -71.87148, 44.39755 ], [ -71.87173, 44.39778 ], [ -71.87196, 44.39778 ], [ -71.87187, 44.39759 ], [ -71.87241, 44.39764 ], [ -71.87262, 44.39784 ], [ -71.87348, 44.39777 ], [ -71.87384, 44.39812 ], [ -71.87483, 44.39844 ], [ -71.8753, 44.39909 ], [ -71.87608, 44.39923 ], [ -71.87623, 44.39948 ], [ -71.87631, 44.4002 ], [ -71.87601, 44.4006 ], [ -71.87591, 44.40176 ], [ -71.87555, 44.40197 ], [ -71.87527, 44.40271 ], [ -71.87334, 44.40357 ], [ -71.87323, 44.40388 ], [ -71.87244, 44.40425 ], [ -71.87194, 44.40507 ], [ -71.87127, 44.40563 ], [ -71.86984, 44.40554 ], [ -71.86962, 44.40565 ], [ -71.86952, 44.4055 ], [ -71.86966, 44.40459 ], [ -71.86912, 44.40324 ], [ -71.8691, 44.40208 ], [ -71.86927, 44.40176 ], [ -71.86912, 44.40167 ], [ -71.86917, 44.40118 ], [ -71.8688, 44.40048 ], [ -71.86871, 44.39993 ], [ -71.86823, 44.39916 ], [ -71.86814, 44.39634 ] ] } },
{ "type": "Feature", "properties": { "lake": "Shadow (Glover)", "depth": 100 }, "geometry": { "type": "LineString", "coordinates": [ [ -72.22292, 44.66551 ], [ -72.22385, 44.66586 ], [ -72.22492, 44.66561 ], [ -72.22542, 44.66568 ], [ -72.22654, 44.6669 ], [ -72.22669, 44.66765 ], [ -72.2278, 44.66801 ], [ -72.22807, 44.66769 ], [ -72.22844, 44.66757 ], [ -72.2292, 44.66773 ], [ -72.2296, 44.66802 ], [ -72.2297, 44.6683 ], [ -72.23002, 44.66851 ], [ -72.23006, 44.66897 ], [ -72.22964, 44.66937 ], [ -72.22972, 44.66973 ], [ -72.22932, 44.67094 ], [ -72.22751, 44.67171 ], [ -72.2271, 44.67167 ], [ -72.22577, 44.67104 ], [ -72.22558, 44.67076 ], [ -72.22521, 44.67062 ], [ -72.22504, 44.67044 ], [ -72.22513, 44.67037 ], [ -72.22435, 44.66962 ], [ -72.22396, 44.66942 ], [ -72.22337, 44.6684 ], [ -72.22278, 44.66812 ], [ -72.22192, 44.66726 ], [ -72.22193, 44.6669 ], [ -72.22222, 44.66665 ], [ -72.22233, 44.66604 ], [ -72.2225, 44.66601 ], [ -72.22254, 44.66568 ], [ -72.22292, 44.66551 ] ] } },
{ "type": "Feature", "properties": { "lake": "Shadow (Glover)", "depth": 75 }, "geometry": { "type": "LineString", "coordinates": [ [ -72.22189, 44.66493 ], [ -72.2235, 44.66502 ], [ -72.22402, 44.66521 ], [ -72.22513, 44.66514 ], [ -72.22613, 44.66561 ], [ -72.22684, 44.6664 ], [ -72.22763, 44.66631 ], [ -72.22885, 44.66698 ], [ -72.23039, 44.66722 ], [ -72.23089, 44.66794 ], [ -72.2309, 44.66837 ], [ -72.2304, 44.66919 ], [ -72.23036, 44.66951 ], [ -72.23019, 44.66955 ], [ -72.23026, 44.66987 ], [ -72.23002, 44.67112 ], [ -72.22953, 44.67162 ], [ -72.22946, 44.67194 ], [ -72.22844, 44.67253 ], [ -72.22805, 44.67227 ], [ -72.22734, 44.67216 ], [ -72.22629, 44.67172 ], [ -72.22564, 44.67137 ], [ -72.22535, 44.67094 ], [ -72.22478, 44.67066 ], [ -72.22476, 44.67041 ], [ -72.22381, 44.66969 ], [ -72.22332, 44.66872 ], [ -72.22192, 44.66797 ], [ -72.22088, 44.66763 ], [ -72.22071, 44.66737 ], [ -72.21988, 44.66704 ], [ -72.21948, 44.66669 ], [ -72.21961, 44.66636 ], [ -72.22007, 44.66625 ], [ -72.22032, 44.66658 ], [ -72.22067, 44.66672 ], [ -72.22073, 44.66697 ], [ -72.22127, 44.6669 ], [ -72.22115, 44.66618 ], [ -72.22187, 44.66606 ], [ -72.22212, 44.66583 ], [ -72.22197, 44.66547 ], [ -72.22208, 44.66529 ], [ -72.22175, 44.66508 ], [ -72.22189, 44.66493 ] ] } },
{ "type": "Feature", "properties": { "lake": "Shadow (Glover)", "depth": 50 }, "geometry": { "type": "LineString", "coordinates": [ [ -72.22131, 44.66458 ], [ -72.22502, 44.66475 ], [ -72.22873, 44.66631 ], [ -72.22966, 44.66659 ], [ -72.23179, 44.66683 ], [ -72.23212, 44.66708 ], [ -72.23229, 44.66747 ], [ -72.23211, 44.66794 ], [ -72.23123, 44.6689 ], [ -72.23121, 44.66923 ], [ -72.23078, 44.66976 ], [ -72.2307, 44.67101 ], [ -72.22929, 44.67309 ], [ -72.22862, 44.67328 ], [ -72.22785, 44.67316 ], [ -72.22678, 44.6723 ], [ -72.2256, 44.67166 ], [ -72.2252, 44.67098 ], [ -72.22465, 44.67076 ], [ -72.22452, 44.67048 ], [ -72.22344, 44.66975 ], [ -72.2235, 44.6696 ], [ -72.22309, 44.66887 ], [ -72.22263, 44.6686 ], [ -72.22158, 44.66837 ], [ -72.21919, 44.66704 ], [ -72.21885, 44.66658 ], [ -72.21864, 44.66604 ], [ -72.21876, 44.6659 ], [ -72.21845, 44.66565 ], [ -72.21845, 44.66543 ], [ -72.21786, 44.66528 ], [ -72.21777, 44.66508 ], [ -72.21795, 44.66486 ], [ -72.21838, 44.66475 ], [ -72.21897, 44.66529 ], [ -72.21931, 44.66484 ], [ -72.22065, 44.66481 ], [ -72.22131, 44.66458 ] ] } },
{ "type": "Feature", "properties": { "lake": "Shadow (Glover)", "depth": 30 }, "geometry": { "type": "LineString", "coordinates": [ [ -72.21902, 44.664 ], [ -72.22013, 44.66424 ], [ -72.22453, 44.6644 ], [ -72.22699, 44.66511 ], [ -72.22734, 44.66539 ], [ -72.23019, 44.6663 ], [ -72.23094, 44.66624 ], [ -72.2319, 44.66647 ], [ -72.232, 44.66669 ], [ -72.2327, 44.66711 ], [ -72.23293, 44.66801 ], [ -72.23258, 44.66855 ], [ -72.23181, 44.66901 ], [ -72.23188, 44.66962 ], [ -72.23138, 44.6703 ], [ -72.23114, 44.67137 ], [ -72.23083, 44.67152 ], [ -72.23007, 44.67298 ], [ -72.22949, 44.67346 ], [ -72.22774, 44.67357 ], [ -72.22626, 44.6723 ], [ -72.22578, 44.67212 ], [ -72.22572, 44.67173 ], [ -72.22506, 44.67148 ], [ -72.22516, 44.67105 ], [ -72.22495, 44.67086 ], [ -72.22466, 44.67087 ], [ -72.22359, 44.67008 ], [ -72.22337, 44.66987 ], [ -72.22331, 44.66944 ], [ -72.22271, 44.66912 ], [ -72.22248, 44.6688 ], [ -72.22073, 44.6683 ], [ -72.22025, 44.66787 ], [ -72.21903, 44.66737 ], [ -72.2185, 44.66692 ], [ -72.21809, 44.66633 ], [ -72.21796, 44.66561 ], [ -72.21767, 44.66547 ], [ -72.21736, 44.66483 ], [ -72.21775, 44.6644 ], [ -72.21902, 44.664 ] ] } },
{ "type": "Feature", "properties": { "lake": "Shadow (Glover)", "depth": 20 }, "geometry": { "type": "LineString", "coordinates": [ [ -72.21859, 44.66393 ], [ -72.21926, 44.66392 ], [ -72.21949, 44.66408 ], [ -72.22181, 44.66407 ], [ -72.22251, 44.66422 ], [ -72.22333, 44.66415 ], [ -72.22379, 44.66433 ], [ -72.2249, 44.66428 ], [ -72.22588, 44.66479 ], [ -72.22682, 44.66493 ], [ -72.22731, 44.66525 ], [ -72.23017, 44.66611 ], [ -72.23216, 44.66635 ], [ -72.23309, 44.66744 ], [ -72.23299, 44.66869 ], [ -72.23258, 44.66915 ], [ -72.23212, 44.6693 ], [ -72.23161, 44.67051 ], [ -72.23158, 44.67102 ], [ -72.23114, 44.67159 ], [ -72.23091, 44.67162 ], [ -72.23091, 44.67216 ], [ -72.23041, 44.67266 ], [ -72.23007, 44.67328 ], [ -72.2296, 44.67357 ], [ -72.22774, 44.67376 ], [ -72.2271, 44.67329 ], [ -72.22679, 44.67284 ], [ -72.22565, 44.67215 ], [ -72.22558, 44.67184 ], [ -72.22542, 44.67188 ], [ -72.22507, 44.67159 ], [ -72.22492, 44.67116 ], [ -72.22455, 44.6708 ], [ -72.22402, 44.67062 ], [ -72.22331, 44.67001 ], [ -72.22315, 44.66944 ], [ -72.22239, 44.6689 ], [ -72.2215, 44.66876 ], [ -72.21919, 44.66762 ], [ -72.21877, 44.66737 ], [ -72.21873, 44.66716 ], [ -72.2184, 44.66704 ], [ -72.21833, 44.66681 ], [ -72.21806, 44.66676 ], [ -72.21786, 44.6664 ], [ -72.2178, 44.66572 ], [ -72.21726, 44.66511 ], [ -72.21724, 44.66475 ], [ -72.21769, 44.66429 ], [ -72.21859, 44.66393 ] ] } },
{ "type": "Feature", "properties": { "lake": "Shadow (Glover)", "depth": 10 }, "geometry": { "type": "LineString", "coordinates": [ [ -72.21981, 44.66379 ], [ -72.22088, 44.66404 ], [ -72.22152, 44.66392 ], [ -72.22199, 44.66409 ], [ -72.22315, 44.664 ], [ -72.22373, 44.66426 ], [ -72.22402, 44.66408 ], [ -72.22478, 44.6641 ], [ -72.2256, 44.6644 ], [ -72.22565, 44.66461 ], [ -72.22606, 44.66479 ], [ -72.22716, 44.66486 ], [ -72.22914, 44.66569 ], [ -72.22943, 44.6656 ], [ -72.2304, 44.66593 ], [ -72.23199, 44.66618 ], [ -72.23311, 44.66711 ], [ -72.23336, 44.66765 ], [ -72.23324, 44.66783 ], [ -72.23333, 44.66801 ], [ -72.23314, 44.66812 ], [ -72.23338, 44.66826 ], [ -72.23341, 44.66847 ], [ -72.23311, 44.66905 ], [ -72.23242, 44.66948 ], [ -72.23228, 44.66988 ], [ -72.2319, 44.67023 ], [ -72.2317, 44.67119 ], [ -72.23115, 44.67184 ], [ -72.23106, 44.67247 ], [ -72.23065, 44.67282 ], [ -72.23041, 44.67277 ], [ -72.23065, 44.67298 ], [ -72.2296, 44.67379 ], [ -72.22926, 44.67369 ], [ -72.22809, 44.67402 ], [ -72.22774, 44.67395 ], [ -72.22728, 44.67374 ], [ -72.227, 44.67323 ], [ -72.22659, 44.67287 ], [ -72.22605, 44.67269 ], [ -72.22595, 44.67237 ], [ -72.2252, 44.67187 ], [ -72.22454, 44.67094 ], [ -72.22382, 44.67062 ], [ -72.22343, 44.67026 ], [ -72.22292, 44.66955 ], [ -72.22274, 44.66951 ], [ -72.22263, 44.66917 ], [ -72.22222, 44.66896 ], [ -72.22113, 44.66883 ], [ -72.21991, 44.66804 ], [ -72.21902, 44.66782 ], [ -72.21784, 44.6669 ], [ -72.21793, 44.66683 ], [ -72.21755, 44.66633 ], [ -72.21765, 44.66572 ], [ -72.21715, 44.66525 ], [ -72.21717, 44.66468 ], [ -72.21809, 44.6639 ], [ -72.21981, 44.66379 ] ] } },
{ "type": "Feature", "properties": { "lake": "Shadow (Glover)", "depth": 5 }, "geometry": { "type": "LineString", "coordinates": [ [ -72.21964, 44.66372 ], [ -72.22013, 44.66387 ], [ -72.22315, 44.66392 ], [ -72.22373, 44.66422 ], [ -72.22401, 44.66393 ], [ -72.22449, 44.66399 ], [ -72.22571, 44.66438 ], [ -72.22588, 44.66457 ], [ -72.22681, 44.66467 ], [ -72.22814, 44.66525 ], [ -72.2321, 44.66617 ], [ -72.23333, 44.66729 ], [ -72.23351, 44.66776 ], [ -72.23354, 44.66855 ], [ -72.23321, 44.6688 ], [ -72.23313, 44.6694 ], [ -72.23263, 44.66946 ], [ -72.23194, 44.67023 ], [ -72.23179, 44.67051 ], [ -72.23174, 44.6713 ], [ -72.23113, 44.67202 ], [ -72.23111, 44.6728 ], [ -72.2308, 44.67287 ], [ -72.22965, 44.67391 ], [ -72.22931, 44.67376 ], [ -72.22862, 44.67404 ], [ -72.22774, 44.67404 ], [ -72.22723, 44.67377 ], [ -72.22676, 44.67305 ], [ -72.226, 44.67269 ], [ -72.22575, 44.6723 ], [ -72.22502, 44.67176 ], [ -72.22491, 44.67134 ], [ -72.22343, 44.67033 ], [ -72.22263, 44.66934 ], [ -72.22197, 44.66901 ], [ -72.22094, 44.66884 ], [ -72.22024, 44.66826 ], [ -72.21891, 44.66783 ], [ -72.21815, 44.66711 ], [ -72.21782, 44.66704 ], [ -72.21757, 44.66665 ], [ -72.21681, 44.6663 ], [ -72.21737, 44.66593 ], [ -72.21695, 44.66508 ], [ -72.21697, 44.66468 ], [ -72.21728, 44.66435 ], [ -72.21804, 44.66381 ], [ -72.21964, 44.66372 ] ] } },
{ "type": "Feature", "properties": { "lake": "Spectacle", "depth": 10 }, "geometry": { "type": "LineString", "coordinates": [ [ -71.84832, 44.79858 ], [ -71.84847, 44.79858 ], [ -71.84848, 44.79887 ], [ -71.84872, 44.79879 ], [ -71.84857, 44.79865 ], [ -71.84873, 44.79858 ], [ -71.84881, 44.79886 ], [ -71.84902, 44.7988 ], [ -71.8493, 44.79913 ], [ -71.84954, 44.79917 ], [ -71.84991, 44.80016 ], [ -71.85004, 44.80019 ], [ -71.84998, 44.80062 ], [ -71.85027, 44.80091 ], [ -71.85012, 44.80111 ], [ -71.85023, 44.80137 ], [ -71.8513, 44.8018 ], [ -71.85236, 44.80193 ], [ -71.85238, 44.80208 ], [ -71.85319, 44.8021 ], [ -71.85298, 44.80284 ], [ -71.85263, 44.8028 ], [ -71.85266, 44.80305 ], [ -71.85248, 44.80312 ], [ -71.85148, 44.80298 ], [ -71.84848, 44.80221 ], [ -71.84734, 44.80218 ], [ -71.84562, 44.80159 ], [ -71.84592, 44.80077 ], [ -71.84708, 44.80011 ], [ -71.84762, 44.80009 ], [ -71.84826, 44.80044 ], [ -71.84887, 44.80029 ], [ -71.84903, 44.79968 ], [ -71.84834, 44.79904 ], [ -71.8484, 44.79889 ], [ -71.84821, 44.79886 ], [ -71.84832, 44.79858 ] ] } },
{ "type": "Feature", "properties": { "lake": "Spectacle", "depth": 5 }, "geometry": { "type": "LineString", "coordinates": [ [ -71.85037, 44.7952 ], [ -71.85111, 44.79534 ], [ -71.85166, 44.7959 ], [ -71.85177, 44.79643 ], [ -71.85155, 44.7966 ], [ -71.85209, 44.79702 ], [ -71.85202, 44.79725 ], [ -71.85228, 44.798 ], [ -71.85202, 44.79817 ], [ -71.85217, 44.79821 ], [ -71.8521, 44.79848 ], [ -71.85224, 44.79852 ], [ -71.85211, 44.79886 ], [ -71.85242, 44.79934 ], [ -71.85227, 44.79972 ], [ -71.85073, 44.80024 ], [ -71.85066, 44.80046 ], [ -71.85085, 44.80077 ], [ -71.85041, 44.80128 ], [ -71.85059, 44.80139 ], [ -71.85134, 44.80127 ], [ -71.85163, 44.80161 ], [ -71.85227, 44.80156 ], [ -71.85309, 44.80195 ], [ -71.85384, 44.80104 ], [ -71.85438, 44.80105 ], [ -71.85488, 44.80152 ], [ -71.85483, 44.80221 ], [ -71.85516, 44.80272 ], [ -71.85506, 44.80329 ], [ -71.85469, 44.80374 ], [ -71.85373, 44.80349 ], [ -71.85316, 44.80367 ], [ -71.85288, 44.80352 ], [ -71.85138, 44.80392 ], [ -71.85084, 44.80322 ], [ -71.85002, 44.80286 ], [ -71.84831, 44.80234 ], [ -71.84791, 44.80246 ], [ -71.84701, 44.80232 ], [ -71.84612, 44.80198 ], [ -71.84542, 44.80149 ], [ -71.84536, 44.80108 ], [ -71.84562, 44.80067 ], [ -71.8463, 44.80047 ], [ -71.84701, 44.7999 ], [ -71.84794, 44.79994 ], [ -71.84834, 44.80022 ], [ -71.84872, 44.80009 ], [ -71.8487, 44.79964 ], [ -71.84809, 44.79929 ], [ -71.84789, 44.79893 ], [ -71.84832, 44.79763 ], [ -71.84903, 44.79708 ], [ -71.84826, 44.79645 ], [ -71.84877, 44.79588 ], [ -71.8502, 44.79543 ], [ -71.85037, 44.7952 ] ] } },
{ "type": "Feature", "properties": { "lake": "St. Catherine", "depth": 5 }, "geometry": { "type": "LineString", "coordinates": [ [ -73.20749, 43.49528 ], [ -73.20754, 43.49515 ], [ -73.20807, 43.49548 ], [ -73.20827, 43.49516 ], [ -73.20867, 43.49541 ], [ -73.2087, 43.49563 ], [ -73.20854, 43.49565 ], [ -73.20847, 43.49604 ], [ -73.2082, 43.49607 ], [ -73.20814, 43.49568 ], [ -73.20774, 43.49589 ], [ -73.20749, 43.49528 ] ] } },
{ "type": "Feature", "properties": { "lake": "St. Catherine", "depth": 5 }, "geometry": { "type": "LineString", "coordinates": [ [ -73.20716, 43.49262 ], [ -73.20754, 43.49246 ], [ -73.20794, 43.49268 ], [ -73.20815, 43.49297 ], [ -73.20807, 43.49327 ], [ -73.20774, 43.49342 ], [ -73.20741, 43.49336 ], [ -73.20718, 43.49315 ], [ -73.20716, 43.49262 ] ] } },
{ "type": "Feature", "properties": { "lake": "St. Catherine", "depth": 30 }, "geometry": { "type": "LineString", "coordinates": [ [ -73.21168, 43.48321 ], [ -73.21191, 43.48313 ], [ -73.21204, 43.48334 ], [ -73.21184, 43.48404 ], [ -73.21168, 43.48321 ] ] } },
{ "type": "Feature", "properties": { "lake": "St. Catherine", "depth": 20 }, "geometry": { "type": "LineString", "coordinates": [ [ -73.22007, 43.46085 ], [ -73.22023, 43.46069 ], [ -73.22023, 43.46157 ], [ -73.22002, 43.46138 ], [ -73.2202, 43.4612 ], [ -73.22007, 43.46085 ] ] } },
{ "type": "Feature", "properties": { "lake": "St. Catherine", "depth": 50 }, "geometry": { "type": "LineString", "coordinates": [ [ -73.21606, 43.46014 ], [ -73.21685, 43.46032 ], [ -73.21713, 43.46095 ], [ -73.21739, 43.46105 ], [ -73.21733, 43.46156 ], [ -73.218, 43.46191 ], [ -73.2184, 43.46369 ], [ -73.21828, 43.46422 ], [ -73.21878, 43.46465 ], [ -73.21918, 43.4653 ], [ -73.21919, 43.46599 ], [ -73.21879, 43.46724 ], [ -73.2183, 43.46777 ], [ -73.21792, 43.46856 ], [ -73.21783, 43.46937 ], [ -73.21746, 43.46951 ], [ -73.21727, 43.47008 ], [ -73.21739, 43.47056 ], [ -73.21779, 43.47085 ], [ -73.21799, 43.47136 ], [ -73.21759, 43.4732 ], [ -73.21724, 43.47398 ], [ -73.2174, 43.47434 ], [ -73.21713, 43.47463 ], [ -73.21683, 43.47593 ], [ -73.21708, 43.47664 ], [ -73.21693, 43.47673 ], [ -73.21691, 43.47718 ], [ -73.21722, 43.47771 ], [ -73.21704, 43.47806 ], [ -73.217, 43.47969 ], [ -73.21667, 43.48017 ], [ -73.2166, 43.48063 ], [ -73.21627, 43.48078 ], [ -73.21448, 43.48103 ], [ -73.21343, 43.48081 ], [ -73.21197, 43.48082 ], [ -73.21047, 43.47948 ], [ -73.21065, 43.47913 ], [ -73.21055, 43.47877 ], [ -73.21077, 43.47806 ], [ -73.21072, 43.47667 ], [ -73.21033, 43.47522 ], [ -73.21047, 43.47487 ], [ -73.21049, 43.47363 ], [ -73.21045, 43.4734 ], [ -73.20979, 43.47266 ], [ -73.20979, 43.47206 ], [ -73.21009, 43.47132 ], [ -73.20972, 43.47008 ], [ -73.21065, 43.46915 ], [ -73.21072, 43.46865 ], [ -73.21111, 43.46842 ], [ -73.21125, 43.4681 ], [ -73.21138, 43.46822 ], [ -73.21164, 43.46801 ], [ -73.21237, 43.46619 ], [ -73.21323, 43.46565 ], [ -73.21389, 43.46474 ], [ -73.21383, 43.46422 ], [ -73.21409, 43.46329 ], [ -73.21376, 43.46296 ], [ -73.21362, 43.4624 ], [ -73.21303, 43.46189 ], [ -73.21257, 43.46177 ], [ -73.2123, 43.46118 ], [ -73.21356, 43.46034 ], [ -73.21606, 43.46014 ] ] } },
{ "type": "Feature", "properties": { "lake": "St. Catherine", "depth": 30 }, "geometry": { "type": "LineString", "coordinates": [ [ -73.20533, 43.45286 ], [ -73.20576, 43.45289 ], [ -73.20602, 43.45325 ], [ -73.20642, 43.45341 ], [ -73.20728, 43.45356 ], [ -73.20741, 43.45381 ], [ -73.20794, 43.45411 ], [ -73.20814, 43.45414 ], [ -73.2084, 43.45378 ], [ -73.209, 43.45348 ], [ -73.20966, 43.45362 ], [ -73.20979, 43.45434 ], [ -73.21011, 43.45464 ], [ -73.20998, 43.45499 ], [ -73.21037, 43.45535 ], [ -73.21039, 43.45568 ], [ -73.21125, 43.4564 ], [ -73.21158, 43.45714 ], [ -73.21184, 43.45719 ], [ -73.21217, 43.45757 ], [ -73.21263, 43.45769 ], [ -73.2131, 43.45808 ], [ -73.21362, 43.45797 ], [ -73.21422, 43.45816 ], [ -73.21455, 43.45847 ], [ -73.21567, 43.45852 ], [ -73.216, 43.45873 ], [ -73.21614, 43.45907 ], [ -73.21779, 43.45928 ], [ -73.21824, 43.45996 ], [ -73.21803, 43.46067 ], [ -73.21805, 43.46138 ], [ -73.21852, 43.46179 ], [ -73.21918, 43.46201 ], [ -73.21989, 43.46298 ], [ -73.21942, 43.46546 ], [ -73.21965, 43.46582 ], [ -73.21942, 43.4667 ], [ -73.21963, 43.46724 ], [ -73.21948, 43.46759 ], [ -73.21965, 43.46812 ], [ -73.21931, 43.46826 ], [ -73.21891, 43.469 ], [ -73.21881, 43.47008 ], [ -73.21851, 43.47061 ], [ -73.21859, 43.47079 ], [ -73.21841, 43.47132 ], [ -73.21861, 43.47167 ], [ -73.21868, 43.47238 ], [ -73.21783, 43.47398 ], [ -73.21799, 43.47436 ], [ -73.21733, 43.47536 ], [ -73.21713, 43.47601 ], [ -73.21723, 43.47664 ], [ -73.21708, 43.47718 ], [ -73.21741, 43.47753 ], [ -73.21752, 43.47842 ], [ -73.21732, 43.47877 ], [ -73.21712, 43.48037 ], [ -73.21721, 43.48055 ], [ -73.21691, 43.4809 ], [ -73.217, 43.48126 ], [ -73.2164, 43.48171 ], [ -73.21594, 43.48159 ], [ -73.21548, 43.48179 ], [ -73.21495, 43.48171 ], [ -73.21316, 43.48193 ], [ -73.21257, 43.48217 ], [ -73.21204, 43.48278 ], [ -73.21151, 43.48283 ], [ -73.21098, 43.48244 ], [ -73.21107, 43.48197 ], [ -73.21085, 43.48161 ], [ -73.20994, 43.4809 ], [ -73.21008, 43.48055 ], [ -73.20973, 43.48002 ], [ -73.2097, 43.47948 ], [ -73.20995, 43.47913 ], [ -73.2099, 43.47593 ], [ -73.2092, 43.47543 ], [ -73.20887, 43.47478 ], [ -73.20794, 43.47384 ], [ -73.20774, 43.47167 ], [ -73.20801, 43.47103 ], [ -73.20834, 43.47084 ], [ -73.20838, 43.47025 ], [ -73.20867, 43.47008 ], [ -73.209, 43.46933 ], [ -73.20966, 43.46892 ], [ -73.20969, 43.4683 ], [ -73.21018, 43.46706 ], [ -73.21105, 43.467 ], [ -73.21125, 43.46713 ], [ -73.21131, 43.46648 ], [ -73.21184, 43.46581 ], [ -73.21204, 43.46527 ], [ -73.21197, 43.46457 ], [ -73.2125, 43.46438 ], [ -73.21246, 43.46369 ], [ -73.21197, 43.46304 ], [ -73.21204, 43.46265 ], [ -73.21096, 43.46209 ], [ -73.21085, 43.46188 ], [ -73.20972, 43.46249 ], [ -73.20887, 43.46275 ], [ -73.2084, 43.46278 ], [ -73.20781, 43.46256 ], [ -73.20772, 43.46209 ], [ -73.20795, 43.4612 ], [ -73.20769, 43.46067 ], [ -73.20787, 43.46016 ], [ -73.20768, 43.45991 ], [ -73.20682, 43.45976 ], [ -73.20622, 43.45932 ], [ -73.20632, 43.45819 ], [ -73.20609, 43.45739 ], [ -73.20543, 43.45637 ], [ -73.2054, 43.45588 ], [ -73.20562, 43.45517 ], [ -73.20533, 43.45286 ] ] } },
{ "type": "Feature", "properties": { "lake": "St. Catherine", "depth": 5 }, "geometry": { "type": "LineString", "coordinates": [ [ -73.20516, 43.4514 ], [ -73.20516, 43.45182 ], [ -73.20543, 43.45234 ], [ -73.20556, 43.45233 ], [ -73.20516, 43.4514 ] ] } },
{ "type": "Feature", "properties": { "lake": "St. Catherine", "depth": 10 }, "geometry": { "type": "LineString", "coordinates": [ [ -73.20477, 43.45091 ], [ -73.20475, 43.45109 ], [ -73.20501, 43.45126 ], [ -73.20513, 43.45215 ], [ -73.20559, 43.45251 ], [ -73.20575, 43.45233 ], [ -73.2053, 43.45131 ], [ -73.20497, 43.45091 ], [ -73.20477, 43.45091 ] ] } },
{ "type": "Feature", "properties": { "lake": "St. Catherine", "depth": 20 }, "geometry": { "type": "LineString", "coordinates": [ [ -73.20739, 43.44896 ], [ -73.20768, 43.44889 ], [ -73.20819, 43.44913 ], [ -73.20819, 43.44984 ], [ -73.20851, 43.45038 ], [ -73.20838, 43.45091 ], [ -73.2086, 43.45178 ], [ -73.20898, 43.45197 ], [ -73.20959, 43.45294 ], [ -73.21025, 43.45326 ], [ -73.21031, 43.45357 ], [ -73.20997, 43.4541 ], [ -73.21032, 43.45449 ], [ -73.21037, 43.45481 ], [ -73.21019, 43.45504 ], [ -73.21045, 43.4551 ], [ -73.21098, 43.4561 ], [ -73.21158, 43.45682 ], [ -73.21191, 43.45694 ], [ -73.21189, 43.45712 ], [ -73.2123, 43.45751 ], [ -73.21329, 43.45778 ], [ -73.21402, 43.45775 ], [ -73.21475, 43.45823 ], [ -73.21567, 43.45814 ], [ -73.216, 43.45835 ], [ -73.21633, 43.459 ], [ -73.2168, 43.45901 ], [ -73.21772, 43.45851 ], [ -73.21838, 43.45862 ], [ -73.21842, 43.45943 ], [ -73.21881, 43.46014 ], [ -73.21825, 43.4611 ], [ -73.21878, 43.46139 ], [ -73.21891, 43.46177 ], [ -73.21957, 43.46189 ], [ -73.21973, 43.46227 ], [ -73.22024, 43.4628 ], [ -73.21984, 43.46369 ], [ -73.21959, 43.46511 ], [ -73.21981, 43.46599 ], [ -73.21962, 43.46688 ], [ -73.21981, 43.46706 ], [ -73.21971, 43.46752 ], [ -73.21997, 43.46752 ], [ -73.22023, 43.46719 ], [ -73.22076, 43.46731 ], [ -73.22182, 43.46628 ], [ -73.22184, 43.46653 ], [ -73.22175, 43.46694 ], [ -73.22136, 43.4674 ], [ -73.2207, 43.46753 ], [ -73.22063, 43.46776 ], [ -73.2203, 43.46789 ], [ -73.22038, 43.46812 ], [ -73.21931, 43.46874 ], [ -73.21891, 43.46957 ], [ -73.21891, 43.46982 ], [ -73.21923, 43.47025 ], [ -73.219, 43.47061 ], [ -73.21904, 43.47087 ], [ -73.21871, 43.47094 ], [ -73.2186, 43.47132 ], [ -73.21884, 43.47167 ], [ -73.21868, 43.47203 ], [ -73.21883, 43.47238 ], [ -73.21858, 43.47309 ], [ -73.21791, 43.47398 ], [ -73.21804, 43.47416 ], [ -73.218, 43.47469 ], [ -73.21752, 43.47529 ], [ -73.21727, 43.47611 ], [ -73.2174, 43.477 ], [ -73.21731, 43.47718 ], [ -73.21759, 43.47758 ], [ -73.21769, 43.47842 ], [ -73.21766, 43.4787 ], [ -73.21749, 43.47877 ], [ -73.21759, 43.47913 ], [ -73.21733, 43.47943 ], [ -73.21728, 43.48055 ], [ -73.21705, 43.4809 ], [ -73.21706, 43.48131 ], [ -73.21647, 43.48184 ], [ -73.21475, 43.48191 ], [ -73.21369, 43.48236 ], [ -73.2131, 43.48218 ], [ -73.21257, 43.48245 ], [ -73.21214, 43.48339 ], [ -73.21247, 43.48481 ], [ -73.21245, 43.48587 ], [ -73.21226, 43.48641 ], [ -73.21158, 43.48718 ], [ -73.21125, 43.48814 ], [ -73.21085, 43.48874 ], [ -73.21039, 43.48888 ], [ -73.21006, 43.48942 ], [ -73.20953, 43.48979 ], [ -73.209, 43.48977 ], [ -73.20854, 43.48944 ], [ -73.20815, 43.48836 ], [ -73.20818, 43.48783 ], [ -73.20854, 43.48745 ], [ -73.20887, 43.48746 ], [ -73.20892, 43.48694 ], [ -73.20926, 43.48677 ], [ -73.20916, 43.48658 ], [ -73.20933, 43.48634 ], [ -73.21032, 43.48607 ], [ -73.21078, 43.48504 ], [ -73.2115, 43.48463 ], [ -73.21126, 43.48428 ], [ -73.21129, 43.48321 ], [ -73.2115, 43.48303 ], [ -73.21144, 43.48279 ], [ -73.21091, 43.4827 ], [ -73.21078, 43.4825 ], [ -73.21091, 43.48197 ], [ -73.21065, 43.48157 ], [ -73.20978, 43.4809 ], [ -73.20986, 43.48052 ], [ -73.20956, 43.48002 ], [ -73.20968, 43.47966 ], [ -73.20959, 43.47939 ], [ -73.20989, 43.47913 ], [ -73.20976, 43.47895 ], [ -73.20987, 43.47806 ], [ -73.20971, 43.47629 ], [ -73.20946, 43.47581 ], [ -73.20856, 43.47505 ], [ -73.20827, 43.47461 ], [ -73.20773, 43.47434 ], [ -73.20757, 43.47345 ], [ -73.20771, 43.47292 ], [ -73.20739, 43.47221 ], [ -73.20757, 43.47203 ], [ -73.2076, 43.47114 ], [ -73.20814, 43.47061 ], [ -73.20799, 43.47043 ], [ -73.20813, 43.4699 ], [ -73.20847, 43.46974 ], [ -73.209, 43.46902 ], [ -73.20946, 43.46884 ], [ -73.20936, 43.4683 ], [ -73.20966, 43.46797 ], [ -73.20999, 43.46701 ], [ -73.21045, 43.46657 ], [ -73.21058, 43.46614 ], [ -73.21131, 43.46602 ], [ -73.21128, 43.46546 ], [ -73.21171, 43.46513 ], [ -73.21177, 43.46445 ], [ -73.21226, 43.46422 ], [ -73.21232, 43.46404 ], [ -73.21168, 43.46315 ], [ -73.21151, 43.46267 ], [ -73.21111, 43.4626 ], [ -73.21085, 43.46233 ], [ -73.20999, 43.46269 ], [ -73.20966, 43.46307 ], [ -73.209, 43.46328 ], [ -73.20867, 43.46358 ], [ -73.20761, 43.46384 ], [ -73.20715, 43.46416 ], [ -73.20676, 43.46351 ], [ -73.20678, 43.46262 ], [ -73.20748, 43.46214 ], [ -73.20769, 43.4612 ], [ -73.20708, 43.4604 ], [ -73.20622, 43.46018 ], [ -73.20612, 43.45907 ], [ -73.20629, 43.45832 ], [ -73.20538, 43.45659 ], [ -73.20534, 43.45552 ], [ -73.20553, 43.45499 ], [ -73.2048, 43.45339 ], [ -73.20442, 43.45144 ], [ -73.2045, 43.45125 ], [ -73.20497, 43.45241 ], [ -73.20589, 43.45265 ], [ -73.20662, 43.45322 ], [ -73.20715, 43.45338 ], [ -73.20774, 43.45323 ], [ -73.20728, 43.45255 ], [ -73.20675, 43.45252 ], [ -73.20622, 43.45219 ], [ -73.20569, 43.45127 ], [ -73.20521, 43.45109 ], [ -73.20523, 43.45081 ], [ -73.20573, 43.45038 ], [ -73.20563, 43.44994 ], [ -73.20609, 43.44982 ], [ -73.20635, 43.44946 ], [ -73.20728, 43.44917 ], [ -73.20739, 43.44896 ] ] } },
{ "type": "Feature", "properties": { "lake": "St. Catherine", "depth": 10 }, "geometry": { "type": "LineString", "coordinates": [ [ -73.20894, 43.44789 ], [ -73.20907, 43.44789 ], [ -73.20917, 43.44825 ], [ -73.20887, 43.4486 ], [ -73.2091, 43.44878 ], [ -73.20926, 43.44959 ], [ -73.20927, 43.45055 ], [ -73.20908, 43.45073 ], [ -73.20947, 43.45197 ], [ -73.20939, 43.45227 ], [ -73.20972, 43.45274 ], [ -73.21025, 43.45288 ], [ -73.21072, 43.45334 ], [ -73.21072, 43.45535 ], [ -73.21111, 43.45611 ], [ -73.21177, 43.45682 ], [ -73.21257, 43.45725 ], [ -73.21362, 43.45738 ], [ -73.21488, 43.45788 ], [ -73.216, 43.45803 ], [ -73.21633, 43.4588 ], [ -73.2168, 43.45873 ], [ -73.21693, 43.4584 ], [ -73.21726, 43.45834 ], [ -73.21752, 43.45801 ], [ -73.21792, 43.45783 ], [ -73.21858, 43.45781 ], [ -73.21904, 43.45799 ], [ -73.21891, 43.45842 ], [ -73.21944, 43.45857 ], [ -73.21882, 43.45925 ], [ -73.21904, 43.45939 ], [ -73.21957, 43.45916 ], [ -73.2199, 43.45953 ], [ -73.22056, 43.45966 ], [ -73.22039, 43.46085 ], [ -73.22045, 43.46227 ], [ -73.22123, 43.46244 ], [ -73.22125, 43.46262 ], [ -73.22116, 43.46281 ], [ -73.22023, 43.46298 ], [ -73.21997, 43.46369 ], [ -73.2197, 43.46546 ], [ -73.21989, 43.46564 ], [ -73.21989, 43.46617 ], [ -73.22023, 43.46674 ], [ -73.22043, 43.46678 ], [ -73.2206, 43.4667 ], [ -73.2209, 43.46605 ], [ -73.22123, 43.46599 ], [ -73.22103, 43.46568 ], [ -73.22088, 43.46475 ], [ -73.22109, 43.46421 ], [ -73.22129, 43.46414 ], [ -73.22175, 43.46432 ], [ -73.22189, 43.46511 ], [ -73.22223, 43.46582 ], [ -73.22176, 43.46759 ], [ -73.22142, 43.46757 ], [ -73.2209, 43.46787 ], [ -73.2203, 43.46827 ], [ -73.22017, 43.46869 ], [ -73.21931, 43.46919 ], [ -73.2194, 43.47043 ], [ -73.21911, 43.47061 ], [ -73.21925, 43.47079 ], [ -73.21909, 43.47132 ], [ -73.21918, 43.4717 ], [ -73.21881, 43.47203 ], [ -73.21898, 43.47216 ], [ -73.21898, 43.47245 ], [ -73.21878, 43.47314 ], [ -73.21811, 43.47398 ], [ -73.21825, 43.47469 ], [ -73.21785, 43.47499 ], [ -73.21745, 43.47611 ], [ -73.21752, 43.47735 ], [ -73.21783, 43.47842 ], [ -73.21748, 43.47948 ], [ -73.21748, 43.48037 ], [ -73.21723, 43.4809 ], [ -73.21719, 43.4815 ], [ -73.21647, 43.48202 ], [ -73.21587, 43.48196 ], [ -73.21567, 43.4822 ], [ -73.21541, 43.48205 ], [ -73.21475, 43.48212 ], [ -73.21382, 43.48253 ], [ -73.2131, 43.48249 ], [ -73.21277, 43.4827 ], [ -73.21229, 43.48339 ], [ -73.21237, 43.48405 ], [ -73.21263, 43.4844 ], [ -73.2127, 43.48481 ], [ -73.2125, 43.48655 ], [ -73.21177, 43.48719 ], [ -73.21154, 43.48783 ], [ -73.21164, 43.48803 ], [ -73.21118, 43.48853 ], [ -73.21085, 43.48944 ], [ -73.20966, 43.4901 ], [ -73.2086, 43.48994 ], [ -73.2082, 43.48964 ], [ -73.20774, 43.48817 ], [ -73.20801, 43.48734 ], [ -73.20873, 43.48699 ], [ -73.209, 43.48627 ], [ -73.21006, 43.48577 ], [ -73.21045, 43.48544 ], [ -73.21039, 43.48515 ], [ -73.2111, 43.48463 ], [ -73.21094, 43.4841 ], [ -73.21111, 43.48339 ], [ -73.2109, 43.48286 ], [ -73.21056, 43.48268 ], [ -73.21074, 43.48197 ], [ -73.21065, 43.48179 ], [ -73.20979, 43.48112 ], [ -73.20954, 43.48073 ], [ -73.20947, 43.47948 ], [ -73.20973, 43.47842 ], [ -73.20959, 43.47831 ], [ -73.20959, 43.4779 ], [ -73.20974, 43.47771 ], [ -73.20953, 43.47679 ], [ -73.20933, 43.47652 ], [ -73.20932, 43.47593 ], [ -73.20906, 43.47564 ], [ -73.2086, 43.47554 ], [ -73.2078, 43.47505 ], [ -73.20741, 43.47371 ], [ -73.20757, 43.47292 ], [ -73.20712, 43.47238 ], [ -73.20701, 43.47134 ], [ -73.20768, 43.47061 ], [ -73.20756, 43.47025 ], [ -73.20781, 43.46975 ], [ -73.20827, 43.46938 ], [ -73.2086, 43.46857 ], [ -73.2092, 43.46783 ], [ -73.20953, 43.46763 ], [ -73.20954, 43.46724 ], [ -73.2105, 43.46599 ], [ -73.21052, 43.46564 ], [ -73.21078, 43.46519 ], [ -73.21131, 43.46473 ], [ -73.21158, 43.46414 ], [ -73.21186, 43.46404 ], [ -73.21186, 43.46386 ], [ -73.21164, 43.46337 ], [ -73.21091, 43.46335 ], [ -73.21032, 43.46308 ], [ -73.20953, 43.46331 ], [ -73.20867, 43.46408 ], [ -73.20814, 43.46401 ], [ -73.20781, 43.4642 ], [ -73.20748, 43.46478 ], [ -73.20675, 43.4648 ], [ -73.20614, 43.46298 ], [ -73.20669, 43.46156 ], [ -73.20649, 43.46125 ], [ -73.20616, 43.46112 ], [ -73.20602, 43.46054 ], [ -73.20612, 43.45943 ], [ -73.206, 43.45854 ], [ -73.20618, 43.45836 ], [ -73.20523, 43.45668 ], [ -73.20521, 43.45552 ], [ -73.20535, 43.45499 ], [ -73.20464, 43.45331 ], [ -73.2045, 43.45214 ], [ -73.20422, 43.45144 ], [ -73.20444, 43.45053 ], [ -73.2051, 43.45056 ], [ -73.20517, 43.45038 ], [ -73.2051, 43.44997 ], [ -73.20463, 43.44984 ], [ -73.20497, 43.44937 ], [ -73.20478, 43.44896 ], [ -73.20497, 43.44872 ], [ -73.20589, 43.44936 ], [ -73.20708, 43.44886 ], [ -73.20721, 43.4486 ], [ -73.20768, 43.44849 ], [ -73.20834, 43.44799 ], [ -73.20894, 43.44789 ] ] } },
{ "type": "Feature", "properties": { "lake": "St. Catherine", "depth": 5 }, "geometry": { "type": "LineString", "coordinates": [ [ -73.20344, 43.44399 ], [ -73.20371, 43.44393 ], [ -73.20384, 43.44431 ], [ -73.20411, 43.44434 ], [ -73.20418, 43.44452 ], [ -73.20384, 43.44437 ], [ -73.20345, 43.44467 ], [ -73.20338, 43.44537 ], [ -73.20391, 43.44565 ], [ -73.2045, 43.44647 ], [ -73.20475, 43.44771 ], [ -73.20563, 43.44897 ], [ -73.20609, 43.44902 ], [ -73.20721, 43.44844 ], [ -73.20754, 43.44843 ], [ -73.20834, 43.44762 ], [ -73.2084, 43.44733 ], [ -73.20873, 43.44756 ], [ -73.20953, 43.44747 ], [ -73.21006, 43.44799 ], [ -73.21006, 43.4484 ], [ -73.20959, 43.44865 ], [ -73.20949, 43.44896 ], [ -73.20968, 43.44931 ], [ -73.20937, 43.45038 ], [ -73.20955, 43.45109 ], [ -73.20937, 43.45126 ], [ -73.20939, 43.45157 ], [ -73.20972, 43.45254 ], [ -73.20999, 43.45268 ], [ -73.21086, 43.45268 ], [ -73.21106, 43.45357 ], [ -73.21092, 43.45375 ], [ -73.21078, 43.45495 ], [ -73.21118, 43.45596 ], [ -73.21177, 43.45667 ], [ -73.21257, 43.45714 ], [ -73.21409, 43.4573 ], [ -73.21435, 43.4575 ], [ -73.216, 43.4579 ], [ -73.21641, 43.45819 ], [ -73.21653, 43.45847 ], [ -73.21772, 43.45763 ], [ -73.21898, 43.45752 ], [ -73.21944, 43.45799 ], [ -73.21971, 43.4586 ], [ -73.22043, 43.45889 ], [ -73.2201, 43.45924 ], [ -73.22025, 43.45943 ], [ -73.22049, 43.45943 ], [ -73.2205, 43.45921 ], [ -73.22098, 43.45943 ], [ -73.22076, 43.46041 ], [ -73.22044, 43.46085 ], [ -73.22063, 43.46209 ], [ -73.22103, 43.46202 ], [ -73.22175, 43.46219 ], [ -73.22201, 43.46244 ], [ -73.22195, 43.46274 ], [ -73.22142, 43.4631 ], [ -73.22103, 43.46294 ], [ -73.22045, 43.46298 ], [ -73.22006, 43.46369 ], [ -73.22004, 43.46451 ], [ -73.22029, 43.46493 ], [ -73.22002, 43.46599 ], [ -73.2203, 43.4663 ], [ -73.22076, 43.46622 ], [ -73.22069, 43.46599 ], [ -73.22098, 43.46582 ], [ -73.22079, 43.46457 ], [ -73.22109, 43.46395 ], [ -73.22156, 43.46387 ], [ -73.22195, 43.46407 ], [ -73.22196, 43.46457 ], [ -73.2224, 43.46564 ], [ -73.22235, 43.46625 ], [ -73.22207, 43.46688 ], [ -73.22224, 43.46724 ], [ -73.22175, 43.4678 ], [ -73.22109, 43.46792 ], [ -73.2205, 43.46828 ], [ -73.2203, 43.46842 ], [ -73.22017, 43.46886 ], [ -73.21949, 43.46919 ], [ -73.21948, 43.47061 ], [ -73.2193, 43.47096 ], [ -73.21941, 43.4715 ], [ -73.21909, 43.47221 ], [ -73.219, 43.47309 ], [ -73.21878, 43.47347 ], [ -73.21843, 43.47363 ], [ -73.21828, 43.47398 ], [ -73.21831, 43.47469 ], [ -73.21805, 43.4752 ], [ -73.21792, 43.47517 ], [ -73.21749, 43.47629 ], [ -73.2175, 43.477 ], [ -73.21787, 43.47842 ], [ -73.2176, 43.48037 ], [ -73.21731, 43.4809 ], [ -73.21726, 43.48161 ], [ -73.217, 43.4819 ], [ -73.2164, 43.48217 ], [ -73.21567, 43.4823 ], [ -73.21514, 43.48214 ], [ -73.21396, 43.4825 ], [ -73.21382, 43.48273 ], [ -73.21296, 43.48274 ], [ -73.21283, 43.48302 ], [ -73.2125, 43.48319 ], [ -73.21251, 43.4841 ], [ -73.21273, 43.48428 ], [ -73.21288, 43.48481 ], [ -73.21263, 43.48654 ], [ -73.21243, 43.48693 ], [ -73.21197, 43.48717 ], [ -73.21191, 43.48743 ], [ -73.21177, 43.48735 ], [ -73.21184, 43.48775 ], [ -73.21137, 43.48854 ], [ -73.21105, 43.48969 ], [ -73.21052, 43.48992 ], [ -73.21006, 43.49045 ], [ -73.20926, 43.4909 ], [ -73.2082, 43.49047 ], [ -73.20794, 43.49018 ], [ -73.20773, 43.48854 ], [ -73.20721, 43.4876 ], [ -73.20741, 43.48722 ], [ -73.20787, 43.48701 ], [ -73.2092, 43.48588 ], [ -73.21025, 43.4853 ], [ -73.21032, 43.48506 ], [ -73.21085, 43.4846 ], [ -73.21106, 43.48357 ], [ -73.21085, 43.48302 ], [ -73.21052, 43.48275 ], [ -73.21045, 43.48293 ], [ -73.21012, 43.48289 ], [ -73.21006, 43.48307 ], [ -73.20971, 43.48303 ], [ -73.21032, 43.48256 ], [ -73.21055, 43.48215 ], [ -73.21047, 43.48161 ], [ -73.20959, 43.48106 ], [ -73.20912, 43.48019 ], [ -73.20954, 43.47877 ], [ -73.20953, 43.47731 ], [ -73.20936, 43.47682 ], [ -73.209, 43.47647 ], [ -73.20887, 43.47597 ], [ -73.2084, 43.47583 ], [ -73.20813, 43.4754 ], [ -73.20761, 43.47528 ], [ -73.20737, 43.47505 ], [ -73.20739, 43.47292 ], [ -73.20708, 43.4725 ], [ -73.20602, 43.47206 ], [ -73.20598, 43.47185 ], [ -73.20649, 43.47145 ], [ -73.20662, 43.47109 ], [ -73.20688, 43.47109 ], [ -73.20715, 43.47079 ], [ -73.20761, 43.46952 ], [ -73.20787, 43.46931 ], [ -73.20781, 43.46883 ], [ -73.20807, 43.46873 ], [ -73.2084, 43.46816 ], [ -73.20893, 43.46798 ], [ -73.20957, 43.46653 ], [ -73.20992, 43.46621 ], [ -73.21039, 43.46521 ], [ -73.21105, 43.46461 ], [ -73.21125, 43.46422 ], [ -73.21118, 43.464 ], [ -73.21164, 43.46374 ], [ -73.21166, 43.46351 ], [ -73.21006, 43.46338 ], [ -73.20959, 43.46348 ], [ -73.20867, 43.46429 ], [ -73.2082, 43.46432 ], [ -73.20794, 43.46454 ], [ -73.20761, 43.46492 ], [ -73.20768, 43.46512 ], [ -73.2074, 43.46528 ], [ -73.20728, 43.46587 ], [ -73.20697, 43.46617 ], [ -73.20708, 43.46638 ], [ -73.20682, 43.46648 ], [ -73.20649, 43.46709 ], [ -73.20592, 43.46688 ], [ -73.20599, 43.46635 ], [ -73.20632, 43.46582 ], [ -73.20639, 43.46511 ], [ -73.20609, 43.4636 ], [ -73.20583, 43.46333 ], [ -73.20559, 43.46262 ], [ -73.20596, 43.46066 ], [ -73.20596, 43.45854 ], [ -73.20616, 43.45836 ], [ -73.20543, 43.45749 ], [ -73.2055, 43.45712 ], [ -73.20523, 43.45689 ], [ -73.20503, 43.45633 ], [ -73.20531, 43.45499 ], [ -73.20503, 43.45459 ], [ -73.2049, 43.45391 ], [ -73.20457, 43.45351 ], [ -73.20437, 43.45213 ], [ -73.20403, 43.45144 ], [ -73.20444, 43.44941 ], [ -73.2047, 43.44909 ], [ -73.20457, 43.44913 ], [ -73.2043, 43.44804 ], [ -73.20404, 43.44785 ], [ -73.20377, 43.44612 ], [ -73.20344, 43.44576 ], [ -73.20305, 43.44489 ], [ -73.20337, 43.44452 ], [ -73.20344, 43.44399 ] ] } },
{ "type": "Feature", "properties": { "lake": "Sunrise", "depth": 30 }, "geometry": { "type": "LineString", "coordinates": [ [ -73.25953, 43.75801 ], [ -73.26022, 43.75805 ], [ -73.26053, 43.75825 ], [ -73.26119, 43.75883 ], [ -73.26124, 43.75932 ], [ -73.26168, 43.75965 ], [ -73.26182, 43.76015 ], [ -73.262, 43.76016 ], [ -73.26182, 43.76044 ], [ -73.26238, 43.76192 ], [ -73.26223, 43.76238 ], [ -73.2618, 43.76278 ], [ -73.26123, 43.76269 ], [ -73.26024, 43.7622 ], [ -73.26022, 43.76202 ], [ -73.25959, 43.76156 ], [ -73.25854, 43.76136 ], [ -73.2581, 43.76091 ], [ -73.25813, 43.76059 ], [ -73.25791, 43.76054 ], [ -73.25809, 43.76035 ], [ -73.25801, 43.76016 ], [ -73.25752, 43.75986 ], [ -73.25744, 43.75902 ], [ -73.25726, 43.75881 ], [ -73.25741, 43.7586 ], [ -73.25832, 43.75851 ], [ -73.25861, 43.75841 ], [ -73.2588, 43.7581 ], [ -73.25953, 43.75801 ] ] } },
{ "type": "Feature", "properties": { "lake": "Sunrise", "depth": 20 }, "geometry": { "type": "LineString", "coordinates": [ [ -73.26017, 43.75782 ], [ -73.2606, 43.75805 ], [ -73.2618, 43.75925 ], [ -73.26206, 43.76063 ], [ -73.26263, 43.76189 ], [ -73.26218, 43.76284 ], [ -73.26106, 43.76279 ], [ -73.26017, 43.76228 ], [ -73.25964, 43.76171 ], [ -73.25835, 43.76152 ], [ -73.25796, 43.76096 ], [ -73.2579, 43.76021 ], [ -73.25727, 43.75992 ], [ -73.25725, 43.75965 ], [ -73.25708, 43.75955 ], [ -73.25703, 43.75869 ], [ -73.25715, 43.75852 ], [ -73.2576, 43.75829 ], [ -73.2584, 43.75832 ], [ -73.25931, 43.75787 ], [ -73.25991, 43.75794 ], [ -73.26017, 43.75782 ] ] } },
{ "type": "Feature", "properties": { "lake": "Sunrise", "depth": 10 }, "geometry": { "type": "LineString", "coordinates": [ [ -73.25954, 43.75761 ], [ -73.25993, 43.75776 ], [ -73.26053, 43.75766 ], [ -73.26055, 43.7579 ], [ -73.2612, 43.75825 ], [ -73.26113, 43.75847 ], [ -73.26199, 43.75878 ], [ -73.26225, 43.76063 ], [ -73.26282, 43.7618 ], [ -73.26238, 43.7629 ], [ -73.26094, 43.76294 ], [ -73.26043, 43.76271 ], [ -73.25952, 43.7618 ], [ -73.25828, 43.7616 ], [ -73.25775, 43.7604 ], [ -73.25708, 43.75983 ], [ -73.25691, 43.75885 ], [ -73.25703, 43.75833 ], [ -73.25765, 43.75796 ], [ -73.25844, 43.75814 ], [ -73.2588, 43.75782 ], [ -73.25954, 43.75761 ] ] } },
{ "type": "Feature", "properties": { "lake": "Sunrise", "depth": 5 }, "geometry": { "type": "LineString", "coordinates": [ [ -73.26104, 43.75642 ], [ -73.26111, 43.75668 ], [ -73.26066, 43.75705 ], [ -73.26067, 43.75771 ], [ -73.26163, 43.75852 ], [ -73.26212, 43.75869 ], [ -73.26232, 43.76035 ], [ -73.26281, 43.76136 ], [ -73.26295, 43.76224 ], [ -73.26324, 43.76248 ], [ -73.26257, 43.76247 ], [ -73.26252, 43.76274 ], [ -73.26274, 43.76292 ], [ -73.26257, 43.76284 ], [ -73.26264, 43.76304 ], [ -73.2623, 43.76324 ], [ -73.26082, 43.763 ], [ -73.26036, 43.7628 ], [ -73.25945, 43.76192 ], [ -73.25828, 43.76166 ], [ -73.2577, 43.76049 ], [ -73.25708, 43.75992 ], [ -73.25691, 43.75942 ], [ -73.25684, 43.75846 ], [ -73.25715, 43.75801 ], [ -73.25739, 43.75805 ], [ -73.25751, 43.75771 ], [ -73.25727, 43.75719 ], [ -73.25789, 43.75713 ], [ -73.25804, 43.75777 ], [ -73.25844, 43.75809 ], [ -73.25854, 43.75791 ], [ -73.25953, 43.75752 ], [ -73.26029, 43.75751 ], [ -73.26061, 43.75684 ], [ -73.26091, 43.75675 ], [ -73.26104, 43.75642 ] ] } },
{ "type": "Feature", "properties": { "lake": "Sunset (Benson)", "depth": 100 }, "geometry": { "type": "LineString", "coordinates": [ [ -73.26672, 43.75599 ], [ -73.26765, 43.75651 ], [ -73.26794, 43.75682 ], [ -73.26803, 43.75725 ], [ -73.26932, 43.75792 ], [ -73.26967, 43.75796 ], [ -73.27019, 43.75725 ], [ -73.27051, 43.75713 ], [ -73.27094, 43.75716 ], [ -73.27127, 43.75749 ], [ -73.27167, 43.75749 ], [ -73.27163, 43.75777 ], [ -73.26927, 43.75881 ], [ -73.26808, 43.75961 ], [ -73.26746, 43.75963 ], [ -73.2667, 43.75894 ], [ -73.26651, 43.75899 ], [ -73.26641, 43.75931 ], [ -73.26561, 43.7592 ], [ -73.26496, 43.75824 ], [ -73.26508, 43.75713 ], [ -73.26599, 43.75675 ], [ -73.26637, 43.75611 ], [ -73.26672, 43.75599 ] ] } },
{ "type": "Feature", "properties": { "lake": "Sunset (Benson)", "depth": 30 }, "geometry": { "type": "LineString", "coordinates": [ [ -73.27113, 43.75472 ], [ -73.27068, 43.75488 ], [ -73.27068, 43.75531 ], [ -73.27095, 43.75559 ], [ -73.27132, 43.75568 ], [ -73.27175, 43.75515 ], [ -73.27153, 43.75508 ], [ -73.27152, 43.7548 ], [ -73.27113, 43.75472 ] ] } },
{ "type": "Feature", "properties": { "lake": "Sunset (Benson)", "depth": 30 }, "geometry": { "type": "LineString", "coordinates": [ [ -73.26889, 43.75447 ], [ -73.26824, 43.75535 ], [ -73.26846, 43.75571 ], [ -73.26846, 43.75611 ], [ -73.26869, 43.7561 ], [ -73.2687, 43.75579 ], [ -73.26928, 43.75527 ], [ -73.2691, 43.75456 ], [ -73.26889, 43.75447 ] ] } },
{ "type": "Feature", "properties": { "lake": "Sunset (Benson)", "depth": 50 }, "geometry": { "type": "LineString", "coordinates": [ [ -73.26898, 43.75387 ], [ -73.26832, 43.75428 ], [ -73.26794, 43.75515 ], [ -73.26787, 43.75599 ], [ -73.26812, 43.75658 ], [ -73.26856, 43.75669 ], [ -73.26879, 43.75659 ], [ -73.26917, 43.75584 ], [ -73.26989, 43.75578 ], [ -73.27051, 43.7555 ], [ -73.27132, 43.75585 ], [ -73.27182, 43.75543 ], [ -73.2718, 43.75464 ], [ -73.27151, 43.7542 ], [ -73.27098, 43.75411 ], [ -73.2706, 43.75435 ], [ -73.26975, 43.75434 ], [ -73.26898, 43.75387 ] ] } },
{ "type": "Feature", "properties": { "lake": "Sunset (Benson)", "depth": 100 }, "geometry": { "type": "LineString", "coordinates": [ [ -73.27288, 43.75329 ], [ -73.2737, 43.75337 ], [ -73.27351, 43.75352 ], [ -73.27351, 43.75379 ], [ -73.27407, 43.75452 ], [ -73.27406, 43.75492 ], [ -73.27428, 43.75504 ], [ -73.27432, 43.75531 ], [ -73.27393, 43.7555 ], [ -73.27365, 43.75597 ], [ -73.2737, 43.75644 ], [ -73.27229, 43.75781 ], [ -73.27227, 43.75753 ], [ -73.27193, 43.75725 ], [ -73.27228, 43.75662 ], [ -73.27221, 43.75618 ], [ -73.27245, 43.75595 ], [ -73.27222, 43.75543 ], [ -73.27243, 43.75484 ], [ -73.2723, 43.75468 ], [ -73.27248, 43.75452 ], [ -73.27229, 43.75401 ], [ -73.27249, 43.75349 ], [ -73.27288, 43.75329 ] ] } },
{ "type": "Feature", "properties": { "lake": "Sunset (Benson)", "depth": 75 }, "geometry": { "type": "LineString", "coordinates": [ [ -73.27303, 43.75219 ], [ -73.2737, 43.75237 ], [ -73.27388, 43.75286 ], [ -73.27378, 43.75294 ], [ -73.27389, 43.75345 ], [ -73.27416, 43.75373 ], [ -73.27431, 43.75424 ], [ -73.27522, 43.75429 ], [ -73.27593, 43.75487 ], [ -73.27622, 43.75551 ], [ -73.27594, 43.75579 ], [ -73.27503, 43.75566 ], [ -73.27436, 43.75583 ], [ -73.27388, 43.75638 ], [ -73.27363, 43.75686 ], [ -73.2737, 43.75706 ], [ -73.27322, 43.75733 ], [ -73.2727, 43.75794 ], [ -73.27146, 43.75858 ], [ -73.27027, 43.75879 ], [ -73.26989, 43.75909 ], [ -73.26841, 43.75963 ], [ -73.26794, 43.75996 ], [ -73.26722, 43.75994 ], [ -73.2666, 43.75933 ], [ -73.26671, 43.75947 ], [ -73.26618, 43.76006 ], [ -73.26484, 43.7592 ], [ -73.26494, 43.75891 ], [ -73.26477, 43.75824 ], [ -73.26478, 43.75686 ], [ -73.26522, 43.75626 ], [ -73.2657, 43.75632 ], [ -73.26599, 43.75612 ], [ -73.26622, 43.75539 ], [ -73.2668, 43.75484 ], [ -73.26713, 43.75481 ], [ -73.26751, 43.75517 ], [ -73.26774, 43.75642 ], [ -73.26843, 43.75705 ], [ -73.26936, 43.75663 ], [ -73.26954, 43.75642 ], [ -73.26946, 43.75608 ], [ -73.27046, 43.75584 ], [ -73.2712, 43.75626 ], [ -73.2712, 43.7565 ], [ -73.27098, 43.75666 ], [ -73.27136, 43.75706 ], [ -73.2716, 43.75674 ], [ -73.27162, 43.75634 ], [ -73.27197, 43.75606 ], [ -73.27205, 43.75436 ], [ -73.27176, 43.75349 ], [ -73.27135, 43.75345 ], [ -73.27112, 43.75314 ], [ -73.27151, 43.75258 ], [ -73.27184, 43.75239 ], [ -73.27303, 43.75219 ] ] } },
{ "type": "Feature", "properties": { "lake": "Sunset (Benson)", "depth": 50 }, "geometry": { "type": "LineString", "coordinates": [ [ -73.27293, 43.75171 ], [ -73.27417, 43.75202 ], [ -73.27427, 43.7523 ], [ -73.27407, 43.75262 ], [ -73.27429, 43.7531 ], [ -73.27679, 43.75511 ], [ -73.27711, 43.75599 ], [ -73.27669, 43.75692 ], [ -73.27636, 43.75707 ], [ -73.27598, 43.75695 ], [ -73.27553, 43.75603 ], [ -73.27522, 43.75586 ], [ -73.2745, 43.75602 ], [ -73.27387, 43.7567 ], [ -73.27391, 43.75721 ], [ -73.27331, 43.75751 ], [ -73.27246, 43.7584 ], [ -73.27079, 43.75883 ], [ -73.26979, 43.75947 ], [ -73.26803, 43.76009 ], [ -73.26794, 43.76025 ], [ -73.2668, 43.7602 ], [ -73.26659, 43.76046 ], [ -73.2666, 43.76075 ], [ -73.26522, 43.75994 ], [ -73.26468, 43.75919 ], [ -73.26463, 43.75793 ], [ -73.26441, 43.75729 ], [ -73.26477, 43.75634 ], [ -73.26529, 43.75575 ], [ -73.26522, 43.75551 ], [ -73.26584, 43.75516 ], [ -73.26677, 43.75381 ], [ -73.26727, 43.75369 ], [ -73.26803, 43.75319 ], [ -73.26832, 43.7535 ], [ -73.2687, 43.75354 ], [ -73.26883, 43.75302 ], [ -73.26903, 43.75285 ], [ -73.26927, 43.75294 ], [ -73.27046, 43.75279 ], [ -73.27132, 43.75228 ], [ -73.27155, 43.7519 ], [ -73.27217, 43.75196 ], [ -73.27285, 43.75187 ], [ -73.27279, 43.75175 ], [ -73.27293, 43.75171 ] ] } },
{ "type": "Feature", "properties": { "lake": "Sunset (Benson)", "depth": 30 }, "geometry": { "type": "LineString", "coordinates": [ [ -73.2736, 43.75139 ], [ -73.27408, 43.75168 ], [ -73.27465, 43.75174 ], [ -73.27484, 43.75207 ], [ -73.27466, 43.75258 ], [ -73.27472, 43.75325 ], [ -73.27555, 43.75367 ], [ -73.27572, 43.75385 ], [ -73.27569, 43.75412 ], [ -73.27627, 43.75437 ], [ -73.27708, 43.75515 ], [ -73.27723, 43.75575 ], [ -73.2775, 43.75599 ], [ -73.27693, 43.75699 ], [ -73.27651, 43.75729 ], [ -73.27603, 43.75726 ], [ -73.27538, 43.75618 ], [ -73.27484, 43.75616 ], [ -73.27417, 43.7568 ], [ -73.27401, 43.75733 ], [ -73.27255, 43.75845 ], [ -73.2707, 43.75912 ], [ -73.26779, 43.76055 ], [ -73.26703, 43.76048 ], [ -73.26651, 43.76102 ], [ -73.26499, 43.7603 ], [ -73.26423, 43.75789 ], [ -73.26434, 43.7565 ], [ -73.26532, 43.75531 ], [ -73.2655, 43.75488 ], [ -73.26617, 43.75444 ], [ -73.2666, 43.75337 ], [ -73.26718, 43.75348 ], [ -73.26784, 43.75285 ], [ -73.26856, 43.75252 ], [ -73.27022, 43.75268 ], [ -73.27064, 43.7525 ], [ -73.27141, 43.75183 ], [ -73.2726, 43.75163 ], [ -73.27289, 43.75141 ], [ -73.27317, 43.75151 ], [ -73.2736, 43.75139 ] ] } },
{ "type": "Feature", "properties": { "lake": "Sunset (Benson)", "depth": 20 }, "geometry": { "type": "LineString", "coordinates": [ [ -73.27348, 43.75124 ], [ -73.27479, 43.75151 ], [ -73.27498, 43.75203 ], [ -73.27474, 43.75266 ], [ -73.27474, 43.75314 ], [ -73.27512, 43.75347 ], [ -73.27554, 43.75357 ], [ -73.2758, 43.75381 ], [ -73.27574, 43.75401 ], [ -73.27636, 43.75429 ], [ -73.27717, 43.75511 ], [ -73.27733, 43.75575 ], [ -73.2776, 43.75599 ], [ -73.27717, 43.7569 ], [ -73.27641, 43.75744 ], [ -73.27612, 43.75741 ], [ -73.27569, 43.75705 ], [ -73.27536, 43.75636 ], [ -73.27489, 43.75633 ], [ -73.27356, 43.75789 ], [ -73.27308, 43.758 ], [ -73.27301, 43.75824 ], [ -73.27246, 43.75857 ], [ -73.2708, 43.75915 ], [ -73.26779, 43.76063 ], [ -73.26703, 43.76062 ], [ -73.26685, 43.76101 ], [ -73.26642, 43.76117 ], [ -73.26456, 43.7604 ], [ -73.26469, 43.75983 ], [ -73.26422, 43.75832 ], [ -73.26425, 43.75638 ], [ -73.26528, 43.75527 ], [ -73.26522, 43.75496 ], [ -73.26599, 43.75448 ], [ -73.26663, 43.75302 ], [ -73.26727, 43.75315 ], [ -73.26775, 43.75249 ], [ -73.2686, 43.75234 ], [ -73.27008, 43.75263 ], [ -73.27117, 43.75202 ], [ -73.27155, 43.75155 ], [ -73.27203, 43.75165 ], [ -73.27348, 43.75124 ] ] } },
{ "type": "Feature", "properties": { "lake": "Sunset (Benson)", "depth": 10 }, "geometry": { "type": "LineString", "coordinates": [ [ -73.27364, 43.7506 ], [ -73.27412, 43.7509 ], [ -73.27417, 43.75113 ], [ -73.27481, 43.75108 ], [ -73.27522, 43.7512 ], [ -73.2755, 43.7515 ], [ -73.27487, 43.75258 ], [ -73.27483, 43.7531 ], [ -73.27622, 43.75397 ], [ -73.27731, 43.75508 ], [ -73.27765, 43.75599 ], [ -73.27761, 43.7565 ], [ -73.27737, 43.7569 ], [ -73.27665, 43.75749 ], [ -73.27612, 43.75757 ], [ -73.27558, 43.75705 ], [ -73.27543, 43.75678 ], [ -73.2755, 43.75661 ], [ -73.27522, 43.75645 ], [ -73.27489, 43.75649 ], [ -73.27436, 43.75701 ], [ -73.27442, 43.75713 ], [ -73.27384, 43.75795 ], [ -73.27317, 43.75799 ], [ -73.27313, 43.75824 ], [ -73.27241, 43.75872 ], [ -73.27065, 43.75935 ], [ -73.26913, 43.76018 ], [ -73.26813, 43.76049 ], [ -73.26794, 43.76074 ], [ -73.26718, 43.76081 ], [ -73.26632, 43.76128 ], [ -73.26589, 43.7612 ], [ -73.26575, 43.76097 ], [ -73.26522, 43.76103 ], [ -73.26456, 43.76081 ], [ -73.26434, 43.76042 ], [ -73.26451, 43.75979 ], [ -73.26434, 43.75947 ], [ -73.26434, 43.75868 ], [ -73.26411, 43.7584 ], [ -73.2641, 43.75781 ], [ -73.26423, 43.75773 ], [ -73.26411, 43.75761 ], [ -73.26423, 43.75753 ], [ -73.26408, 43.75713 ], [ -73.26425, 43.7569 ], [ -73.26412, 43.7565 ], [ -73.26442, 43.75591 ], [ -73.26477, 43.75575 ], [ -73.26513, 43.7553 ], [ -73.26532, 43.75463 ], [ -73.26556, 43.75468 ], [ -73.26613, 43.75412 ], [ -73.26622, 43.75351 ], [ -73.26645, 43.75325 ], [ -73.26645, 43.75274 ], [ -73.26689, 43.75252 ], [ -73.26732, 43.75263 ], [ -73.26736, 43.75242 ], [ -73.26846, 43.75221 ], [ -73.26913, 43.75222 ], [ -73.2696, 43.75252 ], [ -73.27003, 43.75247 ], [ -73.27051, 43.75229 ], [ -73.2707, 43.75201 ], [ -73.27108, 43.75196 ], [ -73.27155, 43.7514 ], [ -73.27203, 43.75154 ], [ -73.27322, 43.75112 ], [ -73.27364, 43.7506 ] ] } },
{ "type": "Feature", "properties": { "lake": "Sunset (Benson)", "depth": 5 }, "geometry": { "type": "LineString", "coordinates": [ [ -73.27346, 43.75021 ], [ -73.2737, 43.75018 ], [ -73.27422, 43.75071 ], [ -73.27539, 43.75104 ], [ -73.27581, 43.75139 ], [ -73.27593, 43.75167 ], [ -73.27517, 43.75206 ], [ -73.27503, 43.7523 ], [ -73.27488, 43.75318 ], [ -73.2755, 43.75335 ], [ -73.27603, 43.75379 ], [ -73.27636, 43.75386 ], [ -73.27673, 43.75444 ], [ -73.2772, 43.75472 ], [ -73.27766, 43.75579 ], [ -73.27767, 43.7565 ], [ -73.27749, 43.7569 ], [ -73.27707, 43.75709 ], [ -73.27665, 43.75758 ], [ -73.27612, 43.75762 ], [ -73.27546, 43.75692 ], [ -73.27537, 43.75654 ], [ -73.27503, 43.75649 ], [ -73.27375, 43.75804 ], [ -73.27317, 43.758 ], [ -73.2733, 43.75812 ], [ -73.27241, 43.75876 ], [ -73.27013, 43.75963 ], [ -73.26989, 43.75988 ], [ -73.2684, 43.7605 ], [ -73.26759, 43.76101 ], [ -73.26718, 43.76096 ], [ -73.2667, 43.76128 ], [ -73.26622, 43.76138 ], [ -73.26556, 43.76111 ], [ -73.26442, 43.76096 ], [ -73.26424, 43.76042 ], [ -73.26437, 43.76026 ], [ -73.26425, 43.76022 ], [ -73.26419, 43.75943 ], [ -73.26432, 43.75931 ], [ -73.26408, 43.75907 ], [ -73.26396, 43.75773 ], [ -73.26407, 43.75634 ], [ -73.26424, 43.75595 ], [ -73.26456, 43.75568 ], [ -73.2648, 43.75567 ], [ -73.26515, 43.75515 ], [ -73.26535, 43.75448 ], [ -73.26599, 43.75428 ], [ -73.26617, 43.75349 ], [ -73.26608, 43.75337 ], [ -73.26651, 43.75248 ], [ -73.26689, 43.75232 ], [ -73.26765, 43.75235 ], [ -73.26775, 43.75221 ], [ -73.26827, 43.75212 ], [ -73.26913, 43.75217 ], [ -73.26946, 43.75237 ], [ -73.27036, 43.7523 ], [ -73.2707, 43.75196 ], [ -73.27117, 43.75182 ], [ -73.27141, 43.75135 ], [ -73.27165, 43.7513 ], [ -73.27203, 43.7515 ], [ -73.2727, 43.75129 ], [ -73.27279, 43.75107 ], [ -73.27317, 43.75104 ], [ -73.27345, 43.75068 ], [ -73.27346, 43.75021 ] ] } },
{ "type": "Feature", "properties": { "lake": "Ticklenaked", "depth": 30 }, "geometry": { "type": "LineString", "coordinates": [ [ -72.09924, 44.18809 ], [ -72.09973, 44.18813 ], [ -72.09959, 44.18967 ], [ -72.09987, 44.19037 ], [ -72.09987, 44.19092 ], [ -72.0993, 44.19159 ], [ -72.0983, 44.19158 ], [ -72.09816, 44.19128 ], [ -72.09822, 44.18998 ], [ -72.09879, 44.18883 ], [ -72.09873, 44.18871 ], [ -72.09924, 44.18809 ] ] } },
{ "type": "Feature", "properties": { "lake": "Ticklenaked", "depth": 20 }, "geometry": { "type": "LineString", "coordinates": [ [ -72.09966, 44.18685 ], [ -72.10009, 44.18715 ], [ -72.09974, 44.18943 ], [ -72.09975, 44.18984 ], [ -72.10009, 44.19041 ], [ -72.09996, 44.19064 ], [ -72.10009, 44.19073 ], [ -72.10003, 44.19118 ], [ -72.09959, 44.19159 ], [ -72.09952, 44.19187 ], [ -72.09801, 44.19169 ], [ -72.09787, 44.19134 ], [ -72.09807, 44.19085 ], [ -72.09801, 44.19056 ], [ -72.09815, 44.19044 ], [ -72.09822, 44.18927 ], [ -72.0985, 44.18853 ], [ -72.09851, 44.18769 ], [ -72.09872, 44.18759 ], [ -72.09881, 44.1872 ], [ -72.09966, 44.18685 ] ] } },
{ "type": "Feature", "properties": { "lake": "Ticklenaked", "depth": 10 }, "geometry": { "type": "LineString", "coordinates": [ [ -72.09982, 44.18614 ], [ -72.10046, 44.18634 ], [ -72.10045, 44.1871 ], [ -72.1001, 44.18805 ], [ -72.10016, 44.18824 ], [ -72.10004, 44.18828 ], [ -72.09988, 44.1896 ], [ -72.10045, 44.19095 ], [ -72.09967, 44.1917 ], [ -72.09944, 44.19216 ], [ -72.09795, 44.19198 ], [ -72.09752, 44.19174 ], [ -72.09751, 44.19152 ], [ -72.09778, 44.19111 ], [ -72.09795, 44.18932 ], [ -72.09821, 44.18874 ], [ -72.098, 44.18859 ], [ -72.09809, 44.18736 ], [ -72.09829, 44.18719 ], [ -72.09822, 44.18701 ], [ -72.09844, 44.18661 ], [ -72.09982, 44.18614 ] ] } },
{ "type": "Feature", "properties": { "lake": "Ticklenaked", "depth": 5 }, "geometry": { "type": "LineString", "coordinates": [ [ -72.09924, 44.1853 ], [ -72.09981, 44.18549 ], [ -72.09975, 44.18602 ], [ -72.10059, 44.18602 ], [ -72.10039, 44.18564 ], [ -72.10053, 44.18537 ], [ -72.10097, 44.18564 ], [ -72.10075, 44.18627 ], [ -72.10081, 44.18658 ], [ -72.10025, 44.18795 ], [ -72.10043, 44.18822 ], [ -72.1001, 44.18829 ], [ -72.10035, 44.18842 ], [ -72.10009, 44.18853 ], [ -72.10038, 44.18879 ], [ -72.10003, 44.1889 ], [ -72.10032, 44.18919 ], [ -72.09996, 44.1892 ], [ -72.10008, 44.18933 ], [ -72.09996, 44.18962 ], [ -72.10038, 44.1902 ], [ -72.10059, 44.19098 ], [ -72.09982, 44.19162 ], [ -72.09967, 44.19187 ], [ -72.09973, 44.19206 ], [ -72.09952, 44.19227 ], [ -72.09902, 44.19241 ], [ -72.09729, 44.19198 ], [ -72.09727, 44.19169 ], [ -72.09701, 44.19155 ], [ -72.09742, 44.19092 ], [ -72.09736, 44.19073 ], [ -72.09756, 44.19044 ], [ -72.09758, 44.18988 ], [ -72.09778, 44.18947 ], [ -72.09786, 44.18839 ], [ -72.09773, 44.18829 ], [ -72.09807, 44.18728 ], [ -72.09795, 44.18693 ], [ -72.09815, 44.18679 ], [ -72.09822, 44.18617 ], [ -72.0985, 44.18613 ], [ -72.09873, 44.18566 ], [ -72.09924, 44.1853 ] ] } },
{ "type": "Feature", "properties": { "lake": "Willoughby", "depth": 150 }, "geometry": { "type": "LineString", "coordinates": [ [ -72.06408, 44.76655 ], [ -72.06434, 44.76642 ], [ -72.06422, 44.76719 ], [ -72.06449, 44.76762 ], [ -72.06419, 44.76736 ], [ -72.06346, 44.76744 ], [ -72.06327, 44.76719 ], [ -72.06408, 44.76655 ] ] } },
{ "type": "Feature", "properties": { "lake": "Willoughby", "depth": 5 }, "geometry": { "type": "LineString", "coordinates": [ [ -72.0311, 44.75636 ], [ -72.03122, 44.75619 ], [ -72.03133, 44.75636 ], [ -72.03133, 44.76315 ], [ -72.03122, 44.76332 ], [ -72.03094, 44.76273 ], [ -72.0311, 44.76252 ], [ -72.0311, 44.75636 ] ] } },
{ "type": "Feature", "properties": { "lake": "Willoughby", "depth": 10 }, "geometry": { "type": "LineString", "coordinates": [ [ -72.03113, 44.75636 ], [ -72.03122, 44.75623 ], [ -72.0313, 44.75636 ], [ -72.03122, 44.76328 ], [ -72.03097, 44.76273 ], [ -72.03113, 44.76252 ], [ -72.03113, 44.75636 ] ] } },
{ "type": "Feature", "properties": { "lake": "Willoughby", "depth": 20 }, "geometry": { "type": "LineString", "coordinates": [ [ -72.03119, 44.75636 ], [ -72.03124, 44.75636 ], [ -72.03122, 44.76319 ], [ -72.03101, 44.76273 ], [ -72.03119, 44.76252 ], [ -72.03119, 44.75636 ] ] } },
{ "type": "Feature", "properties": { "lake": "Willoughby", "depth": 250 }, "geometry": { "type": "LineString", "coordinates": [ [ -72.06345, 44.7553 ], [ -72.0639, 44.7555 ], [ -72.06419, 44.75594 ], [ -72.0639, 44.75594 ], [ -72.06375, 44.75615 ], [ -72.06331, 44.75615 ], [ -72.06317, 44.75594 ], [ -72.06286, 44.75593 ], [ -72.06345, 44.7553 ] ] } },
{ "type": "Feature", "properties": { "lake": "Willoughby", "depth": 250 }, "geometry": { "type": "LineString", "coordinates": [ [ -72.05701, 44.74761 ], [ -72.05701, 44.74778 ], [ -72.0576, 44.74863 ], [ -72.0574, 44.74786 ], [ -72.05716, 44.74758 ], [ -72.05701, 44.74761 ] ] } },
{ "type": "Feature", "properties": { "lake": "Willoughby", "depth": 250 }, "geometry": { "type": "LineString", "coordinates": [ [ -72.05921, 44.74701 ], [ -72.05892, 44.74715 ], [ -72.05892, 44.7473 ], [ -72.05921, 44.74727 ], [ -72.0595, 44.74821 ], [ -72.0598, 44.74836 ], [ -72.05989, 44.74807 ], [ -72.0596, 44.74786 ], [ -72.0595, 44.7473 ], [ -72.05921, 44.74701 ] ] } },
{ "type": "Feature", "properties": { "lake": "Willoughby", "depth": 250 }, "geometry": { "type": "LineString", "coordinates": [ [ -72.05437, 44.74659 ], [ -72.05437, 44.74645 ], [ -72.05496, 44.74655 ], [ -72.05487, 44.7468 ], [ -72.05527, 44.74722 ], [ -72.05512, 44.74744 ], [ -72.05556, 44.74786 ], [ -72.05541, 44.74807 ], [ -72.05523, 44.74807 ], [ -72.05511, 44.74748 ], [ -72.05467, 44.74722 ], [ -72.05493, 44.74701 ], [ -72.05481, 44.7468 ], [ -72.05437, 44.74659 ] ] } },
{ "type": "Feature", "properties": { "lake": "Willoughby", "depth": 5 }, "geometry": { "type": "LineString", "coordinates": [ [ -72.06834, 44.74446 ], [ -72.06844, 44.74431 ], [ -72.06874, 44.74473 ], [ -72.06888, 44.74473 ], [ -72.06899, 44.74489 ], [ -72.06888, 44.74504 ], [ -72.06844, 44.74505 ], [ -72.06834, 44.74446 ] ] } },
{ "type": "Feature", "properties": { "lake": "Willoughby", "depth": 5 }, "geometry": { "type": "LineString", "coordinates": [ [ -72.07068, 44.74213 ], [ -72.07079, 44.74197 ], [ -72.07119, 44.74255 ], [ -72.07108, 44.74271 ], [ -72.07079, 44.74271 ], [ -72.07068, 44.74213 ] ] } },
{ "type": "Feature", "properties": { "lake": "Willoughby", "depth": 5 }, "geometry": { "type": "LineString", "coordinates": [ [ -72.06481, 44.74107 ], [ -72.06493, 44.74089 ], [ -72.0652, 44.74128 ], [ -72.06507, 44.74188 ], [ -72.06481, 44.7417 ], [ -72.06481, 44.74107 ] ] } },
{ "type": "Feature", "properties": { "lake": "Willoughby", "depth": 10 }, "geometry": { "type": "LineString", "coordinates": [ [ -72.06483, 44.74107 ], [ -72.06493, 44.74093 ], [ -72.06517, 44.74128 ], [ -72.06507, 44.74184 ], [ -72.06483, 44.7417 ], [ -72.06483, 44.74107 ] ] } },
{ "type": "Feature", "properties": { "lake": "Willoughby", "depth": 5 }, "geometry": { "type": "LineString", "coordinates": [ [ -72.06364, 44.74 ], [ -72.06375, 44.73984 ], [ -72.06405, 44.74027 ], [ -72.06449, 44.74048 ], [ -72.0646, 44.74064 ], [ -72.06449, 44.7408 ], [ -72.06375, 44.7408 ], [ -72.06364, 44.74 ] ] } },
{ "type": "Feature", "properties": { "lake": "Willoughby", "depth": 10 }, "geometry": { "type": "LineString", "coordinates": [ [ -72.06367, 44.74 ], [ -72.06375, 44.73988 ], [ -72.06405, 44.74032 ], [ -72.06449, 44.74053 ], [ -72.06449, 44.74075 ], [ -72.06375, 44.74075 ], [ -72.06367, 44.74 ] ] } },
{ "type": "Feature", "properties": { "lake": "Willoughby", "depth": 20 }, "geometry": { "type": "LineString", "coordinates": [ [ -72.06373, 44.74 ], [ -72.06405, 44.74042 ], [ -72.06449, 44.74065 ], [ -72.06375, 44.74065 ], [ -72.06373, 44.74 ] ] } },
{ "type": "Feature", "properties": { "lake": "Willoughby", "depth": 5 }, "geometry": { "type": "LineString", "coordinates": [ [ -72.06715, 44.73894 ], [ -72.06742, 44.73876 ], [ -72.06754, 44.73894 ], [ -72.06742, 44.73955 ], [ -72.06715, 44.73937 ], [ -72.06715, 44.73894 ] ] } },
{ "type": "Feature", "properties": { "lake": "Willoughby", "depth": 5 }, "geometry": { "type": "LineString", "coordinates": [ [ -72.06598, 44.73767 ], [ -72.0661, 44.7375 ], [ -72.06639, 44.73793 ], [ -72.06654, 44.73793 ], [ -72.0668, 44.7383 ], [ -72.06669, 44.73846 ], [ -72.0661, 44.73846 ], [ -72.06598, 44.73767 ] ] } },
{ "type": "Feature", "properties": { "lake": "Willoughby", "depth": 10 }, "geometry": { "type": "LineString", "coordinates": [ [ -72.06602, 44.73767 ], [ -72.0661, 44.73755 ], [ -72.06639, 44.73798 ], [ -72.06654, 44.73797 ], [ -72.06676, 44.7383 ], [ -72.06669, 44.73841 ], [ -72.0661, 44.73841 ], [ -72.06602, 44.73767 ] ] } },
{ "type": "Feature", "properties": { "lake": "Willoughby", "depth": 20 }, "geometry": { "type": "LineString", "coordinates": [ [ -72.06608, 44.73767 ], [ -72.06639, 44.73808 ], [ -72.06654, 44.73807 ], [ -72.06669, 44.73831 ], [ -72.0661, 44.73831 ], [ -72.06608, 44.73767 ] ] } },
{ "type": "Feature", "properties": { "lake": "Willoughby", "depth": 5 }, "geometry": { "type": "LineString", "coordinates": [ [ -72.07053, 44.73299 ], [ -72.07064, 44.73282 ], [ -72.07094, 44.73304 ], [ -72.07149, 44.73363 ], [ -72.07138, 44.73379 ], [ -72.07064, 44.73379 ], [ -72.07053, 44.73299 ] ] } },
{ "type": "Feature", "properties": { "lake": "Willoughby", "depth": 10 }, "geometry": { "type": "LineString", "coordinates": [ [ -72.07056, 44.73299 ], [ -72.07064, 44.73287 ], [ -72.07094, 44.73308 ], [ -72.07145, 44.73363 ], [ -72.07138, 44.73374 ], [ -72.07064, 44.73374 ], [ -72.07056, 44.73299 ] ] } },
{ "type": "Feature", "properties": { "lake": "Willoughby", "depth": 20 }, "geometry": { "type": "LineString", "coordinates": [ [ -72.07061, 44.73299 ], [ -72.07094, 44.73317 ], [ -72.07138, 44.73364 ], [ -72.07064, 44.73364 ], [ -72.07061, 44.73299 ] ] } },
{ "type": "Feature", "properties": { "lake": "Willoughby", "depth": 250 }, "geometry": { "type": "LineString", "coordinates": [ [ -72.04828, 44.73257 ], [ -72.04836, 44.73245 ], [ -72.04851, 44.73267 ], [ -72.04983, 44.7327 ], [ -72.0507, 44.73342 ], [ -72.05076, 44.73406 ], [ -72.05052, 44.73448 ], [ -72.05079, 44.73469 ], [ -72.05052, 44.73491 ], [ -72.05043, 44.73554 ], [ -72.05113, 44.73639 ], [ -72.05115, 44.73663 ], [ -72.05159, 44.73666 ], [ -72.05188, 44.73649 ], [ -72.05312, 44.73661 ], [ -72.05301, 44.73767 ], [ -72.05338, 44.7383 ], [ -72.0544, 44.73852 ], [ -72.05446, 44.73873 ], [ -72.05392, 44.73937 ], [ -72.05437, 44.74003 ], [ -72.05496, 44.73954 ], [ -72.05613, 44.74067 ], [ -72.05657, 44.74069 ], [ -72.05672, 44.74049 ], [ -72.0578, 44.74064 ], [ -72.05791, 44.74085 ], [ -72.0578, 44.74107 ], [ -72.05806, 44.74128 ], [ -72.05825, 44.74192 ], [ -72.05936, 44.74208 ], [ -72.05972, 44.74234 ], [ -72.05957, 44.74298 ], [ -72.05966, 44.74361 ], [ -72.0594, 44.74404 ], [ -72.06068, 44.74422 ], [ -72.06129, 44.7451 ], [ -72.06122, 44.74553 ], [ -72.06141, 44.7458 ], [ -72.06214, 44.74577 ], [ -72.06229, 44.74552 ], [ -72.06267, 44.74638 ], [ -72.06229, 44.74629 ], [ -72.06231, 44.74659 ], [ -72.06302, 44.74753 ], [ -72.06331, 44.74769 ], [ -72.06348, 44.74807 ], [ -72.06405, 44.74811 ], [ -72.06417, 44.74829 ], [ -72.06417, 44.7485 ], [ -72.06366, 44.74914 ], [ -72.06353, 44.7502 ], [ -72.06331, 44.75027 ], [ -72.06346, 44.75081 ], [ -72.06364, 44.75084 ], [ -72.0632, 44.75147 ], [ -72.06316, 44.7519 ], [ -72.06361, 44.75241 ], [ -72.06419, 44.7525 ], [ -72.0644, 44.75275 ], [ -72.0647, 44.75338 ], [ -72.06463, 44.75392 ], [ -72.06419, 44.75397 ], [ -72.06406, 44.7536 ], [ -72.06375, 44.75348 ], [ -72.06331, 44.7535 ], [ -72.06317, 44.75371 ], [ -72.06276, 44.7536 ], [ -72.06281, 44.75296 ], [ -72.06204, 44.75275 ], [ -72.06214, 44.75259 ], [ -72.06273, 44.75259 ], [ -72.06287, 44.75289 ], [ -72.06317, 44.75279 ], [ -72.06287, 44.75236 ], [ -72.06141, 44.75236 ], [ -72.06141, 44.75149 ], [ -72.06126, 44.75171 ], [ -72.06112, 44.75149 ], [ -72.06053, 44.75138 ], [ -72.06038, 44.7512 ], [ -72.06024, 44.75138 ], [ -72.05988, 44.75084 ], [ -72.05994, 44.75069 ], [ -72.06009, 44.75091 ], [ -72.06011, 44.75084 ], [ -72.05933, 44.74999 ], [ -72.0593, 44.74977 ], [ -72.0595, 44.74989 ], [ -72.05962, 44.74956 ], [ -72.05897, 44.74871 ], [ -72.05921, 44.74857 ], [ -72.05936, 44.74878 ], [ -72.05921, 44.74845 ], [ -72.05892, 44.74846 ], [ -72.05877, 44.74822 ], [ -72.05833, 44.74815 ], [ -72.05804, 44.74846 ], [ -72.05789, 44.74815 ], [ -72.0578, 44.74829 ], [ -72.05781, 44.74871 ], [ -72.05804, 44.74906 ], [ -72.05804, 44.74867 ], [ -72.05818, 44.74885 ], [ -72.05848, 44.74885 ], [ -72.05862, 44.74863 ], [ -72.05877, 44.7491 ], [ -72.05892, 44.74876 ], [ -72.05903, 44.74892 ], [ -72.05877, 44.7497 ], [ -72.05848, 44.74943 ], [ -72.05833, 44.74959 ], [ -72.05818, 44.74939 ], [ -72.05801, 44.74956 ], [ -72.05786, 44.74935 ], [ -72.05801, 44.74914 ], [ -72.05775, 44.74881 ], [ -72.05745, 44.74918 ], [ -72.05716, 44.749 ], [ -72.05701, 44.74909 ], [ -72.05687, 44.74875 ], [ -72.05669, 44.74871 ], [ -72.05657, 44.74773 ], [ -72.05643, 44.74751 ], [ -72.05628, 44.74817 ], [ -72.0554, 44.74698 ], [ -72.05516, 44.74638 ], [ -72.05525, 44.74623 ], [ -72.05538, 44.74638 ], [ -72.05613, 44.74777 ], [ -72.05625, 44.74765 ], [ -72.0561, 44.74744 ], [ -72.05618, 44.74722 ], [ -72.05572, 44.74659 ], [ -72.05574, 44.74638 ], [ -72.05584, 44.74628 ], [ -72.05613, 44.74666 ], [ -72.05659, 44.7468 ], [ -72.05643, 44.74652 ], [ -72.05604, 44.74638 ], [ -72.0561, 44.74553 ], [ -72.05567, 44.7451 ], [ -72.05555, 44.7445 ], [ -72.0554, 44.74493 ], [ -72.05525, 44.74493 ], [ -72.05493, 44.74446 ], [ -72.05523, 44.74404 ], [ -72.05481, 44.74408 ], [ -72.05428, 44.74361 ], [ -72.05408, 44.74263 ], [ -72.0532, 44.74254 ], [ -72.05305, 44.74233 ], [ -72.05232, 44.74233 ], [ -72.05203, 44.74303 ], [ -72.05197, 44.74107 ], [ -72.05174, 44.74123 ], [ -72.05144, 44.7412 ], [ -72.051, 44.74159 ], [ -72.05059, 44.74128 ], [ -72.05087, 44.74085 ], [ -72.05088, 44.74043 ], [ -72.05077, 44.73979 ], [ -72.05051, 44.73958 ], [ -72.05026, 44.73894 ], [ -72.05027, 44.7383 ], [ -72.05012, 44.73856 ], [ -72.04983, 44.73843 ], [ -72.04983, 44.73877 ], [ -72.04968, 44.73863 ], [ -72.04895, 44.73874 ], [ -72.04866, 44.73853 ], [ -72.0482, 44.73724 ], [ -72.04736, 44.73597 ], [ -72.04733, 44.73576 ], [ -72.0475, 44.73576 ], [ -72.04752, 44.73554 ], [ -72.04719, 44.73496 ], [ -72.04702, 44.73491 ], [ -72.0469, 44.73408 ], [ -72.04617, 44.7339 ], [ -72.046, 44.73363 ], [ -72.04601, 44.73299 ], [ -72.04643, 44.73278 ], [ -72.04734, 44.7327 ], [ -72.04763, 44.73288 ], [ -72.04807, 44.73288 ], [ -72.04828, 44.73257 ] ] } },
{ "type": "Feature", "properties": { "lake": "Willoughby", "depth": 250 }, "geometry": { "type": "LineString", "coordinates": [ [ -72.04527, 44.72981 ], [ -72.04559, 44.72981 ], [ -72.04561, 44.73045 ], [ -72.04529, 44.73117 ], [ -72.04485, 44.7313 ], [ -72.0447, 44.73089 ], [ -72.04455, 44.73087 ], [ -72.04527, 44.72981 ] ] } },
{ "type": "Feature", "properties": { "lake": "Willoughby", "depth": 150 }, "geometry": { "type": "LineString", "coordinates": [ [ -72.04248, 44.72386 ], [ -72.04274, 44.72386 ], [ -72.04338, 44.72477 ], [ -72.04353, 44.7257 ], [ -72.04411, 44.72614 ], [ -72.04441, 44.72614 ], [ -72.04514, 44.72677 ], [ -72.04543, 44.72677 ], [ -72.04558, 44.72698 ], [ -72.04587, 44.72699 ], [ -72.04617, 44.72721 ], [ -72.04601, 44.7279 ], [ -72.04613, 44.72811 ], [ -72.0469, 44.72826 ], [ -72.04705, 44.72809 ], [ -72.04749, 44.72839 ], [ -72.04771, 44.72875 ], [ -72.04771, 44.72917 ], [ -72.04807, 44.7292 ], [ -72.04851, 44.72948 ], [ -72.04895, 44.73036 ], [ -72.04954, 44.73036 ], [ -72.04989, 44.73066 ], [ -72.04998, 44.7313 ], [ -72.05022, 44.73151 ], [ -72.05003, 44.73214 ], [ -72.05022, 44.73257 ], [ -72.05013, 44.73278 ], [ -72.05086, 44.73353 ], [ -72.05191, 44.73363 ], [ -72.05281, 44.73491 ], [ -72.0532, 44.73503 ], [ -72.05364, 44.73493 ], [ -72.05373, 44.73512 ], [ -72.05356, 44.73533 ], [ -72.05355, 44.73639 ], [ -72.05496, 44.73653 ], [ -72.05524, 44.73639 ], [ -72.05583, 44.73703 ], [ -72.05643, 44.73722 ], [ -72.0565, 44.73809 ], [ -72.05622, 44.7383 ], [ -72.05628, 44.73848 ], [ -72.05745, 44.7397 ], [ -72.05748, 44.74022 ], [ -72.05775, 44.74053 ], [ -72.05848, 44.74056 ], [ -72.05862, 44.74079 ], [ -72.05913, 44.74085 ], [ -72.05944, 44.7417 ], [ -72.05972, 44.74192 ], [ -72.05959, 44.74213 ], [ -72.06024, 44.74246 ], [ -72.06097, 44.74326 ], [ -72.06126, 44.74342 ], [ -72.0617, 44.74326 ], [ -72.062, 44.74338 ], [ -72.0623, 44.74361 ], [ -72.06219, 44.74404 ], [ -72.06258, 44.74435 ], [ -72.06302, 44.7444 ], [ -72.06331, 44.74481 ], [ -72.06419, 44.74485 ], [ -72.06436, 44.74531 ], [ -72.06462, 44.74553 ], [ -72.06434, 44.746 ], [ -72.06418, 44.7468 ], [ -72.06432, 44.74701 ], [ -72.06427, 44.74744 ], [ -72.06469, 44.74829 ], [ -72.06507, 44.74863 ], [ -72.06581, 44.74884 ], [ -72.06639, 44.74948 ], [ -72.06743, 44.7502 ], [ -72.06755, 44.75041 ], [ -72.0673, 44.75126 ], [ -72.06772, 44.7519 ], [ -72.06751, 44.75232 ], [ -72.06751, 44.75275 ], [ -72.0683, 44.75333 ], [ -72.06875, 44.75402 ], [ -72.06859, 44.7545 ], [ -72.068, 44.75456 ], [ -72.06782, 44.75551 ], [ -72.06815, 44.75576 ], [ -72.06836, 44.75572 ], [ -72.0688, 44.75657 ], [ -72.06817, 44.75742 ], [ -72.06821, 44.75763 ], [ -72.06742, 44.75936 ], [ -72.06691, 44.75954 ], [ -72.06705, 44.75997 ], [ -72.06679, 44.76039 ], [ -72.06689, 44.76082 ], [ -72.06629, 44.76167 ], [ -72.06625, 44.76196 ], [ -72.06595, 44.76198 ], [ -72.06566, 44.7623 ], [ -72.06596, 44.76315 ], [ -72.06656, 44.764 ], [ -72.06656, 44.76507 ], [ -72.06676, 44.76528 ], [ -72.06625, 44.76573 ], [ -72.06522, 44.76577 ], [ -72.06434, 44.76633 ], [ -72.06405, 44.76632 ], [ -72.0639, 44.7661 ], [ -72.06302, 44.76611 ], [ -72.06287, 44.76654 ], [ -72.06229, 44.76581 ], [ -72.062, 44.76567 ], [ -72.06185, 44.76636 ], [ -72.06126, 44.76666 ], [ -72.06068, 44.76671 ], [ -72.06009, 44.76627 ], [ -72.05921, 44.76631 ], [ -72.05915, 44.76719 ], [ -72.05956, 44.76783 ], [ -72.05936, 44.76825 ], [ -72.05846, 44.76655 ], [ -72.05773, 44.76634 ], [ -72.05757, 44.76528 ], [ -72.05741, 44.76507 ], [ -72.05749, 44.76464 ], [ -72.05708, 44.764 ], [ -72.05716, 44.76375 ], [ -72.0576, 44.76362 ], [ -72.0576, 44.76341 ], [ -72.05682, 44.7623 ], [ -72.05684, 44.76209 ], [ -72.05731, 44.762 ], [ -72.05775, 44.76146 ], [ -72.0577, 44.76018 ], [ -72.05731, 44.75983 ], [ -72.05731, 44.75922 ], [ -72.05775, 44.75911 ], [ -72.05887, 44.75827 ], [ -72.05877, 44.75795 ], [ -72.05899, 44.75678 ], [ -72.05871, 44.75636 ], [ -72.05886, 44.75615 ], [ -72.05895, 44.7553 ], [ -72.05877, 44.75526 ], [ -72.05818, 44.75435 ], [ -72.05731, 44.75344 ], [ -72.05687, 44.75341 ], [ -72.0571, 44.75275 ], [ -72.05643, 44.75182 ], [ -72.05657, 44.75118 ], [ -72.05567, 44.7502 ], [ -72.05496, 44.74999 ], [ -72.0548, 44.74977 ], [ -72.05504, 44.74956 ], [ -72.05527, 44.74892 ], [ -72.05466, 44.74871 ], [ -72.05466, 44.7485 ], [ -72.05429, 44.74829 ], [ -72.05404, 44.74786 ], [ -72.05401, 44.74744 ], [ -72.05428, 44.7468 ], [ -72.05423, 44.7463 ], [ -72.05335, 44.7463 ], [ -72.05305, 44.74584 ], [ -72.05232, 44.74563 ], [ -72.05218, 44.74541 ], [ -72.05174, 44.74539 ], [ -72.05159, 44.74517 ], [ -72.05088, 44.74489 ], [ -72.05042, 44.74319 ], [ -72.0504, 44.74213 ], [ -72.05082, 44.7417 ], [ -72.05076, 44.74149 ], [ -72.05042, 44.74117 ], [ -72.05012, 44.74117 ], [ -72.04968, 44.74073 ], [ -72.04924, 44.74072 ], [ -72.0491, 44.7405 ], [ -72.0488, 44.74047 ], [ -72.0485, 44.74022 ], [ -72.04858, 44.74 ], [ -72.0482, 44.73937 ], [ -72.04858, 44.73873 ], [ -72.04853, 44.7383 ], [ -72.04793, 44.7379 ], [ -72.04749, 44.73811 ], [ -72.04732, 44.73788 ], [ -72.0466, 44.73661 ], [ -72.04705, 44.73596 ], [ -72.0469, 44.73596 ], [ -72.04661, 44.73545 ], [ -72.04587, 44.73524 ], [ -72.04573, 44.73491 ], [ -72.04527, 44.73491 ], [ -72.04535, 44.73448 ], [ -72.04497, 44.73427 ], [ -72.04507, 44.73406 ], [ -72.04455, 44.73333 ], [ -72.04411, 44.73326 ], [ -72.04397, 44.7334 ], [ -72.04338, 44.73293 ], [ -72.04335, 44.73257 ], [ -72.04309, 44.73219 ], [ -72.04294, 44.73218 ], [ -72.04265, 44.73174 ], [ -72.04238, 44.73172 ], [ -72.04226, 44.73087 ], [ -72.04206, 44.73074 ], [ -72.04189, 44.73087 ], [ -72.04104, 44.73039 ], [ -72.04102, 44.72981 ], [ -72.04074, 44.72946 ], [ -72.03957, 44.72918 ], [ -72.03954, 44.72811 ], [ -72.03986, 44.72793 ], [ -72.03986, 44.72765 ], [ -72.03924, 44.72705 ], [ -72.0384, 44.72694 ], [ -72.0381, 44.72662 ], [ -72.03825, 44.72612 ], [ -72.0384, 44.72627 ], [ -72.03869, 44.72588 ], [ -72.03884, 44.72591 ], [ -72.03919, 44.72514 ], [ -72.03935, 44.72429 ], [ -72.04074, 44.72436 ], [ -72.04089, 44.72415 ], [ -72.04162, 44.72419 ], [ -72.04177, 44.72399 ], [ -72.04236, 44.72402 ], [ -72.04248, 44.72386 ] ] } },
{ "type": "Feature", "properties": { "lake": "Willoughby", "depth": 100 }, "geometry": { "type": "LineString", "coordinates": [ [ -72.03929, 44.72153 ], [ -72.03972, 44.72148 ], [ -72.03986, 44.72169 ], [ -72.0406, 44.72189 ], [ -72.04074, 44.7221 ], [ -72.04148, 44.72231 ], [ -72.04192, 44.72275 ], [ -72.04221, 44.72276 ], [ -72.04236, 44.72299 ], [ -72.04265, 44.72299 ], [ -72.0428, 44.72321 ], [ -72.04309, 44.72321 ], [ -72.04338, 44.72343 ], [ -72.04338, 44.72365 ], [ -72.04369, 44.72386 ], [ -72.04346, 44.72492 ], [ -72.04353, 44.72563 ], [ -72.04411, 44.72607 ], [ -72.04441, 44.72607 ], [ -72.04514, 44.72669 ], [ -72.04587, 44.72691 ], [ -72.0466, 44.72747 ], [ -72.04651, 44.72811 ], [ -72.0469, 44.72818 ], [ -72.04705, 44.72798 ], [ -72.04749, 44.72812 ], [ -72.04778, 44.72865 ], [ -72.0481, 44.72875 ], [ -72.0481, 44.72896 ], [ -72.04866, 44.7294 ], [ -72.04895, 44.73029 ], [ -72.04954, 44.73026 ], [ -72.04968, 44.7305 ], [ -72.0503, 44.73066 ], [ -72.05045, 44.73193 ], [ -72.05008, 44.73214 ], [ -72.05033, 44.73257 ], [ -72.05019, 44.73278 ], [ -72.05056, 44.73325 ], [ -72.05086, 44.73348 ], [ -72.05232, 44.7336 ], [ -72.05277, 44.73384 ], [ -72.05336, 44.73469 ], [ -72.05408, 44.73528 ], [ -72.0545, 44.73533 ], [ -72.0544, 44.73639 ], [ -72.05496, 44.73643 ], [ -72.05511, 44.73624 ], [ -72.05569, 44.73635 ], [ -72.05613, 44.73711 ], [ -72.05687, 44.73738 ], [ -72.05694, 44.7383 ], [ -72.0576, 44.7387 ], [ -72.05754, 44.74022 ], [ -72.05775, 44.74048 ], [ -72.05848, 44.74049 ], [ -72.05862, 44.74071 ], [ -72.05936, 44.74078 ], [ -72.05989, 44.74149 ], [ -72.05971, 44.74213 ], [ -72.06082, 44.74291 ], [ -72.06141, 44.74274 ], [ -72.06185, 44.74331 ], [ -72.06285, 44.74404 ], [ -72.06274, 44.74425 ], [ -72.06302, 44.74428 ], [ -72.06331, 44.74473 ], [ -72.06419, 44.74479 ], [ -72.06449, 44.74545 ], [ -72.06478, 44.74568 ], [ -72.06519, 44.74574 ], [ -72.06434, 44.74723 ], [ -72.06473, 44.74829 ], [ -72.06507, 44.74858 ], [ -72.06537, 44.74858 ], [ -72.06551, 44.74879 ], [ -72.06581, 44.74879 ], [ -72.06639, 44.74943 ], [ -72.06827, 44.75084 ], [ -72.06819, 44.75126 ], [ -72.06847, 44.75169 ], [ -72.06838, 44.7519 ], [ -72.06918, 44.75295 ], [ -72.06933, 44.75296 ], [ -72.06869, 44.7536 ], [ -72.06937, 44.75551 ], [ -72.06943, 44.75615 ], [ -72.06932, 44.75643 ], [ -72.06859, 44.7569 ], [ -72.06825, 44.75742 ], [ -72.06839, 44.75763 ], [ -72.06849, 44.75912 ], [ -72.06815, 44.75959 ], [ -72.06816, 44.76018 ], [ -72.06767, 44.76103 ], [ -72.06757, 44.76213 ], [ -72.06771, 44.76222 ], [ -72.06771, 44.76267 ], [ -72.06815, 44.76288 ], [ -72.0683, 44.76339 ], [ -72.06727, 44.76357 ], [ -72.06712, 44.76379 ], [ -72.06755, 44.76485 ], [ -72.06698, 44.76564 ], [ -72.06639, 44.7657 ], [ -72.06648, 44.76634 ], [ -72.06683, 44.76699 ], [ -72.06595, 44.76713 ], [ -72.06566, 44.76704 ], [ -72.06548, 44.76719 ], [ -72.06566, 44.7687 ], [ -72.06601, 44.76868 ], [ -72.06631, 44.76953 ], [ -72.06672, 44.76974 ], [ -72.06673, 44.77038 ], [ -72.06706, 44.77101 ], [ -72.06666, 44.77123 ], [ -72.06659, 44.77144 ], [ -72.06691, 44.77186 ], [ -72.0667, 44.77186 ], [ -72.06654, 44.77151 ], [ -72.06625, 44.77164 ], [ -72.0661, 44.77151 ], [ -72.06579, 44.77207 ], [ -72.06586, 44.77229 ], [ -72.06566, 44.77222 ], [ -72.06537, 44.77242 ], [ -72.06535, 44.77271 ], [ -72.06507, 44.77305 ], [ -72.06478, 44.77276 ], [ -72.06434, 44.77276 ], [ -72.06346, 44.77214 ], [ -72.06317, 44.77215 ], [ -72.06302, 44.77193 ], [ -72.06274, 44.77186 ], [ -72.06255, 44.77144 ], [ -72.06227, 44.77123 ], [ -72.06244, 44.77087 ], [ -72.0623, 44.77038 ], [ -72.06244, 44.77012 ], [ -72.06162, 44.76846 ], [ -72.06185, 44.76818 ], [ -72.062, 44.7684 ], [ -72.06239, 44.76846 ], [ -72.06258, 44.76911 ], [ -72.06287, 44.76881 ], [ -72.06296, 44.76825 ], [ -72.06281, 44.76761 ], [ -72.06292, 44.7674 ], [ -72.06273, 44.76713 ], [ -72.06229, 44.76711 ], [ -72.0617, 44.76734 ], [ -72.06126, 44.768 ], [ -72.06105, 44.76804 ], [ -72.06082, 44.76834 ], [ -72.05965, 44.76803 ], [ -72.0595, 44.76832 ], [ -72.05965, 44.76848 ], [ -72.06009, 44.7685 ], [ -72.06021, 44.76868 ], [ -72.06009, 44.76933 ], [ -72.05936, 44.76934 ], [ -72.05921, 44.76911 ], [ -72.05886, 44.7691 ], [ -72.05897, 44.76846 ], [ -72.05862, 44.76846 ], [ -72.05848, 44.76867 ], [ -72.05714, 44.76846 ], [ -72.0569, 44.76761 ], [ -72.05755, 44.76677 ], [ -72.05701, 44.76613 ], [ -72.05681, 44.76485 ], [ -72.05641, 44.76422 ], [ -72.05663, 44.764 ], [ -72.05597, 44.76294 ], [ -72.05643, 44.76218 ], [ -72.05672, 44.76214 ], [ -72.05694, 44.76188 ], [ -72.05689, 44.76018 ], [ -72.05724, 44.75976 ], [ -72.05716, 44.75776 ], [ -72.05783, 44.75721 ], [ -72.05804, 44.75682 ], [ -72.05848, 44.75675 ], [ -72.05812, 44.75593 ], [ -72.05833, 44.7553 ], [ -72.05848, 44.75525 ], [ -72.05731, 44.75529 ], [ -72.05716, 44.75512 ], [ -72.0574, 44.75466 ], [ -72.05738, 44.75381 ], [ -72.05687, 44.75355 ], [ -72.0568, 44.75296 ], [ -72.05628, 44.7521 ], [ -72.05626, 44.75169 ], [ -72.05514, 44.75062 ], [ -72.05522, 44.7502 ], [ -72.05407, 44.74914 ], [ -72.05397, 44.7485 ], [ -72.05362, 44.74807 ], [ -72.05379, 44.74751 ], [ -72.05344, 44.74744 ], [ -72.05423, 44.74637 ], [ -72.05335, 44.74637 ], [ -72.05305, 44.74588 ], [ -72.05276, 44.74589 ], [ -72.05218, 44.74546 ], [ -72.05174, 44.74545 ], [ -72.05115, 44.74501 ], [ -72.05071, 44.74495 ], [ -72.05022, 44.74446 ], [ -72.05012, 44.74425 ], [ -72.05037, 44.7434 ], [ -72.04962, 44.74298 ], [ -72.04961, 44.74255 ], [ -72.04983, 44.74227 ], [ -72.05012, 44.74223 ], [ -72.05071, 44.74177 ], [ -72.05071, 44.74146 ], [ -72.05042, 44.74123 ], [ -72.05012, 44.74123 ], [ -72.04968, 44.7408 ], [ -72.04924, 44.74079 ], [ -72.0491, 44.74057 ], [ -72.0488, 44.74056 ], [ -72.04807, 44.74002 ], [ -72.04788, 44.73979 ], [ -72.04844, 44.73873 ], [ -72.04763, 44.73915 ], [ -72.0472, 44.73767 ], [ -72.04587, 44.73555 ], [ -72.04529, 44.73555 ], [ -72.04527, 44.73512 ], [ -72.04492, 44.73491 ], [ -72.04441, 44.73413 ], [ -72.04409, 44.73406 ], [ -72.04397, 44.73388 ], [ -72.04397, 44.73375 ], [ -72.04411, 44.73402 ], [ -72.04439, 44.73342 ], [ -72.04411, 44.73341 ], [ -72.04397, 44.73362 ], [ -72.04338, 44.73333 ], [ -72.04331, 44.73257 ], [ -72.04309, 44.73224 ], [ -72.04294, 44.73224 ], [ -72.04265, 44.73181 ], [ -72.04221, 44.73178 ], [ -72.04206, 44.73156 ], [ -72.04167, 44.73151 ], [ -72.04175, 44.7313 ], [ -72.04162, 44.73111 ], [ -72.041, 44.73066 ], [ -72.04097, 44.72981 ], [ -72.04074, 44.7295 ], [ -72.03957, 44.72925 ], [ -72.03926, 44.72896 ], [ -72.03909, 44.72832 ], [ -72.0384, 44.7278 ], [ -72.03824, 44.72747 ], [ -72.03837, 44.72726 ], [ -72.03834, 44.72684 ], [ -72.03781, 44.7262 ], [ -72.03781, 44.72581 ], [ -72.03751, 44.72577 ], [ -72.03796, 44.7257 ], [ -72.03809, 44.72514 ], [ -72.03736, 44.7245 ], [ -72.03868, 44.72344 ], [ -72.03877, 44.72322 ], [ -72.03865, 44.72301 ], [ -72.0389, 44.7228 ], [ -72.03914, 44.72195 ], [ -72.03935, 44.72174 ], [ -72.03929, 44.72153 ] ] } },
{ "type": "Feature", "properties": { "lake": "Willoughby", "depth": 75 }, "geometry": { "type": "LineString", "coordinates": [ [ -72.03854, 44.72131 ], [ -72.03913, 44.72126 ], [ -72.03928, 44.72145 ], [ -72.03972, 44.72143 ], [ -72.03986, 44.72164 ], [ -72.04016, 44.72163 ], [ -72.04074, 44.72205 ], [ -72.04104, 44.72205 ], [ -72.04118, 44.72227 ], [ -72.04148, 44.72227 ], [ -72.04192, 44.7227 ], [ -72.04221, 44.72271 ], [ -72.04236, 44.72293 ], [ -72.04265, 44.72293 ], [ -72.0428, 44.72315 ], [ -72.04309, 44.72315 ], [ -72.04338, 44.72336 ], [ -72.04374, 44.72386 ], [ -72.04349, 44.72492 ], [ -72.04353, 44.72559 ], [ -72.04411, 44.72603 ], [ -72.04441, 44.72603 ], [ -72.04514, 44.72665 ], [ -72.04543, 44.72666 ], [ -72.04558, 44.72687 ], [ -72.04587, 44.72688 ], [ -72.04631, 44.72732 ], [ -72.04661, 44.72739 ], [ -72.04679, 44.72768 ], [ -72.04678, 44.72811 ], [ -72.04705, 44.72793 ], [ -72.04766, 44.72811 ], [ -72.04778, 44.72859 ], [ -72.04822, 44.72869 ], [ -72.04874, 44.72938 ], [ -72.04879, 44.73002 ], [ -72.04895, 44.73026 ], [ -72.04932, 44.73023 ], [ -72.04968, 44.72989 ], [ -72.04985, 44.73002 ], [ -72.04968, 44.73046 ], [ -72.05042, 44.73058 ], [ -72.05058, 44.73108 ], [ -72.05036, 44.73151 ], [ -72.0505, 44.73193 ], [ -72.0501, 44.73214 ], [ -72.05036, 44.73257 ], [ -72.05022, 44.73278 ], [ -72.05056, 44.73323 ], [ -72.05086, 44.73345 ], [ -72.05232, 44.73353 ], [ -72.05262, 44.73376 ], [ -72.05314, 44.73384 ], [ -72.05379, 44.73499 ], [ -72.05408, 44.73522 ], [ -72.05467, 44.73527 ], [ -72.05525, 44.73576 ], [ -72.05515, 44.73618 ], [ -72.05584, 44.73627 ], [ -72.0561, 44.73703 ], [ -72.05687, 44.7373 ], [ -72.05714, 44.73767 ], [ -72.05717, 44.73809 ], [ -72.0576, 44.73851 ], [ -72.05757, 44.74022 ], [ -72.05775, 44.74045 ], [ -72.05848, 44.74046 ], [ -72.05862, 44.74067 ], [ -72.05936, 44.74072 ], [ -72.05986, 44.74107 ], [ -72.05996, 44.74149 ], [ -72.05975, 44.74213 ], [ -72.06038, 44.74257 ], [ -72.06112, 44.74234 ], [ -72.06185, 44.74327 ], [ -72.06229, 44.74348 ], [ -72.06244, 44.74374 ], [ -72.06328, 44.74383 ], [ -72.06316, 44.74425 ], [ -72.06331, 44.74469 ], [ -72.06419, 44.74476 ], [ -72.06449, 44.74541 ], [ -72.06478, 44.74564 ], [ -72.06548, 44.74574 ], [ -72.06493, 44.74723 ], [ -72.06434, 44.74737 ], [ -72.06463, 44.74759 ], [ -72.06474, 44.74829 ], [ -72.06507, 44.74855 ], [ -72.06537, 44.74855 ], [ -72.06551, 44.74877 ], [ -72.06581, 44.74877 ], [ -72.06639, 44.74941 ], [ -72.06815, 44.75076 ], [ -72.06844, 44.75083 ], [ -72.06844, 44.75149 ], [ -72.06897, 44.75169 ], [ -72.06873, 44.75211 ], [ -72.06977, 44.7536 ], [ -72.06887, 44.75423 ], [ -72.06993, 44.75551 ], [ -72.06962, 44.75621 ], [ -72.06859, 44.75695 ], [ -72.06829, 44.75742 ], [ -72.06912, 44.75827 ], [ -72.0687, 44.75891 ], [ -72.06881, 44.75912 ], [ -72.06843, 44.75997 ], [ -72.06852, 44.76018 ], [ -72.06813, 44.76039 ], [ -72.06815, 44.76053 ], [ -72.06874, 44.76068 ], [ -72.06875, 44.76082 ], [ -72.06839, 44.76146 ], [ -72.06847, 44.76188 ], [ -72.06813, 44.7623 ], [ -72.06848, 44.76379 ], [ -72.06792, 44.76464 ], [ -72.068, 44.76498 ], [ -72.06844, 44.76531 ], [ -72.06727, 44.76565 ], [ -72.06793, 44.76677 ], [ -72.0671, 44.76698 ], [ -72.06701, 44.76761 ], [ -72.0665, 44.76783 ], [ -72.06637, 44.76846 ], [ -72.0668, 44.7691 ], [ -72.06683, 44.77019 ], [ -72.068, 44.76994 ], [ -72.0683, 44.77067 ], [ -72.06859, 44.77079 ], [ -72.06874, 44.77051 ], [ -72.06874, 44.7711 ], [ -72.06933, 44.77123 ], [ -72.06888, 44.77161 ], [ -72.06897, 44.77207 ], [ -72.06874, 44.7725 ], [ -72.06844, 44.77203 ], [ -72.06791, 44.77207 ], [ -72.06805, 44.7725 ], [ -72.06786, 44.77288 ], [ -72.06739, 44.77292 ], [ -72.06735, 44.77335 ], [ -72.06698, 44.77348 ], [ -72.06704, 44.77377 ], [ -72.06689, 44.77399 ], [ -72.06654, 44.77383 ], [ -72.06566, 44.77389 ], [ -72.06522, 44.77428 ], [ -72.06493, 44.77405 ], [ -72.06449, 44.77316 ], [ -72.06434, 44.77318 ], [ -72.06425, 44.77356 ], [ -72.06374, 44.77356 ], [ -72.06361, 44.77301 ], [ -72.06322, 44.77292 ], [ -72.06346, 44.77228 ], [ -72.06317, 44.77227 ], [ -72.06302, 44.77205 ], [ -72.0617, 44.77181 ], [ -72.06097, 44.77195 ], [ -72.06061, 44.77165 ], [ -72.06057, 44.7708 ], [ -72.06024, 44.77049 ], [ -72.05994, 44.77048 ], [ -72.0598, 44.77026 ], [ -72.05892, 44.7699 ], [ -72.05848, 44.77025 ], [ -72.05818, 44.77018 ], [ -72.05759, 44.76974 ], [ -72.05745, 44.76909 ], [ -72.05689, 44.76889 ], [ -72.05697, 44.76868 ], [ -72.05654, 44.76846 ], [ -72.05656, 44.76783 ], [ -72.05716, 44.76732 ], [ -72.05752, 44.76677 ], [ -72.0567, 44.76592 ], [ -72.05636, 44.764 ], [ -72.05569, 44.76349 ], [ -72.05567, 44.76315 ], [ -72.05584, 44.76312 ], [ -72.0565, 44.76209 ], [ -72.05644, 44.76061 ], [ -72.05672, 44.76014 ], [ -72.05722, 44.75976 ], [ -72.05709, 44.75763 ], [ -72.05685, 44.75742 ], [ -72.05712, 44.75721 ], [ -72.05724, 44.75657 ], [ -72.05758, 44.75615 ], [ -72.05761, 44.75572 ], [ -72.05707, 44.75508 ], [ -72.05719, 44.75487 ], [ -72.05672, 44.75326 ], [ -72.05599, 44.75219 ], [ -72.05613, 44.75172 ], [ -72.05511, 44.75107 ], [ -72.05518, 44.7502 ], [ -72.05379, 44.74895 ], [ -72.05349, 44.74802 ], [ -72.05291, 44.74775 ], [ -72.05286, 44.74638 ], [ -72.0532, 44.7463 ], [ -72.05323, 44.74616 ], [ -72.05305, 44.74591 ], [ -72.05232, 44.7457 ], [ -72.05218, 44.74549 ], [ -72.05174, 44.74548 ], [ -72.05115, 44.74505 ], [ -72.05042, 44.74491 ], [ -72.05004, 44.74446 ], [ -72.04996, 44.74425 ], [ -72.05032, 44.7434 ], [ -72.04939, 44.74305 ], [ -72.04923, 44.74276 ], [ -72.04983, 44.74215 ], [ -72.05012, 44.74215 ], [ -72.05071, 44.74171 ], [ -72.05071, 44.74148 ], [ -72.05042, 44.74126 ], [ -72.05012, 44.74126 ], [ -72.04968, 44.74083 ], [ -72.04924, 44.74083 ], [ -72.0491, 44.74061 ], [ -72.04836, 44.74035 ], [ -72.04778, 44.73984 ], [ -72.04793, 44.73952 ], [ -72.04778, 44.73948 ], [ -72.04739, 44.73873 ], [ -72.04734, 44.73816 ], [ -72.0469, 44.7383 ], [ -72.04586, 44.73639 ], [ -72.04611, 44.73618 ], [ -72.04587, 44.73571 ], [ -72.04558, 44.73592 ], [ -72.04543, 44.7358 ], [ -72.04514, 44.73501 ], [ -72.04487, 44.73491 ], [ -72.04441, 44.73427 ], [ -72.04397, 44.7341 ], [ -72.04377, 44.73363 ], [ -72.04338, 44.73349 ], [ -72.04329, 44.73257 ], [ -72.04309, 44.73227 ], [ -72.04294, 44.73227 ], [ -72.04265, 44.73184 ], [ -72.04162, 44.73155 ], [ -72.04162, 44.73122 ], [ -72.04118, 44.73107 ], [ -72.04098, 44.73066 ], [ -72.04095, 44.72981 ], [ -72.04074, 44.72953 ], [ -72.03957, 44.72928 ], [ -72.03893, 44.72875 ], [ -72.03884, 44.72842 ], [ -72.0384, 44.72822 ], [ -72.0382, 44.72747 ], [ -72.03834, 44.72726 ], [ -72.03832, 44.72684 ], [ -72.03803, 44.72662 ], [ -72.03796, 44.7263 ], [ -72.03693, 44.7256 ], [ -72.03664, 44.72516 ], [ -72.0359, 44.72492 ], [ -72.0358, 44.72471 ], [ -72.03611, 44.72386 ], [ -72.03679, 44.72387 ], [ -72.03767, 44.72319 ], [ -72.03857, 44.72344 ], [ -72.03854, 44.72131 ] ] } },
{ "type": "Feature", "properties": { "lake": "Willoughby", "depth": 50 }, "geometry": { "type": "LineString", "coordinates": [ [ -72.03647, 44.71983 ], [ -72.03675, 44.71983 ], [ -72.03796, 44.72083 ], [ -72.0384, 44.72093 ], [ -72.03869, 44.7212 ], [ -72.03972, 44.72137 ], [ -72.03986, 44.72158 ], [ -72.0406, 44.72179 ], [ -72.04118, 44.72222 ], [ -72.04148, 44.72222 ], [ -72.04192, 44.72264 ], [ -72.04221, 44.72265 ], [ -72.04236, 44.72288 ], [ -72.04265, 44.72288 ], [ -72.0428, 44.72309 ], [ -72.04338, 44.72329 ], [ -72.0438, 44.72386 ], [ -72.04365, 44.72429 ], [ -72.04371, 44.72492 ], [ -72.04352, 44.72492 ], [ -72.04367, 44.72525 ], [ -72.04403, 44.72514 ], [ -72.04397, 44.72479 ], [ -72.04411, 44.72504 ], [ -72.04441, 44.72499 ], [ -72.04418, 44.72471 ], [ -72.04426, 44.72463 ], [ -72.04441, 44.72458 ], [ -72.04455, 44.72483 ], [ -72.04463, 44.7245 ], [ -72.04499, 44.72459 ], [ -72.04485, 44.72495 ], [ -72.04382, 44.7256 ], [ -72.04382, 44.72579 ], [ -72.04411, 44.726 ], [ -72.04453, 44.72599 ], [ -72.04485, 44.72585 ], [ -72.04499, 44.72552 ], [ -72.04558, 44.72555 ], [ -72.04573, 44.72619 ], [ -72.04603, 44.7262 ], [ -72.04558, 44.72684 ], [ -72.04587, 44.72684 ], [ -72.04602, 44.72706 ], [ -72.04646, 44.72673 ], [ -72.04661, 44.72681 ], [ -72.04661, 44.72703 ], [ -72.04631, 44.72726 ], [ -72.04661, 44.72729 ], [ -72.04718, 44.7279 ], [ -72.04778, 44.72805 ], [ -72.04799, 44.72832 ], [ -72.04787, 44.72853 ], [ -72.04822, 44.72859 ], [ -72.04866, 44.7291 ], [ -72.04982, 44.72981 ], [ -72.05042, 44.73038 ], [ -72.05071, 44.73079 ], [ -72.05068, 44.7313 ], [ -72.0504, 44.73151 ], [ -72.05055, 44.73193 ], [ -72.05012, 44.73214 ], [ -72.05039, 44.73257 ], [ -72.05025, 44.73278 ], [ -72.05056, 44.73321 ], [ -72.051, 44.73342 ], [ -72.05188, 44.73256 ], [ -72.05203, 44.73262 ], [ -72.05247, 44.73227 ], [ -72.05247, 44.73257 ], [ -72.05162, 44.73342 ], [ -72.05247, 44.73349 ], [ -72.05262, 44.7337 ], [ -72.0532, 44.73376 ], [ -72.05364, 44.73427 ], [ -72.05359, 44.73469 ], [ -72.05379, 44.73493 ], [ -72.05408, 44.73515 ], [ -72.05467, 44.73519 ], [ -72.05511, 44.73565 ], [ -72.05584, 44.73575 ], [ -72.05643, 44.73657 ], [ -72.05716, 44.7369 ], [ -72.05735, 44.73788 ], [ -72.05765, 44.73809 ], [ -72.0576, 44.74016 ], [ -72.05804, 44.74 ], [ -72.05818, 44.73972 ], [ -72.05833, 44.73979 ], [ -72.05848, 44.73951 ], [ -72.05892, 44.73936 ], [ -72.05921, 44.73997 ], [ -72.05965, 44.74022 ], [ -72.0595, 44.74052 ], [ -72.05921, 44.74028 ], [ -72.05906, 44.74058 ], [ -72.05994, 44.74097 ], [ -72.0601, 44.74128 ], [ -72.05979, 44.74213 ], [ -72.06024, 44.74235 ], [ -72.06097, 44.74207 ], [ -72.06185, 44.74323 ], [ -72.06244, 44.74367 ], [ -72.06331, 44.7437 ], [ -72.06361, 44.74463 ], [ -72.06419, 44.74473 ], [ -72.06449, 44.74538 ], [ -72.06478, 44.7456 ], [ -72.06566, 44.7457 ], [ -72.06566, 44.74613 ], [ -72.06523, 44.74722 ], [ -72.06471, 44.74765 ], [ -72.06476, 44.74829 ], [ -72.06507, 44.74853 ], [ -72.06537, 44.74853 ], [ -72.06551, 44.74874 ], [ -72.06581, 44.74874 ], [ -72.06639, 44.74938 ], [ -72.06815, 44.7507 ], [ -72.06844, 44.75074 ], [ -72.06875, 44.75105 ], [ -72.06874, 44.75147 ], [ -72.06918, 44.75159 ], [ -72.07021, 44.75296 ], [ -72.06999, 44.75317 ], [ -72.07006, 44.75362 ], [ -72.06976, 44.7533 ], [ -72.06978, 44.75402 ], [ -72.06903, 44.75445 ], [ -72.0699, 44.75487 ], [ -72.07026, 44.75551 ], [ -72.06983, 44.75615 ], [ -72.07053, 44.75657 ], [ -72.07006, 44.75724 ], [ -72.06976, 44.75727 ], [ -72.06918, 44.75667 ], [ -72.06888, 44.75678 ], [ -72.06888, 44.75694 ], [ -72.06962, 44.75763 ], [ -72.06896, 44.75891 ], [ -72.06904, 44.75976 ], [ -72.06885, 44.75997 ], [ -72.0688, 44.76039 ], [ -72.06894, 44.76061 ], [ -72.06864, 44.76124 ], [ -72.06876, 44.76167 ], [ -72.06843, 44.76209 ], [ -72.06863, 44.76252 ], [ -72.06836, 44.76294 ], [ -72.06853, 44.76379 ], [ -72.06827, 44.76422 ], [ -72.06823, 44.76485 ], [ -72.06863, 44.76549 ], [ -72.06863, 44.76634 ], [ -72.06844, 44.7669 ], [ -72.06819, 44.76698 ], [ -72.06835, 44.76719 ], [ -72.06793, 44.76783 ], [ -72.06796, 44.76825 ], [ -72.06777, 44.76846 ], [ -72.06787, 44.76889 ], [ -72.06771, 44.76899 ], [ -72.06757, 44.7688 ], [ -72.06713, 44.76886 ], [ -72.06708, 44.7691 ], [ -72.06713, 44.76929 ], [ -72.06786, 44.76925 ], [ -72.06793, 44.76974 ], [ -72.06815, 44.77 ], [ -72.06888, 44.76997 ], [ -72.06918, 44.77016 ], [ -72.06929, 44.77101 ], [ -72.06944, 44.77123 ], [ -72.06947, 44.7724 ], [ -72.06982, 44.77314 ], [ -72.07009, 44.77335 ], [ -72.07006, 44.77365 ], [ -72.06988, 44.77377 ], [ -72.07002, 44.7742 ], [ -72.06995, 44.77484 ], [ -72.07011, 44.77505 ], [ -72.06991, 44.77492 ], [ -72.06932, 44.77549 ], [ -72.06896, 44.77505 ], [ -72.06859, 44.77491 ], [ -72.06844, 44.77508 ], [ -72.06771, 44.77506 ], [ -72.06742, 44.77482 ], [ -72.06713, 44.77515 ], [ -72.06625, 44.77515 ], [ -72.06607, 44.77484 ], [ -72.06551, 44.77471 ], [ -72.06507, 44.77433 ], [ -72.06419, 44.77421 ], [ -72.06406, 44.77377 ], [ -72.06361, 44.77405 ], [ -72.06317, 44.77392 ], [ -72.06287, 44.77358 ], [ -72.06273, 44.77286 ], [ -72.06244, 44.77284 ], [ -72.06229, 44.77261 ], [ -72.06185, 44.77257 ], [ -72.0617, 44.77236 ], [ -72.06087, 44.77229 ], [ -72.06073, 44.77186 ], [ -72.06015, 44.77165 ], [ -72.06007, 44.77144 ], [ -72.05965, 44.77128 ], [ -72.0595, 44.77106 ], [ -72.05906, 44.77103 ], [ -72.05833, 44.77026 ], [ -72.0576, 44.76983 ], [ -72.05731, 44.76941 ], [ -72.05701, 44.76927 ], [ -72.05657, 44.76943 ], [ -72.05632, 44.76931 ], [ -72.05601, 44.76846 ], [ -72.05609, 44.76825 ], [ -72.05749, 44.76677 ], [ -72.05646, 44.7657 ], [ -72.05651, 44.76507 ], [ -72.05627, 44.76485 ], [ -72.05613, 44.76428 ], [ -72.05552, 44.764 ], [ -72.05562, 44.76315 ], [ -72.05584, 44.76304 ], [ -72.05636, 44.76209 ], [ -72.05599, 44.76147 ], [ -72.05581, 44.76146 ], [ -72.05569, 44.76124 ], [ -72.05569, 44.76103 ], [ -72.05584, 44.76134 ], [ -72.05596, 44.76124 ], [ -72.05592, 44.76082 ], [ -72.05719, 44.75976 ], [ -72.05706, 44.75784 ], [ -72.05679, 44.75742 ], [ -72.05668, 44.75678 ], [ -72.05669, 44.75551 ], [ -72.05695, 44.7553 ], [ -72.05613, 44.75436 ], [ -72.05609, 44.7536 ], [ -72.05565, 44.75296 ], [ -72.05565, 44.75253 ], [ -72.05591, 44.7519 ], [ -72.05511, 44.75151 ], [ -72.05502, 44.75062 ], [ -72.05515, 44.7502 ], [ -72.05349, 44.74872 ], [ -72.05349, 44.7482 ], [ -72.05305, 44.74808 ], [ -72.05281, 44.74765 ], [ -72.0528, 44.74638 ], [ -72.05321, 44.74616 ], [ -72.05305, 44.74593 ], [ -72.05232, 44.74573 ], [ -72.05218, 44.74552 ], [ -72.05174, 44.74551 ], [ -72.05115, 44.74509 ], [ -72.05042, 44.74502 ], [ -72.04998, 44.74468 ], [ -72.04988, 44.74425 ], [ -72.05014, 44.74383 ], [ -72.05012, 44.74341 ], [ -72.04924, 44.74375 ], [ -72.04923, 44.7434 ], [ -72.0488, 44.74261 ], [ -72.04863, 44.74255 ], [ -72.0485, 44.74192 ], [ -72.04804, 44.74107 ], [ -72.04807, 44.7409 ], [ -72.04822, 44.74095 ], [ -72.04879, 44.74064 ], [ -72.04822, 44.74021 ], [ -72.04778, 44.74018 ], [ -72.0475, 44.73894 ], [ -72.04685, 44.7383 ], [ -72.04625, 44.73703 ], [ -72.04521, 44.73554 ], [ -72.0452, 44.73512 ], [ -72.0444, 44.73469 ], [ -72.04338, 44.7336 ], [ -72.04327, 44.73257 ], [ -72.04309, 44.7323 ], [ -72.04294, 44.7323 ], [ -72.04265, 44.73187 ], [ -72.04162, 44.73161 ], [ -72.04152, 44.7313 ], [ -72.04118, 44.73115 ], [ -72.04095, 44.73066 ], [ -72.04093, 44.72981 ], [ -72.04074, 44.72955 ], [ -72.03957, 44.72931 ], [ -72.0384, 44.72834 ], [ -72.03817, 44.72747 ], [ -72.03829, 44.72684 ], [ -72.03801, 44.72662 ], [ -72.03796, 44.72634 ], [ -72.03693, 44.72565 ], [ -72.03664, 44.72522 ], [ -72.03591, 44.725 ], [ -72.03472, 44.72407 ], [ -72.03468, 44.72386 ], [ -72.03503, 44.72332 ], [ -72.0362, 44.72345 ], [ -72.03708, 44.72268 ], [ -72.03762, 44.72259 ], [ -72.03811, 44.7214 ], [ -72.03781, 44.72119 ], [ -72.03767, 44.72142 ], [ -72.03723, 44.72143 ], [ -72.03708, 44.72163 ], [ -72.03649, 44.72152 ], [ -72.03635, 44.72176 ], [ -72.03576, 44.72182 ], [ -72.03547, 44.72142 ], [ -72.03503, 44.72147 ], [ -72.03459, 44.72126 ], [ -72.03403, 44.72174 ], [ -72.03459, 44.72194 ], [ -72.03503, 44.7224 ], [ -72.0351, 44.7228 ], [ -72.03497, 44.72301 ], [ -72.03429, 44.72311 ], [ -72.03356, 44.72259 ], [ -72.03367, 44.72153 ], [ -72.03392, 44.72131 ], [ -72.034, 44.72086 ], [ -72.03464, 44.72025 ], [ -72.03488, 44.72017 ], [ -72.03503, 44.72038 ], [ -72.03532, 44.7204 ], [ -72.03547, 44.72018 ], [ -72.03605, 44.72016 ], [ -72.03647, 44.71983 ] ] } },
{ "type": "Feature", "properties": { "lake": "Willoughby", "depth": 20 }, "geometry": { "type": "LineString", "coordinates": [ [ -72.03437, 44.71813 ], [ -72.03473, 44.71802 ], [ -72.03488, 44.71822 ], [ -72.03649, 44.7182 ], [ -72.03811, 44.71936 ], [ -72.0384, 44.71939 ], [ -72.03869, 44.71978 ], [ -72.03884, 44.71957 ], [ -72.03898, 44.71999 ], [ -72.03913, 44.71977 ], [ -72.03942, 44.7202 ], [ -72.03957, 44.71999 ], [ -72.03986, 44.72041 ], [ -72.04016, 44.72021 ], [ -72.0403, 44.72063 ], [ -72.04074, 44.72063 ], [ -72.04104, 44.7202 ], [ -72.04107, 44.7211 ], [ -72.04137, 44.72131 ], [ -72.04104, 44.72192 ], [ -72.04088, 44.72195 ], [ -72.04118, 44.72217 ], [ -72.04158, 44.72216 ], [ -72.04162, 44.72184 ], [ -72.04177, 44.72188 ], [ -72.04192, 44.72167 ], [ -72.04236, 44.7217 ], [ -72.04258, 44.72216 ], [ -72.04214, 44.72259 ], [ -72.04236, 44.72281 ], [ -72.04324, 44.72303 ], [ -72.04324, 44.72269 ], [ -72.04338, 44.72295 ], [ -72.04349, 44.7228 ], [ -72.04338, 44.72258 ], [ -72.04382, 44.72316 ], [ -72.04397, 44.72316 ], [ -72.04411, 44.72358 ], [ -72.04426, 44.72355 ], [ -72.04447, 44.72386 ], [ -72.04432, 44.72407 ], [ -72.04455, 44.72438 ], [ -72.04499, 44.72438 ], [ -72.04508, 44.7245 ], [ -72.04491, 44.72514 ], [ -72.04514, 44.72543 ], [ -72.04558, 44.72543 ], [ -72.04573, 44.72607 ], [ -72.04602, 44.72607 ], [ -72.04646, 44.72651 ], [ -72.04697, 44.72726 ], [ -72.04693, 44.72747 ], [ -72.04749, 44.72759 ], [ -72.04757, 44.7279 ], [ -72.04866, 44.72863 ], [ -72.0491, 44.72925 ], [ -72.04939, 44.72928 ], [ -72.04998, 44.72989 ], [ -72.05027, 44.72991 ], [ -72.05056, 44.73016 ], [ -72.051, 44.7308 ], [ -72.0513, 44.73083 ], [ -72.05174, 44.73154 ], [ -72.05203, 44.73149 ], [ -72.05218, 44.73186 ], [ -72.05247, 44.73184 ], [ -72.05349, 44.73355 ], [ -72.05452, 44.73417 ], [ -72.05496, 44.73484 ], [ -72.05628, 44.73608 ], [ -72.05643, 44.73646 ], [ -72.05672, 44.73668 ], [ -72.05716, 44.7367 ], [ -72.05731, 44.73732 ], [ -72.05779, 44.73745 ], [ -72.05764, 44.73767 ], [ -72.05788, 44.73809 ], [ -72.05775, 44.73823 ], [ -72.05775, 44.73883 ], [ -72.05833, 44.73847 ], [ -72.05921, 44.73986 ], [ -72.05965, 44.74009 ], [ -72.06068, 44.74138 ], [ -72.06112, 44.74143 ], [ -72.06126, 44.74207 ], [ -72.06185, 44.7421 ], [ -72.062, 44.74167 ], [ -72.06229, 44.74188 ], [ -72.06258, 44.74125 ], [ -72.06317, 44.74167 ], [ -72.06273, 44.74171 ], [ -72.06259, 44.74192 ], [ -72.06274, 44.74234 ], [ -72.06258, 44.74235 ], [ -72.06218, 44.74298 ], [ -72.06244, 44.74316 ], [ -72.06287, 44.74315 ], [ -72.06317, 44.74292 ], [ -72.06361, 44.7429 ], [ -72.06366, 44.74319 ], [ -72.06338, 44.74361 ], [ -72.06356, 44.74446 ], [ -72.0639, 44.7447 ], [ -72.06419, 44.7447 ], [ -72.06449, 44.74534 ], [ -72.06478, 44.74556 ], [ -72.06566, 44.74559 ], [ -72.06627, 44.7468 ], [ -72.0661, 44.74711 ], [ -72.06576, 44.74701 ], [ -72.06581, 44.74729 ], [ -72.06551, 44.7472 ], [ -72.06537, 44.74771 ], [ -72.06502, 44.74765 ], [ -72.06507, 44.74794 ], [ -72.0648, 44.74807 ], [ -72.06478, 44.74829 ], [ -72.06537, 44.7485 ], [ -72.06551, 44.74871 ], [ -72.06581, 44.74871 ], [ -72.06639, 44.74935 ], [ -72.06713, 44.74877 ], [ -72.06742, 44.74879 ], [ -72.06757, 44.74856 ], [ -72.06786, 44.74853 ], [ -72.06806, 44.74892 ], [ -72.068, 44.74935 ], [ -72.06815, 44.74934 ], [ -72.06845, 44.74977 ], [ -72.06844, 44.74983 ], [ -72.0683, 44.74956 ], [ -72.06795, 44.74977 ], [ -72.068, 44.75 ], [ -72.06771, 44.74991 ], [ -72.06771, 44.75018 ], [ -72.06815, 44.75063 ], [ -72.06844, 44.75063 ], [ -72.06924, 44.75126 ], [ -72.06931, 44.75169 ], [ -72.06962, 44.75212 ], [ -72.06976, 44.75213 ], [ -72.0705, 44.75327 ], [ -72.07072, 44.75338 ], [ -72.07091, 44.75402 ], [ -72.07034, 44.75445 ], [ -72.07062, 44.75487 ], [ -72.07063, 44.7553 ], [ -72.07138, 44.75538 ], [ -72.07138, 44.75578 ], [ -72.07092, 44.75657 ], [ -72.07095, 44.75699 ], [ -72.07079, 44.75703 ], [ -72.07041, 44.75763 ], [ -72.07006, 44.75852 ], [ -72.06956, 44.75891 ], [ -72.06947, 44.75993 ], [ -72.06903, 44.76058 ], [ -72.06936, 44.76103 ], [ -72.06887, 44.7623 ], [ -72.06903, 44.76254 ], [ -72.06888, 44.76281 ], [ -72.06844, 44.76294 ], [ -72.06859, 44.76395 ], [ -72.06894, 44.76422 ], [ -72.06934, 44.76485 ], [ -72.0687, 44.76549 ], [ -72.06855, 44.76677 ], [ -72.0689, 44.76719 ], [ -72.06892, 44.76825 ], [ -72.06855, 44.76889 ], [ -72.06902, 44.76995 ], [ -72.06976, 44.7704 ], [ -72.07001, 44.7708 ], [ -72.06974, 44.77123 ], [ -72.07014, 44.77165 ], [ -72.07039, 44.77229 ], [ -72.07028, 44.7725 ], [ -72.07047, 44.77271 ], [ -72.07056, 44.7742 ], [ -72.07082, 44.77462 ], [ -72.07044, 44.77526 ], [ -72.07081, 44.77611 ], [ -72.07064, 44.77616 ], [ -72.0702, 44.77698 ], [ -72.06976, 44.77698 ], [ -72.06962, 44.77677 ], [ -72.06859, 44.77692 ], [ -72.068, 44.77648 ], [ -72.06742, 44.77638 ], [ -72.06721, 44.7759 ], [ -72.0661, 44.77566 ], [ -72.06566, 44.77579 ], [ -72.06551, 44.77558 ], [ -72.06537, 44.77567 ], [ -72.06522, 44.77544 ], [ -72.06449, 44.77522 ], [ -72.06405, 44.77481 ], [ -72.06346, 44.77472 ], [ -72.06331, 44.77441 ], [ -72.06302, 44.77435 ], [ -72.06268, 44.77399 ], [ -72.06273, 44.77349 ], [ -72.062, 44.7732 ], [ -72.06193, 44.77271 ], [ -72.0617, 44.77247 ], [ -72.06068, 44.77242 ], [ -72.06045, 44.77186 ], [ -72.05994, 44.77174 ], [ -72.0595, 44.77119 ], [ -72.05906, 44.77117 ], [ -72.05877, 44.77096 ], [ -72.05833, 44.77035 ], [ -72.0576, 44.76994 ], [ -72.05731, 44.76956 ], [ -72.05672, 44.77002 ], [ -72.05643, 44.76996 ], [ -72.05632, 44.76953 ], [ -72.0559, 44.7691 ], [ -72.05567, 44.76868 ], [ -72.05584, 44.76846 ], [ -72.05573, 44.76825 ], [ -72.0567, 44.7674 ], [ -72.05622, 44.76698 ], [ -72.05628, 44.76659 ], [ -72.05731, 44.76659 ], [ -72.05745, 44.76677 ], [ -72.05731, 44.76655 ], [ -72.05716, 44.76655 ], [ -72.05687, 44.76613 ], [ -72.05628, 44.76609 ], [ -72.05618, 44.76549 ], [ -72.05643, 44.76531 ], [ -72.05645, 44.76507 ], [ -72.05546, 44.76422 ], [ -72.05556, 44.76315 ], [ -72.05613, 44.76253 ], [ -72.05628, 44.76209 ], [ -72.05613, 44.76193 ], [ -72.05511, 44.76167 ], [ -72.05584, 44.75984 ], [ -72.05628, 44.75988 ], [ -72.05643, 44.76004 ], [ -72.05687, 44.75997 ], [ -72.05716, 44.75976 ], [ -72.05716, 44.75912 ], [ -72.05702, 44.75891 ], [ -72.05701, 44.75784 ], [ -72.05687, 44.75763 ], [ -72.05613, 44.75763 ], [ -72.05599, 44.75703 ], [ -72.05599, 44.75676 ], [ -72.05613, 44.7569 ], [ -72.05633, 44.75636 ], [ -72.05585, 44.75593 ], [ -72.05614, 44.75551 ], [ -72.05584, 44.75535 ], [ -72.05573, 44.75508 ], [ -72.05601, 44.75423 ], [ -72.056, 44.7536 ], [ -72.05555, 44.75296 ], [ -72.05559, 44.75232 ], [ -72.0554, 44.75246 ], [ -72.05491, 44.75211 ], [ -72.05511, 44.7502 ], [ -72.05496, 44.75019 ], [ -72.05467, 44.74977 ], [ -72.05423, 44.74976 ], [ -72.05393, 44.74993 ], [ -72.05379, 44.74979 ], [ -72.05367, 44.74935 ], [ -72.05393, 44.74914 ], [ -72.05335, 44.74914 ], [ -72.05291, 44.74832 ], [ -72.0526, 44.74829 ], [ -72.05247, 44.74773 ], [ -72.05115, 44.7467 ], [ -72.051, 44.74626 ], [ -72.05086, 44.74626 ], [ -72.05042, 44.74538 ], [ -72.05027, 44.74538 ], [ -72.04983, 44.74471 ], [ -72.04954, 44.74456 ], [ -72.04935, 44.74468 ], [ -72.04946, 44.74404 ], [ -72.04916, 44.74383 ], [ -72.04915, 44.7434 ], [ -72.04885, 44.74276 ], [ -72.04856, 44.74255 ], [ -72.04799, 44.74085 ], [ -72.04763, 44.74013 ], [ -72.0474, 44.74 ], [ -72.04755, 44.73979 ], [ -72.04708, 44.73852 ], [ -72.04679, 44.7383 ], [ -72.0462, 44.73703 ], [ -72.04517, 44.73554 ], [ -72.04517, 44.73512 ], [ -72.04485, 44.73505 ], [ -72.0447, 44.73484 ], [ -72.04411, 44.73479 ], [ -72.04382, 44.734 ], [ -72.04316, 44.73384 ], [ -72.04331, 44.73363 ], [ -72.04325, 44.73257 ], [ -72.04309, 44.73233 ], [ -72.04294, 44.73233 ], [ -72.04265, 44.73191 ], [ -72.04221, 44.7319 ], [ -72.04206, 44.73169 ], [ -72.04162, 44.73168 ], [ -72.04133, 44.73142 ], [ -72.04091, 44.73066 ], [ -72.04091, 44.72981 ], [ -72.04074, 44.72958 ], [ -72.0403, 44.72958 ], [ -72.04016, 44.72936 ], [ -72.03957, 44.72936 ], [ -72.03913, 44.72891 ], [ -72.03854, 44.72881 ], [ -72.03825, 44.72858 ], [ -72.03828, 44.72768 ], [ -72.03813, 44.72747 ], [ -72.03827, 44.72684 ], [ -72.03798, 44.72662 ], [ -72.03796, 44.72638 ], [ -72.03693, 44.72573 ], [ -72.03664, 44.7253 ], [ -72.03635, 44.7253 ], [ -72.03547, 44.72465 ], [ -72.03517, 44.72464 ], [ -72.03444, 44.72375 ], [ -72.03369, 44.72322 ], [ -72.03348, 44.7228 ], [ -72.03342, 44.72185 ], [ -72.03327, 44.72163 ], [ -72.03298, 44.72161 ], [ -72.03199, 44.72046 ], [ -72.0321, 44.72011 ], [ -72.03277, 44.72004 ], [ -72.03283, 44.71976 ], [ -72.03258, 44.7194 ], [ -72.03371, 44.71867 ], [ -72.034, 44.71824 ], [ -72.03437, 44.71813 ] ] } },
{ "type": "Feature", "properties": { "lake": "Willoughby", "depth": 30 }, "geometry": { "type": "LineString", "coordinates": [ [ -72.03444, 44.71813 ], [ -72.03473, 44.71811 ], [ -72.03488, 44.71831 ], [ -72.03649, 44.71831 ], [ -72.03664, 44.71853 ], [ -72.03693, 44.71855 ], [ -72.03696, 44.71898 ], [ -72.03762, 44.71919 ], [ -72.03757, 44.7194 ], [ -72.03811, 44.71949 ], [ -72.03837, 44.72068 ], [ -72.03869, 44.72112 ], [ -72.03972, 44.72132 ], [ -72.03986, 44.72154 ], [ -72.04016, 44.72153 ], [ -72.0403, 44.72175 ], [ -72.04104, 44.72197 ], [ -72.04118, 44.72219 ], [ -72.04148, 44.72218 ], [ -72.04236, 44.72283 ], [ -72.04309, 44.72303 ], [ -72.04353, 44.72344 ], [ -72.04397, 44.72326 ], [ -72.04397, 44.72361 ], [ -72.04377, 44.72365 ], [ -72.04411, 44.72372 ], [ -72.04426, 44.72361 ], [ -72.04443, 44.72386 ], [ -72.04428, 44.72407 ], [ -72.04455, 44.72442 ], [ -72.04499, 44.72442 ], [ -72.04506, 44.72471 ], [ -72.04486, 44.72514 ], [ -72.04514, 44.72547 ], [ -72.04558, 44.72547 ], [ -72.04573, 44.72611 ], [ -72.04602, 44.72611 ], [ -72.04667, 44.72684 ], [ -72.04693, 44.72726 ], [ -72.04681, 44.72747 ], [ -72.04749, 44.72765 ], [ -72.04763, 44.72798 ], [ -72.04866, 44.72868 ], [ -72.0491, 44.72929 ], [ -72.04939, 44.72933 ], [ -72.04998, 44.72993 ], [ -72.05027, 44.72997 ], [ -72.05057, 44.73023 ], [ -72.05056, 44.73048 ], [ -72.0513, 44.73108 ], [ -72.05141, 44.7313 ], [ -72.05042, 44.73232 ], [ -72.05027, 44.73278 ], [ -72.05056, 44.73269 ], [ -72.05174, 44.73167 ], [ -72.05218, 44.73193 ], [ -72.05247, 44.7319 ], [ -72.05279, 44.73278 ], [ -72.05209, 44.73342 ], [ -72.05247, 44.73343 ], [ -72.05262, 44.73365 ], [ -72.05335, 44.73369 ], [ -72.05379, 44.73449 ], [ -72.05418, 44.73406 ], [ -72.05452, 44.73423 ], [ -72.05493, 44.73491 ], [ -72.05468, 44.73512 ], [ -72.05481, 44.73535 ], [ -72.05511, 44.73557 ], [ -72.05569, 44.73548 ], [ -72.05643, 44.7365 ], [ -72.05672, 44.73672 ], [ -72.05716, 44.73674 ], [ -72.05722, 44.73724 ], [ -72.0576, 44.73745 ], [ -72.0576, 44.73785 ], [ -72.05775, 44.73788 ], [ -72.05775, 44.73917 ], [ -72.05848, 44.73875 ], [ -72.05921, 44.7399 ], [ -72.05965, 44.74013 ], [ -72.06025, 44.74085 ], [ -72.06024, 44.74131 ], [ -72.06053, 44.74124 ], [ -72.06068, 44.74143 ], [ -72.06104, 44.74149 ], [ -72.06082, 44.7417 ], [ -72.06088, 44.74192 ], [ -72.06185, 44.7432 ], [ -72.06244, 44.74362 ], [ -72.06267, 44.74361 ], [ -72.06337, 44.74298 ], [ -72.06361, 44.74296 ], [ -72.06334, 44.74361 ], [ -72.06361, 44.74456 ], [ -72.06419, 44.74471 ], [ -72.06449, 44.74535 ], [ -72.06478, 44.74557 ], [ -72.06566, 44.74563 ], [ -72.06583, 44.74616 ], [ -72.06518, 44.74744 ], [ -72.06478, 44.74761 ], [ -72.06489, 44.74786 ], [ -72.06478, 44.7483 ], [ -72.06537, 44.74851 ], [ -72.06551, 44.74872 ], [ -72.06581, 44.74872 ], [ -72.06669, 44.74951 ], [ -72.06771, 44.74909 ], [ -72.06786, 44.74888 ], [ -72.06801, 44.74892 ], [ -72.06786, 44.74917 ], [ -72.06698, 44.74962 ], [ -72.06697, 44.74977 ], [ -72.06874, 44.75091 ], [ -72.06901, 44.75147 ], [ -72.06918, 44.7515 ], [ -72.06962, 44.75218 ], [ -72.06976, 44.75218 ], [ -72.07028, 44.75296 ], [ -72.0705, 44.75338 ], [ -72.06998, 44.75381 ], [ -72.07003, 44.75423 ], [ -72.06947, 44.75466 ], [ -72.06991, 44.7547 ], [ -72.07017, 44.7553 ], [ -72.07072, 44.75593 ], [ -72.07054, 44.75699 ], [ -72.06989, 44.75742 ], [ -72.06917, 44.75848 ], [ -72.06915, 44.75997 ], [ -72.06887, 44.76039 ], [ -72.069, 44.76061 ], [ -72.06884, 44.76103 ], [ -72.06899, 44.76124 ], [ -72.06893, 44.76209 ], [ -72.06841, 44.76294 ], [ -72.06868, 44.76549 ], [ -72.06842, 44.76783 ], [ -72.06857, 44.76868 ], [ -72.06844, 44.76897 ], [ -72.06797, 44.7691 ], [ -72.068, 44.76968 ], [ -72.06888, 44.76969 ], [ -72.06897, 44.76995 ], [ -72.06978, 44.77059 ], [ -72.06961, 44.77101 ], [ -72.07, 44.77165 ], [ -72.06993, 44.77207 ], [ -72.07037, 44.77335 ], [ -72.07019, 44.77356 ], [ -72.07041, 44.77377 ], [ -72.07037, 44.7742 ], [ -72.07069, 44.77484 ], [ -72.07006, 44.77557 ], [ -72.06932, 44.77567 ], [ -72.06903, 44.77605 ], [ -72.068, 44.77624 ], [ -72.06771, 44.77585 ], [ -72.0667, 44.77569 ], [ -72.06648, 44.77526 ], [ -72.06625, 44.77542 ], [ -72.06581, 44.77538 ], [ -72.06537, 44.77461 ], [ -72.06513, 44.77462 ], [ -72.06478, 44.77509 ], [ -72.06449, 44.7751 ], [ -72.06387, 44.77441 ], [ -72.06302, 44.77429 ], [ -72.06273, 44.77344 ], [ -72.06205, 44.77314 ], [ -72.0621, 44.77271 ], [ -72.0617, 44.77244 ], [ -72.06068, 44.77233 ], [ -72.06051, 44.77186 ], [ -72.05995, 44.77165 ], [ -72.0595, 44.77115 ], [ -72.05906, 44.77112 ], [ -72.05877, 44.77091 ], [ -72.05833, 44.77032 ], [ -72.0576, 44.7699 ], [ -72.05731, 44.76949 ], [ -72.05643, 44.7698 ], [ -72.0559, 44.76889 ], [ -72.056, 44.76868 ], [ -72.05585, 44.76825 ], [ -72.05716, 44.76719 ], [ -72.05747, 44.76677 ], [ -72.05687, 44.7661 ], [ -72.05643, 44.76586 ], [ -72.05631, 44.76549 ], [ -72.05647, 44.76507 ], [ -72.05551, 44.76422 ], [ -72.05558, 44.76315 ], [ -72.05584, 44.76298 ], [ -72.05631, 44.76209 ], [ -72.05573, 44.76146 ], [ -72.05558, 44.76103 ], [ -72.05584, 44.76067 ], [ -72.05643, 44.76043 ], [ -72.05672, 44.76 ], [ -72.05716, 44.75978 ], [ -72.05717, 44.75912 ], [ -72.05703, 44.75891 ], [ -72.05701, 44.75779 ], [ -72.05637, 44.75699 ], [ -72.05649, 44.75636 ], [ -72.05619, 44.75572 ], [ -72.05628, 44.75537 ], [ -72.05645, 44.7553 ], [ -72.05596, 44.75487 ], [ -72.05603, 44.7536 ], [ -72.05559, 44.75296 ], [ -72.05569, 44.7522 ], [ -72.05505, 44.75169 ], [ -72.05499, 44.75062 ], [ -72.05512, 44.7502 ], [ -72.05423, 44.74933 ], [ -72.05349, 44.74886 ], [ -72.05324, 44.7485 ], [ -72.05335, 44.74829 ], [ -72.05305, 44.74824 ], [ -72.05276, 44.74758 ], [ -72.05232, 44.74766 ], [ -72.05203, 44.74724 ], [ -72.05115, 44.74664 ], [ -72.051, 44.7462 ], [ -72.05053, 44.74574 ], [ -72.05047, 44.74531 ], [ -72.05012, 44.74515 ], [ -72.04983, 44.74456 ], [ -72.04939, 44.74459 ], [ -72.0495, 44.74404 ], [ -72.04919, 44.74383 ], [ -72.04918, 44.7434 ], [ -72.0488, 44.74267 ], [ -72.04858, 44.74255 ], [ -72.04802, 44.74085 ], [ -72.04763, 44.74008 ], [ -72.04743, 44.74 ], [ -72.04758, 44.73979 ], [ -72.0471, 44.73852 ], [ -72.04681, 44.7383 ], [ -72.04622, 44.73703 ], [ -72.04518, 44.73554 ], [ -72.04518, 44.73512 ], [ -72.0447, 44.73481 ], [ -72.04411, 44.73473 ], [ -72.04382, 44.73398 ], [ -72.0432, 44.73384 ], [ -72.04334, 44.73363 ], [ -72.04326, 44.73257 ], [ -72.04309, 44.73232 ], [ -72.04294, 44.73232 ], [ -72.04265, 44.73189 ], [ -72.04162, 44.73165 ], [ -72.04118, 44.73121 ], [ -72.04092, 44.73066 ], [ -72.04092, 44.72981 ], [ -72.04074, 44.72957 ], [ -72.0403, 44.72957 ], [ -72.04016, 44.72935 ], [ -72.03957, 44.72934 ], [ -72.03913, 44.72889 ], [ -72.03856, 44.72875 ], [ -72.03814, 44.72747 ], [ -72.03828, 44.72684 ], [ -72.03799, 44.72662 ], [ -72.03796, 44.72637 ], [ -72.03693, 44.7257 ], [ -72.03664, 44.72527 ], [ -72.03635, 44.72527 ], [ -72.03547, 44.72461 ], [ -72.03517, 44.7246 ], [ -72.03408, 44.72344 ], [ -72.03416, 44.72322 ], [ -72.03371, 44.72313 ], [ -72.03352, 44.7228 ], [ -72.03342, 44.7218 ], [ -72.03327, 44.72157 ], [ -72.03298, 44.72155 ], [ -72.0325, 44.72089 ], [ -72.03298, 44.72012 ], [ -72.03356, 44.71972 ], [ -72.03429, 44.71967 ], [ -72.03444, 44.71986 ], [ -72.03468, 44.71983 ], [ -72.03469, 44.7194 ], [ -72.0344, 44.71876 ], [ -72.03444, 44.71813 ] ] } },
{ "type": "Feature", "properties": { "lake": "Willoughby", "depth": 10 }, "geometry": { "type": "LineString", "coordinates": [ [ -72.03341, 44.71728 ], [ -72.03423, 44.71813 ], [ -72.03444, 44.71793 ], [ -72.03473, 44.71793 ], [ -72.03488, 44.71814 ], [ -72.03576, 44.71816 ], [ -72.03604, 44.71813 ], [ -72.03617, 44.71791 ], [ -72.03693, 44.71788 ], [ -72.03796, 44.71908 ], [ -72.0384, 44.71929 ], [ -72.03869, 44.7197 ], [ -72.03884, 44.71948 ], [ -72.03898, 44.71991 ], [ -72.03913, 44.71969 ], [ -72.03942, 44.72012 ], [ -72.03957, 44.71991 ], [ -72.03986, 44.72033 ], [ -72.04016, 44.72012 ], [ -72.0403, 44.72055 ], [ -72.04074, 44.72054 ], [ -72.04104, 44.72012 ], [ -72.04118, 44.72119 ], [ -72.04148, 44.72121 ], [ -72.04206, 44.72079 ], [ -72.04198, 44.72153 ], [ -72.04236, 44.72161 ], [ -72.0425, 44.72205 ], [ -72.04294, 44.7225 ], [ -72.04338, 44.72248 ], [ -72.04382, 44.72309 ], [ -72.04397, 44.72309 ], [ -72.04411, 44.72351 ], [ -72.04426, 44.72349 ], [ -72.04451, 44.72386 ], [ -72.04437, 44.72407 ], [ -72.04452, 44.72429 ], [ -72.04499, 44.72433 ], [ -72.04511, 44.7245 ], [ -72.04495, 44.72514 ], [ -72.04514, 44.72539 ], [ -72.04558, 44.72539 ], [ -72.04573, 44.72603 ], [ -72.04602, 44.72603 ], [ -72.04646, 44.72646 ], [ -72.04701, 44.72726 ], [ -72.04699, 44.72747 ], [ -72.04749, 44.72753 ], [ -72.0476, 44.7279 ], [ -72.04866, 44.72858 ], [ -72.0491, 44.72921 ], [ -72.04939, 44.72922 ], [ -72.04998, 44.72985 ], [ -72.05027, 44.72986 ], [ -72.051, 44.73073 ], [ -72.0513, 44.73075 ], [ -72.05144, 44.73116 ], [ -72.05174, 44.73142 ], [ -72.05203, 44.73139 ], [ -72.05218, 44.73179 ], [ -72.05247, 44.73178 ], [ -72.05276, 44.73242 ], [ -72.05408, 44.73392 ], [ -72.05452, 44.73411 ], [ -72.05548, 44.73533 ], [ -72.05569, 44.73538 ], [ -72.05613, 44.73602 ], [ -72.05628, 44.73603 ], [ -72.05643, 44.73643 ], [ -72.05672, 44.73664 ], [ -72.05716, 44.73665 ], [ -72.05731, 44.73728 ], [ -72.05775, 44.73732 ], [ -72.05784, 44.73745 ], [ -72.05769, 44.73767 ], [ -72.05804, 44.73824 ], [ -72.05848, 44.73859 ], [ -72.05877, 44.7392 ], [ -72.05892, 44.7392 ], [ -72.05921, 44.73983 ], [ -72.05965, 44.74005 ], [ -72.06009, 44.7407 ], [ -72.06053, 44.74074 ], [ -72.06046, 44.74107 ], [ -72.06068, 44.74133 ], [ -72.06112, 44.74136 ], [ -72.06126, 44.74199 ], [ -72.06185, 44.74201 ], [ -72.062, 44.74158 ], [ -72.06229, 44.74179 ], [ -72.06258, 44.74116 ], [ -72.06317, 44.74158 ], [ -72.06317, 44.74182 ], [ -72.06266, 44.74192 ], [ -72.06281, 44.74234 ], [ -72.06258, 44.74245 ], [ -72.06236, 44.74298 ], [ -72.06302, 44.74305 ], [ -72.06317, 44.74284 ], [ -72.06361, 44.74283 ], [ -72.06371, 44.74319 ], [ -72.06342, 44.74361 ], [ -72.06361, 44.7445 ], [ -72.06419, 44.74469 ], [ -72.06449, 44.74533 ], [ -72.06478, 44.74554 ], [ -72.06566, 44.74556 ], [ -72.0661, 44.74648 ], [ -72.06639, 44.74648 ], [ -72.06669, 44.74606 ], [ -72.06698, 44.74628 ], [ -72.06705, 44.74659 ], [ -72.06675, 44.7468 ], [ -72.06675, 44.74722 ], [ -72.06683, 44.74735 ], [ -72.06742, 44.74736 ], [ -72.06757, 44.74693 ], [ -72.06793, 44.74744 ], [ -72.06749, 44.74786 ], [ -72.06793, 44.7485 ], [ -72.06851, 44.74999 ], [ -72.06874, 44.75009 ], [ -72.06962, 44.75143 ], [ -72.06976, 44.75141 ], [ -72.07067, 44.75232 ], [ -72.07073, 44.75275 ], [ -72.07108, 44.75284 ], [ -72.07152, 44.75335 ], [ -72.07183, 44.75338 ], [ -72.07152, 44.75343 ], [ -72.07107, 44.75381 ], [ -72.07108, 44.75411 ], [ -72.07152, 44.75419 ], [ -72.07167, 44.75515 ], [ -72.0724, 44.75525 ], [ -72.07248, 44.75572 ], [ -72.07225, 44.75593 ], [ -72.07226, 44.75638 ], [ -72.07111, 44.75721 ], [ -72.06991, 44.75964 ], [ -72.06946, 44.76018 ], [ -72.06973, 44.76039 ], [ -72.06923, 44.76315 ], [ -72.06966, 44.76464 ], [ -72.06947, 44.7647 ], [ -72.06918, 44.76519 ], [ -72.06874, 44.76542 ], [ -72.06872, 44.76634 ], [ -72.06857, 44.76655 ], [ -72.06859, 44.76684 ], [ -72.06874, 44.76684 ], [ -72.06903, 44.76731 ], [ -72.06937, 44.7674 ], [ -72.06962, 44.76816 ], [ -72.06976, 44.76804 ], [ -72.06982, 44.76846 ], [ -72.06947, 44.76846 ], [ -72.06918, 44.76821 ], [ -72.06903, 44.7686 ], [ -72.07027, 44.77059 ], [ -72.07038, 44.77123 ], [ -72.07025, 44.77144 ], [ -72.07079, 44.77244 ], [ -72.07098, 44.7725 ], [ -72.07112, 44.77292 ], [ -72.07069, 44.77335 ], [ -72.07094, 44.7736 ], [ -72.07129, 44.77484 ], [ -72.07173, 44.77569 ], [ -72.07177, 44.77696 ], [ -72.0712, 44.7776 ], [ -72.07138, 44.77845 ], [ -72.07123, 44.77834 ], [ -72.07079, 44.77893 ], [ -72.06962, 44.77885 ], [ -72.06932, 44.77864 ], [ -72.06888, 44.77889 ], [ -72.06742, 44.77798 ], [ -72.06713, 44.77815 ], [ -72.06671, 44.77802 ], [ -72.06639, 44.77758 ], [ -72.0661, 44.77748 ], [ -72.06588, 44.7776 ], [ -72.06545, 44.77696 ], [ -72.06481, 44.77675 ], [ -72.06447, 44.77632 ], [ -72.06414, 44.77632 ], [ -72.06375, 44.77567 ], [ -72.06331, 44.77562 ], [ -72.06302, 44.77539 ], [ -72.06304, 44.77441 ], [ -72.06257, 44.77399 ], [ -72.06273, 44.77354 ], [ -72.062, 44.77331 ], [ -72.06185, 44.77305 ], [ -72.06141, 44.77298 ], [ -72.06126, 44.77279 ], [ -72.06053, 44.77265 ], [ -72.06019, 44.77229 ], [ -72.06039, 44.77186 ], [ -72.0598, 44.77175 ], [ -72.0594, 44.77123 ], [ -72.05877, 44.771 ], [ -72.05833, 44.77037 ], [ -72.05804, 44.77027 ], [ -72.05731, 44.77101 ], [ -72.05635, 44.76995 ], [ -72.05613, 44.76931 ], [ -72.05584, 44.7693 ], [ -72.05556, 44.76889 ], [ -72.05549, 44.76783 ], [ -72.05569, 44.7676 ], [ -72.05584, 44.76765 ], [ -72.0561, 44.76719 ], [ -72.05623, 44.76634 ], [ -72.05596, 44.76592 ], [ -72.05613, 44.76584 ], [ -72.05613, 44.76517 ], [ -72.05637, 44.76507 ], [ -72.05599, 44.76501 ], [ -72.05584, 44.76472 ], [ -72.0554, 44.76465 ], [ -72.05529, 44.76443 ], [ -72.05542, 44.76422 ], [ -72.0554, 44.76337 ], [ -72.05481, 44.76326 ], [ -72.05478, 44.76294 ], [ -72.05505, 44.76252 ], [ -72.05503, 44.76167 ], [ -72.05518, 44.76146 ], [ -72.05521, 44.76103 ], [ -72.05496, 44.76082 ], [ -72.05555, 44.76018 ], [ -72.05601, 44.75827 ], [ -72.05592, 44.75636 ], [ -72.05562, 44.75593 ], [ -72.05577, 44.75572 ], [ -72.05549, 44.75551 ], [ -72.05563, 44.7553 ], [ -72.05548, 44.75508 ], [ -72.05549, 44.75466 ], [ -72.0549, 44.75338 ], [ -72.05493, 44.75253 ], [ -72.05463, 44.75232 ], [ -72.05477, 44.75211 ], [ -72.05447, 44.75126 ], [ -72.05408, 44.7505 ], [ -72.05388, 44.75041 ], [ -72.05364, 44.74945 ], [ -72.05335, 44.74924 ], [ -72.0532, 44.74883 ], [ -72.05305, 44.74883 ], [ -72.05291, 44.74841 ], [ -72.05253, 44.74829 ], [ -72.05252, 44.74786 ], [ -72.05115, 44.74675 ], [ -72.051, 44.74632 ], [ -72.05086, 44.74632 ], [ -72.05042, 44.74545 ], [ -72.05027, 44.74545 ], [ -72.04983, 44.7448 ], [ -72.04954, 44.74462 ], [ -72.04939, 44.74481 ], [ -72.0493, 44.74468 ], [ -72.04943, 44.74404 ], [ -72.04913, 44.74383 ], [ -72.04912, 44.7434 ], [ -72.04883, 44.74276 ], [ -72.04853, 44.74255 ], [ -72.04796, 44.74085 ], [ -72.04763, 44.74017 ], [ -72.04737, 44.74 ], [ -72.04752, 44.73979 ], [ -72.04706, 44.73852 ], [ -72.04677, 44.7383 ], [ -72.04618, 44.73703 ], [ -72.04515, 44.73554 ], [ -72.04515, 44.73512 ], [ -72.04485, 44.73509 ], [ -72.0447, 44.73487 ], [ -72.04411, 44.73485 ], [ -72.04382, 44.73403 ], [ -72.04324, 44.734 ], [ -72.04313, 44.73384 ], [ -72.04327, 44.73363 ], [ -72.04324, 44.73257 ], [ -72.04265, 44.73192 ], [ -72.04221, 44.73192 ], [ -72.04206, 44.7317 ], [ -72.04162, 44.7317 ], [ -72.04133, 44.73146 ], [ -72.0409, 44.73066 ], [ -72.0409, 44.72981 ], [ -72.04074, 44.72959 ], [ -72.0403, 44.72959 ], [ -72.04016, 44.72937 ], [ -72.03957, 44.72937 ], [ -72.03913, 44.72894 ], [ -72.03854, 44.72888 ], [ -72.03825, 44.72866 ], [ -72.03826, 44.72768 ], [ -72.03812, 44.72747 ], [ -72.03826, 44.72684 ], [ -72.03797, 44.72662 ], [ -72.03796, 44.7264 ], [ -72.03693, 44.72575 ], [ -72.03664, 44.72532 ], [ -72.03635, 44.72532 ], [ -72.03547, 44.72468 ], [ -72.03517, 44.72467 ], [ -72.03444, 44.72381 ], [ -72.03371, 44.72334 ], [ -72.03345, 44.7228 ], [ -72.03342, 44.7219 ], [ -72.03327, 44.72168 ], [ -72.03298, 44.72167 ], [ -72.03166, 44.72017 ], [ -72.03121, 44.71919 ], [ -72.03133, 44.71876 ], [ -72.03224, 44.71799 ], [ -72.03268, 44.718 ], [ -72.03283, 44.71776 ], [ -72.03298, 44.71789 ], [ -72.03327, 44.7177 ], [ -72.03341, 44.71728 ] ] } },
{ "type": "Feature", "properties": { "lake": "Willoughby", "depth": 5 }, "geometry": { "type": "LineString", "coordinates": [ [ -72.03395, 44.71685 ], [ -72.03488, 44.71684 ], [ -72.03503, 44.71703 ], [ -72.03532, 44.717 ], [ -72.03576, 44.71765 ], [ -72.03605, 44.71782 ], [ -72.03693, 44.71779 ], [ -72.03731, 44.71834 ], [ -72.03869, 44.71966 ], [ -72.03884, 44.71944 ], [ -72.03898, 44.71987 ], [ -72.03913, 44.71965 ], [ -72.03942, 44.72008 ], [ -72.03957, 44.71987 ], [ -72.03986, 44.72029 ], [ -72.04016, 44.72008 ], [ -72.0403, 44.72051 ], [ -72.04074, 44.7205 ], [ -72.04104, 44.72008 ], [ -72.04118, 44.72115 ], [ -72.04148, 44.72115 ], [ -72.04206, 44.72073 ], [ -72.04217, 44.72089 ], [ -72.04202, 44.72153 ], [ -72.04236, 44.72157 ], [ -72.0425, 44.722 ], [ -72.04294, 44.72244 ], [ -72.04338, 44.72243 ], [ -72.04382, 44.72305 ], [ -72.04397, 44.72305 ], [ -72.04411, 44.72347 ], [ -72.04426, 44.72347 ], [ -72.04453, 44.72386 ], [ -72.04439, 44.72407 ], [ -72.04454, 44.72429 ], [ -72.04499, 44.72431 ], [ -72.04512, 44.7245 ], [ -72.04497, 44.72514 ], [ -72.04514, 44.72537 ], [ -72.04558, 44.72537 ], [ -72.04573, 44.72601 ], [ -72.04602, 44.72601 ], [ -72.04631, 44.72643 ], [ -72.04646, 44.72643 ], [ -72.04703, 44.72726 ], [ -72.04702, 44.72747 ], [ -72.04749, 44.7275 ], [ -72.04762, 44.7279 ], [ -72.04866, 44.72856 ], [ -72.0491, 44.72919 ], [ -72.04939, 44.7292 ], [ -72.04998, 44.72983 ], [ -72.05027, 44.72984 ], [ -72.05056, 44.73006 ], [ -72.051, 44.73069 ], [ -72.0513, 44.7307 ], [ -72.05144, 44.73112 ], [ -72.05174, 44.73136 ], [ -72.05203, 44.73134 ], [ -72.05218, 44.73175 ], [ -72.05247, 44.73175 ], [ -72.05276, 44.73239 ], [ -72.05349, 44.73305 ], [ -72.05408, 44.73388 ], [ -72.05452, 44.73409 ], [ -72.05613, 44.73599 ], [ -72.05628, 44.736 ], [ -72.05643, 44.73641 ], [ -72.05672, 44.73662 ], [ -72.05716, 44.73663 ], [ -72.05731, 44.73726 ], [ -72.05775, 44.73728 ], [ -72.05787, 44.73745 ], [ -72.05772, 44.73767 ], [ -72.05848, 44.73855 ], [ -72.05877, 44.73917 ], [ -72.05892, 44.73917 ], [ -72.05921, 44.73981 ], [ -72.05965, 44.74002 ], [ -72.06009, 44.74067 ], [ -72.06053, 44.74069 ], [ -72.06064, 44.74085 ], [ -72.0605, 44.74107 ], [ -72.06068, 44.7413 ], [ -72.06112, 44.74132 ], [ -72.06126, 44.74195 ], [ -72.06185, 44.74196 ], [ -72.062, 44.74153 ], [ -72.06229, 44.74175 ], [ -72.06258, 44.74111 ], [ -72.06317, 44.74154 ], [ -72.06328, 44.7417 ], [ -72.06317, 44.74187 ], [ -72.06269, 44.74192 ], [ -72.06284, 44.74234 ], [ -72.06258, 44.7425 ], [ -72.0624, 44.74298 ], [ -72.06302, 44.74301 ], [ -72.06317, 44.7428 ], [ -72.06361, 44.7428 ], [ -72.06373, 44.74319 ], [ -72.06344, 44.74361 ], [ -72.06361, 44.74448 ], [ -72.06419, 44.74468 ], [ -72.06449, 44.74532 ], [ -72.06478, 44.74553 ], [ -72.06566, 44.74554 ], [ -72.0661, 44.74643 ], [ -72.06639, 44.74643 ], [ -72.06669, 44.74601 ], [ -72.06698, 44.74622 ], [ -72.06709, 44.74659 ], [ -72.06679, 44.7468 ], [ -72.06683, 44.74729 ], [ -72.06742, 44.74729 ], [ -72.06757, 44.74686 ], [ -72.06797, 44.74744 ], [ -72.06753, 44.74786 ], [ -72.06797, 44.7485 ], [ -72.06855, 44.74999 ], [ -72.06874, 44.75004 ], [ -72.06962, 44.75135 ], [ -72.07138, 44.75266 ], [ -72.07202, 44.7536 ], [ -72.0719, 44.75423 ], [ -72.07233, 44.75466 ], [ -72.07255, 44.75523 ], [ -72.07299, 44.75487 ], [ -72.07313, 44.75562 ], [ -72.0733, 44.75572 ], [ -72.07302, 44.75615 ], [ -72.07269, 44.75637 ], [ -72.0724, 44.75633 ], [ -72.07182, 44.75708 ], [ -72.07108, 44.75752 ], [ -72.07001, 44.75933 ], [ -72.06971, 44.76124 ], [ -72.06928, 44.76273 ], [ -72.06932, 44.76325 ], [ -72.06983, 44.76379 ], [ -72.06968, 44.764 ], [ -72.06971, 44.76464 ], [ -72.06918, 44.76524 ], [ -72.06874, 44.76545 ], [ -72.06873, 44.76634 ], [ -72.06858, 44.76655 ], [ -72.06859, 44.7668 ], [ -72.06874, 44.7668 ], [ -72.06903, 44.76725 ], [ -72.06932, 44.76726 ], [ -72.06962, 44.76775 ], [ -72.07035, 44.76794 ], [ -72.07064, 44.76832 ], [ -72.07067, 44.76846 ], [ -72.07035, 44.76874 ], [ -72.06991, 44.76878 ], [ -72.06976, 44.76857 ], [ -72.06962, 44.76893 ], [ -72.06932, 44.76836 ], [ -72.06912, 44.76868 ], [ -72.07031, 44.77059 ], [ -72.07044, 44.77123 ], [ -72.0703, 44.77144 ], [ -72.07079, 44.77236 ], [ -72.07103, 44.7725 ], [ -72.07117, 44.77292 ], [ -72.07101, 44.77314 ], [ -72.07158, 44.77462 ], [ -72.07167, 44.77479 ], [ -72.07196, 44.77481 ], [ -72.07184, 44.77505 ], [ -72.07215, 44.77569 ], [ -72.07269, 44.77649 ], [ -72.07299, 44.7765 ], [ -72.073, 44.77675 ], [ -72.07328, 44.77696 ], [ -72.07312, 44.77717 ], [ -72.07335, 44.7776 ], [ -72.07307, 44.77781 ], [ -72.07309, 44.77802 ], [ -72.07255, 44.7786 ], [ -72.07226, 44.7786 ], [ -72.07167, 44.77932 ], [ -72.07138, 44.77946 ], [ -72.07108, 44.77929 ], [ -72.07108, 44.77951 ], [ -72.07094, 44.77952 ], [ -72.06976, 44.77943 ], [ -72.06903, 44.77908 ], [ -72.0683, 44.77922 ], [ -72.06815, 44.77904 ], [ -72.06757, 44.77908 ], [ -72.06727, 44.77887 ], [ -72.06669, 44.77887 ], [ -72.06654, 44.77867 ], [ -72.06619, 44.77866 ], [ -72.06625, 44.77845 ], [ -72.06595, 44.77828 ], [ -72.06581, 44.77774 ], [ -72.06522, 44.7777 ], [ -72.06507, 44.77747 ], [ -72.06434, 44.77717 ], [ -72.06413, 44.77654 ], [ -72.06373, 44.77654 ], [ -72.06363, 44.77675 ], [ -72.06331, 44.77677 ], [ -72.06317, 44.77657 ], [ -72.06287, 44.77658 ], [ -72.06273, 44.77635 ], [ -72.06214, 44.77635 ], [ -72.06153, 44.77547 ], [ -72.06156, 44.77512 ], [ -72.06186, 44.77484 ], [ -72.06185, 44.77462 ], [ -72.0617, 44.77462 ], [ -72.06185, 44.77462 ], [ -72.06185, 44.77441 ], [ -72.06163, 44.77356 ], [ -72.0617, 44.77324 ], [ -72.06069, 44.77314 ], [ -72.0607, 44.77292 ], [ -72.0598, 44.77246 ], [ -72.05965, 44.77206 ], [ -72.0595, 44.77212 ], [ -72.05906, 44.77175 ], [ -72.05833, 44.77189 ], [ -72.05804, 44.77133 ], [ -72.05731, 44.77112 ], [ -72.05687, 44.77072 ], [ -72.05677, 44.77038 ], [ -72.05657, 44.77031 ], [ -72.05628, 44.76983 ], [ -72.05569, 44.76983 ], [ -72.05528, 44.76931 ], [ -72.05488, 44.76804 ], [ -72.0554, 44.76784 ], [ -72.05569, 44.76731 ], [ -72.056, 44.76719 ], [ -72.05617, 44.76634 ], [ -72.05577, 44.76592 ], [ -72.05603, 44.7657 ], [ -72.05599, 44.76521 ], [ -72.05584, 44.76504 ], [ -72.05525, 44.76509 ], [ -72.05511, 44.76468 ], [ -72.05467, 44.76468 ], [ -72.0545, 44.76443 ], [ -72.05451, 44.76379 ], [ -72.05472, 44.76294 ], [ -72.05501, 44.76252 ], [ -72.055, 44.76167 ], [ -72.05514, 44.76146 ], [ -72.05516, 44.76103 ], [ -72.05489, 44.76082 ], [ -72.05548, 44.76018 ], [ -72.05574, 44.75954 ], [ -72.05576, 44.75869 ], [ -72.0559, 44.75848 ], [ -72.05577, 44.75827 ], [ -72.05592, 44.75806 ], [ -72.05588, 44.75636 ], [ -72.05558, 44.75593 ], [ -72.05573, 44.75572 ], [ -72.05545, 44.75551 ], [ -72.05559, 44.7553 ], [ -72.05545, 44.75466 ], [ -72.05486, 44.75338 ], [ -72.05487, 44.75253 ], [ -72.05458, 44.75232 ], [ -72.05472, 44.75211 ], [ -72.05442, 44.75126 ], [ -72.05408, 44.75056 ], [ -72.05383, 44.75041 ], [ -72.05364, 44.74951 ], [ -72.05335, 44.7493 ], [ -72.0532, 44.74888 ], [ -72.05305, 44.74888 ], [ -72.05291, 44.74845 ], [ -72.05262, 44.74845 ], [ -72.0525, 44.74829 ], [ -72.0525, 44.74786 ], [ -72.05115, 44.74677 ], [ -72.051, 44.74635 ], [ -72.05086, 44.74635 ], [ -72.05042, 44.74549 ], [ -72.05027, 44.74549 ], [ -72.04983, 44.74484 ], [ -72.04954, 44.74465 ], [ -72.04939, 44.74485 ], [ -72.04927, 44.74468 ], [ -72.04941, 44.74404 ], [ -72.04911, 44.74383 ], [ -72.04911, 44.7434 ], [ -72.04882, 44.74276 ], [ -72.04852, 44.74255 ], [ -72.04794, 44.74085 ], [ -72.04763, 44.74019 ], [ -72.04735, 44.74 ], [ -72.0475, 44.73979 ], [ -72.04705, 44.73852 ], [ -72.04676, 44.7383 ], [ -72.04618, 44.73703 ], [ -72.04515, 44.73554 ], [ -72.04515, 44.73512 ], [ -72.04485, 44.7351 ], [ -72.0447, 44.73489 ], [ -72.04411, 44.73488 ], [ -72.04382, 44.73404 ], [ -72.04324, 44.73403 ], [ -72.04311, 44.73384 ], [ -72.04325, 44.73363 ], [ -72.04324, 44.73257 ], [ -72.04265, 44.73193 ], [ -72.04221, 44.73192 ], [ -72.04206, 44.73171 ], [ -72.04162, 44.73171 ], [ -72.04133, 44.73149 ], [ -72.0409, 44.73066 ], [ -72.04089, 44.72981 ], [ -72.04074, 44.72959 ], [ -72.0403, 44.72959 ], [ -72.04016, 44.72938 ], [ -72.03957, 44.72938 ], [ -72.03913, 44.72895 ], [ -72.03854, 44.72892 ], [ -72.03825, 44.72871 ], [ -72.03813, 44.72853 ], [ -72.03826, 44.72768 ], [ -72.03811, 44.72747 ], [ -72.03826, 44.72684 ], [ -72.03796, 44.72662 ], [ -72.03796, 44.7264 ], [ -72.03693, 44.72576 ], [ -72.03664, 44.72534 ], [ -72.03635, 44.72534 ], [ -72.03547, 44.72469 ], [ -72.03517, 44.72469 ], [ -72.03444, 44.72383 ], [ -72.03385, 44.72356 ], [ -72.03343, 44.7228 ], [ -72.03342, 44.72192 ], [ -72.03327, 44.72171 ], [ -72.03298, 44.72171 ], [ -72.03161, 44.72025 ], [ -72.03151, 44.71973 ], [ -72.03128, 44.71961 ], [ -72.03086, 44.71876 ], [ -72.03088, 44.71834 ], [ -72.03151, 44.71768 ], [ -72.0321, 44.71775 ], [ -72.03224, 44.71745 ], [ -72.03239, 44.71764 ], [ -72.03312, 44.7176 ], [ -72.03342, 44.71717 ], [ -72.03395, 44.71685 ] ] } },
{ "type": "Feature", "properties": { "lake": "Woodward", "depth": 5 }, "geometry": { "type": "LineString", "coordinates": [ [ -72.76003, 43.57097 ], [ -72.76034, 43.57167 ], [ -72.75984, 43.57184 ], [ -72.7597, 43.57152 ], [ -72.76003, 43.57097 ] ] } },
{ "type": "Feature", "properties": { "lake": "Woodward", "depth": 30 }, "geometry": { "type": "LineString", "coordinates": [ [ -72.75942, 43.56717 ], [ -72.76008, 43.56714 ], [ -72.76016, 43.56764 ], [ -72.76041, 43.56792 ], [ -72.76033, 43.56877 ], [ -72.76047, 43.56977 ], [ -72.7604, 43.57015 ], [ -72.76014, 43.57033 ], [ -72.75992, 43.57032 ], [ -72.75976, 43.56984 ], [ -72.75952, 43.56967 ], [ -72.7596, 43.56937 ], [ -72.75933, 43.56782 ], [ -72.75942, 43.56717 ] ] } },
{ "type": "Feature", "properties": { "lake": "Woodward", "depth": 50 }, "geometry": { "type": "LineString", "coordinates": [ [ -72.75838, 43.56407 ], [ -72.75908, 43.56417 ], [ -72.75913, 43.5648 ], [ -72.75865, 43.56498 ], [ -72.75828, 43.5644 ], [ -72.75838, 43.56407 ] ] } },
{ "type": "Feature", "properties": { "lake": "Woodward", "depth": 30 }, "geometry": { "type": "LineString", "coordinates": [ [ -72.75795, 43.55972 ], [ -72.75831, 43.55998 ], [ -72.75831, 43.56032 ], [ -72.75788, 43.56087 ], [ -72.75781, 43.56132 ], [ -72.75794, 43.56152 ], [ -72.75757, 43.56182 ], [ -72.75732, 43.56262 ], [ -72.75764, 43.56337 ], [ -72.75788, 43.56355 ], [ -72.75918, 43.56364 ], [ -72.75963, 43.56396 ], [ -72.75961, 43.56425 ], [ -72.7599, 43.56477 ], [ -72.75965, 43.56507 ], [ -72.75961, 43.56607 ], [ -72.75982, 43.56632 ], [ -72.75971, 43.5666 ], [ -72.76, 43.56677 ], [ -72.76, 43.56701 ], [ -72.75942, 43.56695 ], [ -72.75918, 43.56663 ], [ -72.75849, 43.56649 ], [ -72.75812, 43.56677 ], [ -72.75706, 43.56662 ], [ -72.75624, 43.56598 ], [ -72.75613, 43.56562 ], [ -72.75621, 43.56515 ], [ -72.75586, 43.56482 ], [ -72.75595, 43.56431 ], [ -72.75632, 43.56397 ], [ -72.75619, 43.5622 ], [ -72.75637, 43.56152 ], [ -72.75661, 43.56129 ], [ -72.75664, 43.56078 ], [ -72.75733, 43.56006 ], [ -72.75775, 43.56009 ], [ -72.75795, 43.55972 ] ] } },
{ "type": "Feature", "properties": { "lake": "Woodward", "depth": 20 }, "geometry": { "type": "LineString", "coordinates": [ [ -72.75808, 43.55952 ], [ -72.75918, 43.55971 ], [ -72.75952, 43.56022 ], [ -72.75945, 43.56049 ], [ -72.7586, 43.56069 ], [ -72.75836, 43.56127 ], [ -72.75796, 43.56169 ], [ -72.75757, 43.56272 ], [ -72.7578, 43.56288 ], [ -72.75778, 43.5631 ], [ -72.75802, 43.56343 ], [ -72.75926, 43.5635 ], [ -72.75976, 43.56388 ], [ -72.7597, 43.56417 ], [ -72.75995, 43.56436 ], [ -72.76009, 43.56492 ], [ -72.75978, 43.56512 ], [ -72.7599, 43.56577 ], [ -72.75971, 43.56597 ], [ -72.75995, 43.56611 ], [ -72.76014, 43.56655 ], [ -72.76022, 43.56744 ], [ -72.76046, 43.56782 ], [ -72.7606, 43.57057 ], [ -72.7609, 43.57065 ], [ -72.76122, 43.571 ], [ -72.76128, 43.57121 ], [ -72.76077, 43.5707 ], [ -72.76022, 43.57077 ], [ -72.7597, 43.57027 ], [ -72.75969, 43.56989 ], [ -72.75947, 43.56972 ], [ -72.75929, 43.56911 ], [ -72.7591, 43.56782 ], [ -72.75932, 43.56702 ], [ -72.75908, 43.56673 ], [ -72.75865, 43.56666 ], [ -72.75831, 43.56694 ], [ -72.75783, 43.56699 ], [ -72.75669, 43.56661 ], [ -72.75605, 43.56598 ], [ -72.75566, 43.56506 ], [ -72.75545, 43.56491 ], [ -72.7555, 43.56453 ], [ -72.75574, 43.56422 ], [ -72.75603, 43.56413 ], [ -72.75616, 43.56371 ], [ -72.75595, 43.56341 ], [ -72.75611, 43.56272 ], [ -72.75595, 43.56258 ], [ -72.75599, 43.56212 ], [ -72.75582, 43.56175 ], [ -72.75643, 43.56127 ], [ -72.75637, 43.56079 ], [ -72.75711, 43.56018 ], [ -72.75719, 43.55977 ], [ -72.75808, 43.55952 ] ] } },
{ "type": "Feature", "properties": { "lake": "Woodward", "depth": 10 }, "geometry": { "type": "LineString", "coordinates": [ [ -72.75796, 43.55932 ], [ -72.75836, 43.55929 ], [ -72.75889, 43.5596 ], [ -72.75958, 43.55957 ], [ -72.7599, 43.55984 ], [ -72.75963, 43.56054 ], [ -72.75902, 43.56074 ], [ -72.75894, 43.56111 ], [ -72.75865, 43.56142 ], [ -72.75868, 43.56207 ], [ -72.75847, 43.56208 ], [ -72.75833, 43.56252 ], [ -72.75839, 43.56276 ], [ -72.75913, 43.56316 ], [ -72.75984, 43.56383 ], [ -72.7604, 43.56377 ], [ -72.76059, 43.56417 ], [ -72.76064, 43.5647 ], [ -72.76021, 43.56517 ], [ -72.76051, 43.5653 ], [ -72.76048, 43.56565 ], [ -72.76072, 43.56582 ], [ -72.76073, 43.56607 ], [ -72.76035, 43.56634 ], [ -72.76033, 43.56667 ], [ -72.76066, 43.56792 ], [ -72.76061, 43.56877 ], [ -72.76078, 43.56897 ], [ -72.76066, 43.56972 ], [ -72.76141, 43.57 ], [ -72.76165, 43.57026 ], [ -72.76134, 43.57052 ], [ -72.76173, 43.57115 ], [ -72.7618, 43.57167 ], [ -72.7613, 43.57187 ], [ -72.76173, 43.57202 ], [ -72.76211, 43.57277 ], [ -72.76186, 43.57319 ], [ -72.76183, 43.57363 ], [ -72.76133, 43.57393 ], [ -72.76067, 43.57348 ], [ -72.76033, 43.57277 ], [ -72.76053, 43.57211 ], [ -72.76098, 43.57177 ], [ -72.7609, 43.57103 ], [ -72.75998, 43.57081 ], [ -72.75947, 43.57029 ], [ -72.75902, 43.56787 ], [ -72.75901, 43.56732 ], [ -72.75926, 43.56706 ], [ -72.75894, 43.56684 ], [ -72.75865, 43.56689 ], [ -72.75852, 43.56705 ], [ -72.75857, 43.56747 ], [ -72.75815, 43.56781 ], [ -72.75815, 43.56802 ], [ -72.75863, 43.56862 ], [ -72.75844, 43.5692 ], [ -72.75833, 43.56918 ], [ -72.75733, 43.56821 ], [ -72.75727, 43.56783 ], [ -72.75767, 43.5676 ], [ -72.75775, 43.56719 ], [ -72.75637, 43.56659 ], [ -72.75598, 43.56608 ], [ -72.75574, 43.56603 ], [ -72.75504, 43.56467 ], [ -72.75549, 43.56397 ], [ -72.75544, 43.56302 ], [ -72.75587, 43.56242 ], [ -72.75549, 43.56187 ], [ -72.75574, 43.56152 ], [ -72.75616, 43.56131 ], [ -72.75613, 43.56072 ], [ -72.75698, 43.5601 ], [ -72.75706, 43.5597 ], [ -72.75733, 43.55946 ], [ -72.75796, 43.55932 ] ] } },
{ "type": "Feature", "properties": { "lake": "Woodward", "depth": 5 }, "geometry": { "type": "LineString", "coordinates": [ [ -72.75801, 43.55927 ], [ -72.75831, 43.55922 ], [ -72.75889, 43.55956 ], [ -72.7599, 43.55962 ], [ -72.75976, 43.56048 ], [ -72.75945, 43.56076 ], [ -72.75916, 43.56067 ], [ -72.7591, 43.56077 ], [ -72.7587, 43.56262 ], [ -72.75984, 43.56377 ], [ -72.7604, 43.5637 ], [ -72.76072, 43.56451 ], [ -72.76064, 43.56567 ], [ -72.76102, 43.56662 ], [ -72.7608, 43.56684 ], [ -72.76043, 43.5664 ], [ -72.76042, 43.56692 ], [ -72.76059, 43.56727 ], [ -72.76053, 43.56763 ], [ -72.76073, 43.56782 ], [ -72.76067, 43.56871 ], [ -72.76091, 43.56887 ], [ -72.76078, 43.56962 ], [ -72.76133, 43.56956 ], [ -72.76183, 43.57001 ], [ -72.76149, 43.57059 ], [ -72.76204, 43.57188 ], [ -72.76194, 43.57236 ], [ -72.76215, 43.57275 ], [ -72.76204, 43.57352 ], [ -72.76141, 43.57401 ], [ -72.76117, 43.57398 ], [ -72.76061, 43.57349 ], [ -72.76033, 43.57292 ], [ -72.76029, 43.57257 ], [ -72.76091, 43.57167 ], [ -72.76096, 43.57128 ], [ -72.76077, 43.57098 ], [ -72.75998, 43.57089 ], [ -72.75946, 43.57037 ], [ -72.75902, 43.56811 ], [ -72.759, 43.56692 ], [ -72.75865, 43.56695 ], [ -72.75857, 43.5676 ], [ -72.75819, 43.56792 ], [ -72.75868, 43.56859 ], [ -72.7586, 43.56907 ], [ -72.75895, 43.57007 ], [ -72.75894, 43.57037 ], [ -72.7586, 43.57046 ], [ -72.75815, 43.56972 ], [ -72.75825, 43.56915 ], [ -72.75788, 43.56896 ], [ -72.75726, 43.56822 ], [ -72.75719, 43.56777 ], [ -72.75762, 43.56754 ], [ -72.75769, 43.56722 ], [ -72.75632, 43.56663 ], [ -72.75574, 43.56614 ], [ -72.75468, 43.56435 ], [ -72.75517, 43.56382 ], [ -72.75505, 43.56321 ], [ -72.75552, 43.56275 ], [ -72.75523, 43.5626 ], [ -72.75523, 43.56244 ], [ -72.75547, 43.56241 ], [ -72.75563, 43.5626 ], [ -72.75581, 43.56247 ], [ -72.7553, 43.56197 ], [ -72.7556, 43.56171 ], [ -72.75555, 43.56123 ], [ -72.75574, 43.56139 ], [ -72.75611, 43.56129 ], [ -72.75605, 43.5607 ], [ -72.75693, 43.56011 ], [ -72.75706, 43.55951 ], [ -72.75801, 43.55927 ] ] } },
{ "type": "Feature", "properties": { "lake": "Wrightsville", "depth": 10 }, "geometry": { "type": "LineString", "coordinates": [ [ -72.57241, 44.32926 ], [ -72.57289, 44.32928 ], [ -72.57296, 44.32949 ], [ -72.57183, 44.32979 ], [ -72.57232, 44.32948 ], [ -72.57241, 44.32926 ] ] } },
{ "type": "Feature", "properties": { "lake": "Wrightsville", "depth": 20 }, "geometry": { "type": "LineString", "coordinates": [ [ -72.5735, 44.31202 ], [ -72.5737, 44.31237 ], [ -72.57433, 44.31277 ], [ -72.57429, 44.31311 ], [ -72.57471, 44.31334 ], [ -72.57499, 44.31399 ], [ -72.57492, 44.31422 ], [ -72.57506, 44.31445 ], [ -72.57465, 44.31454 ], [ -72.57499, 44.3149 ], [ -72.57508, 44.31533 ], [ -72.57542, 44.31556 ], [ -72.57585, 44.3167 ], [ -72.57564, 44.31686 ], [ -72.57564, 44.31768 ], [ -72.57585, 44.31784 ], [ -72.57594, 44.31901 ], [ -72.5765, 44.31995 ], [ -72.57664, 44.32122 ], [ -72.57634, 44.32141 ], [ -72.57573, 44.32133 ], [ -72.57556, 44.32215 ], [ -72.57528, 44.32236 ], [ -72.57463, 44.32253 ], [ -72.5737, 44.32248 ], [ -72.57343, 44.32278 ], [ -72.57354, 44.32328 ], [ -72.57241, 44.32336 ], [ -72.57259, 44.32318 ], [ -72.57255, 44.32301 ], [ -72.57311, 44.32289 ], [ -72.57327, 44.32245 ], [ -72.5735, 44.32233 ], [ -72.5747, 44.32215 ], [ -72.57476, 44.32195 ], [ -72.57436, 44.32187 ], [ -72.57413, 44.32146 ], [ -72.57427, 44.32127 ], [ -72.5742, 44.32106 ], [ -72.57377, 44.3211 ], [ -72.57354, 44.32154 ], [ -72.57334, 44.32129 ], [ -72.5735, 44.32107 ], [ -72.57375, 44.32107 ], [ -72.57393, 44.32076 ], [ -72.57427, 44.32071 ], [ -72.57434, 44.32039 ], [ -72.57412, 44.3197 ], [ -72.57449, 44.319 ], [ -72.57542, 44.31869 ], [ -72.57514, 44.31812 ], [ -72.57529, 44.31793 ], [ -72.57507, 44.31787 ], [ -72.57512, 44.31766 ], [ -72.57485, 44.31757 ], [ -72.57391, 44.31667 ], [ -72.57368, 44.31535 ], [ -72.57314, 44.31515 ], [ -72.57276, 44.31472 ], [ -72.57332, 44.31402 ], [ -72.5729, 44.3134 ], [ -72.5732, 44.3124 ], [ -72.5735, 44.31202 ] ] } },
{ "type": "Feature", "properties": { "lake": "Wrightsville", "depth": 20 }, "geometry": { "type": "LineString", "coordinates": [ [ -72.57477, 44.3117 ], [ -72.57512, 44.31175 ], [ -72.57519, 44.31194 ], [ -72.57492, 44.31239 ], [ -72.57399, 44.3121 ], [ -72.57393, 44.31175 ], [ -72.57477, 44.3117 ] ] } },
{ "type": "Feature", "properties": { "lake": "Wrightsville", "depth": 10 }, "geometry": { "type": "LineString", "coordinates": [ [ -72.57341, 44.31145 ], [ -72.5742, 44.31144 ], [ -72.57535, 44.31175 ], [ -72.57528, 44.31229 ], [ -72.57485, 44.31278 ], [ -72.57485, 44.31321 ], [ -72.57501, 44.31385 ], [ -72.57542, 44.31423 ], [ -72.57564, 44.31549 ], [ -72.57591, 44.31587 ], [ -72.57586, 44.31655 ], [ -72.57608, 44.31718 ], [ -72.57608, 44.31756 ], [ -72.57593, 44.31768 ], [ -72.57601, 44.31841 ], [ -72.57628, 44.31878 ], [ -72.57637, 44.31939 ], [ -72.57664, 44.3199 ], [ -72.57688, 44.32114 ], [ -72.57659, 44.32214 ], [ -72.57664, 44.32277 ], [ -72.57635, 44.32316 ], [ -72.5765, 44.32348 ], [ -72.57601, 44.32371 ], [ -72.57609, 44.32385 ], [ -72.57592, 44.32416 ], [ -72.57608, 44.32454 ], [ -72.57593, 44.32479 ], [ -72.5765, 44.32477 ], [ -72.57716, 44.32586 ], [ -72.57743, 44.32596 ], [ -72.57744, 44.32643 ], [ -72.57725, 44.32668 ], [ -72.57744, 44.32712 ], [ -72.57736, 44.32733 ], [ -72.57693, 44.32756 ], [ -72.57601, 44.32759 ], [ -72.57449, 44.32807 ], [ -72.5742, 44.32846 ], [ -72.57399, 44.3285 ], [ -72.5739, 44.32881 ], [ -72.57334, 44.32891 ], [ -72.57327, 44.32864 ], [ -72.57305, 44.32887 ], [ -72.57262, 44.32894 ], [ -72.57334, 44.32819 ], [ -72.57404, 44.32787 ], [ -72.57449, 44.32739 ], [ -72.57492, 44.32732 ], [ -72.57542, 44.32699 ], [ -72.57521, 44.32665 ], [ -72.57591, 44.32647 ], [ -72.57643, 44.32614 ], [ -72.57657, 44.32582 ], [ -72.5765, 44.3256 ], [ -72.57585, 44.32512 ], [ -72.57413, 44.32514 ], [ -72.5735, 44.32497 ], [ -72.57318, 44.32455 ], [ -72.57284, 44.32454 ], [ -72.57296, 44.32407 ], [ -72.57253, 44.32377 ], [ -72.57219, 44.32388 ], [ -72.57232, 44.32368 ], [ -72.57198, 44.32359 ], [ -72.57196, 44.32303 ], [ -72.57162, 44.32285 ], [ -72.57192, 44.32223 ], [ -72.57268, 44.32246 ], [ -72.5727, 44.32272 ], [ -72.57284, 44.32274 ], [ -72.57341, 44.32226 ], [ -72.57341, 44.32201 ], [ -72.57284, 44.3213 ], [ -72.57284, 44.32098 ], [ -72.57298, 44.3206 ], [ -72.57332, 44.32028 ], [ -72.57334, 44.31986 ], [ -72.57384, 44.31959 ], [ -72.57406, 44.31908 ], [ -72.57449, 44.31875 ], [ -72.57296, 44.31654 ], [ -72.57241, 44.31657 ], [ -72.57225, 44.31594 ], [ -72.57268, 44.31576 ], [ -72.57305, 44.31535 ], [ -72.57255, 44.31493 ], [ -72.57241, 44.31454 ], [ -72.57248, 44.31423 ], [ -72.57289, 44.31411 ], [ -72.57296, 44.3139 ], [ -72.57271, 44.31356 ], [ -72.57283, 44.31315 ], [ -72.57254, 44.31239 ], [ -72.57296, 44.31221 ], [ -72.57341, 44.31145 ] ] } },
{ "type": "Feature", "properties": { "lake": "Wrightsville", "depth": 5 }, "geometry": { "type": "LineString", "coordinates": [ [ -72.57356, 44.31129 ], [ -72.57535, 44.31161 ], [ -72.57549, 44.31184 ], [ -72.5753, 44.31201 ], [ -72.57542, 44.31233 ], [ -72.57515, 44.31252 ], [ -72.575, 44.31353 ], [ -72.57508, 44.31385 ], [ -72.57555, 44.3142 ], [ -72.57587, 44.31548 ], [ -72.57607, 44.31576 ], [ -72.576, 44.31611 ], [ -72.57621, 44.31674 ], [ -72.57622, 44.31749 ], [ -72.57601, 44.31783 ], [ -72.57628, 44.31832 ], [ -72.5763, 44.3187 ], [ -72.5765, 44.31876 ], [ -72.57665, 44.31913 ], [ -72.57659, 44.31946 ], [ -72.57708, 44.32077 ], [ -72.57707, 44.32168 ], [ -72.57671, 44.32221 ], [ -72.57695, 44.32284 ], [ -72.57659, 44.3233 ], [ -72.57672, 44.32366 ], [ -72.57653, 44.32378 ], [ -72.57645, 44.32435 ], [ -72.57666, 44.32501 ], [ -72.57718, 44.32529 ], [ -72.57716, 44.32551 ], [ -72.57759, 44.32592 ], [ -72.57759, 44.32657 ], [ -72.57738, 44.32668 ], [ -72.57759, 44.32712 ], [ -72.57714, 44.32774 ], [ -72.5763, 44.328 ], [ -72.57628, 44.32845 ], [ -72.57607, 44.32858 ], [ -72.57494, 44.32877 ], [ -72.57442, 44.32872 ], [ -72.57436, 44.32853 ], [ -72.5739, 44.32906 ], [ -72.5732, 44.32937 ], [ -72.57311, 44.32958 ], [ -72.57203, 44.32998 ], [ -72.57169, 44.32997 ], [ -72.57146, 44.32972 ], [ -72.57176, 44.32949 ], [ -72.57223, 44.32945 ], [ -72.57271, 44.32862 ], [ -72.57397, 44.32786 ], [ -72.57427, 44.32754 ], [ -72.57429, 44.32718 ], [ -72.57476, 44.32681 ], [ -72.57485, 44.32645 ], [ -72.57521, 44.32625 ], [ -72.57578, 44.32637 ], [ -72.57634, 44.32612 ], [ -72.5765, 44.32584 ], [ -72.57591, 44.32535 ], [ -72.57483, 44.32522 ], [ -72.57406, 44.3253 ], [ -72.5732, 44.3251 ], [ -72.57306, 44.32498 ], [ -72.57313, 44.32479 ], [ -72.57277, 44.32467 ], [ -72.57282, 44.3241 ], [ -72.57205, 44.3239 ], [ -72.57189, 44.32303 ], [ -72.57155, 44.3229 ], [ -72.57176, 44.32222 ], [ -72.57232, 44.32219 ], [ -72.57277, 44.32259 ], [ -72.57305, 44.32256 ], [ -72.57332, 44.32226 ], [ -72.57271, 44.32114 ], [ -72.57277, 44.32051 ], [ -72.57291, 44.32019 ], [ -72.57318, 44.32022 ], [ -72.57327, 44.31986 ], [ -72.57361, 44.3197 ], [ -72.5742, 44.31888 ], [ -72.57411, 44.31821 ], [ -72.57386, 44.31813 ], [ -72.57318, 44.31713 ], [ -72.57268, 44.31677 ], [ -72.57212, 44.3168 ], [ -72.57169, 44.3163 ], [ -72.57183, 44.31601 ], [ -72.57275, 44.31548 ], [ -72.57275, 44.31523 ], [ -72.57211, 44.31466 ], [ -72.57225, 44.31415 ], [ -72.57276, 44.3139 ], [ -72.57255, 44.31352 ], [ -72.57241, 44.31239 ], [ -72.57311, 44.31189 ], [ -72.57342, 44.31129 ] ] } }
]
}
